Price,Close,High,Low,Open,Volume
Ticker,SPY,SPY,SPY,SPY,SPY
Date,,,,,
2016-08-19,186.1552734375,186.3341599500134,185.47383319350868,185.95936001723447,75443000
2016-08-22,186.14675903320312,186.37675226307763,185.5504923239354,185.91676580332864,61368800
2016-08-23,186.5215606689453,187.05820721101114,186.46192749865375,186.76006735483244,53399200
2016-08-24,185.56748962402344,186.47040943327224,185.15009652454734,186.37670947206888,71728900
2016-08-25,185.43975830078125,185.85715150928922,185.03089154401502,185.1842117036874,69224800
2016-08-26,185.09051513671875,186.64933511037958,184.20463498108924,185.62716170076396,122506300
2016-08-29,186.00193786621094,186.26599788851843,185.18419144450021,185.21827125245898,70502200
2016-08-30,185.6952667236328,186.19783336276384,185.14159337511722,185.9167334635116,58114500
2016-08-31,185.1671600341797,185.48232676312082,184.3920068924529,185.3630734334427,85269500
2016-09-01,185.1756591796875,185.46527252972356,184.0171927819061,185.15861927743916,97844200
2016-09-02,186.0104217529297,186.43632830124716,185.43970853790063,186.02746165420058,79293900
2016-09-06,186.5726318359375,186.64929189944218,185.57601201746544,186.29153193878327,56702100
2016-09-07,186.5556182861328,186.7345047905499,185.95083814731663,186.41081159095657,76554900
2016-09-08,186.12966918945312,186.49595556821146,185.82301596444177,186.2233691470298,74102900
2016-09-09,181.6747283935547,184.86902807179513,181.64917503593986,184.81792135656548,221589100
2016-09-12,184.28126525878906,184.68161850409962,180.8484590897426,180.91660570571437,168110900
2016-09-13,181.63214111328125,183.26762104268442,181.01032106144442,183.00356100687588,182828800
2016-09-14,181.56396484375,182.88427780483661,181.0102915040864,181.6832181629531,134185500
2016-09-15,183.37835693359375,183.76167029972945,181.2232704331191,181.40215693605646,134427900
2016-09-16,182.6695098876953,182.94347334278845,181.98462737655555,182.76368319247152,155236400
2016-09-19,182.70375061035156,183.96224239525162,182.37842229326847,183.32015528309017,80250500
2016-09-20,182.7123260498047,183.7139804812361,182.67808714811602,183.55988582869148,69665300
2016-09-21,184.7670135498047,184.94679064511112,182.7294527143507,183.4143483203543,110284400
2016-09-22,185.9312744140625,186.23092025195749,185.52891189540338,185.77717979797526,76678700
2016-09-23,184.9125518798828,185.67449481300912,184.81837857069652,185.53751307904778,73630900
2016-09-26,183.41436767578125,184.26191448397475,183.21745151384062,184.0821373696967,89827300
2016-09-27,184.5529327392578,184.6470929586741,182.88349608546716,183.25163275907568,78494800
2016-09-28,185.468994140625,185.623101833831,183.81669631342595,184.77554217943597,87411000
2016-09-29,183.7909698486328,185.66586590978932,183.24305615132027,185.26349035952774,128070600
2016-09-30,185.17791748046875,185.87992589879707,184.37316624574723,184.62143417016583,117202900
2016-10-03,184.73268127441406,184.95526669769765,184.09915082820336,184.76693322463706,83512100
2016-10-04,183.7909698486328,185.06658734449323,183.20026080352932,184.844001895467,119948100
2016-10-05,184.6042938232422,185.0323518152725,184.34745641536537,184.4159472616854,72816000
2016-10-06,184.73268127441406,184.95526669769765,183.84232651798825,184.38167063273147,62927400
2016-10-07,184.09921264648438,185.17792736477304,183.37152175103935,185.00670674603865,89788300
2016-10-10,185.0580291748047,185.52032604567063,184.91249102910072,185.0580291748047,51855000
2016-10-11,182.7208251953125,184.69846405905517,181.99313445883374,184.62997321386428,130367400
2016-10-12,182.96055603027344,183.48278731258375,182.36126437989276,182.85781322727746,73866100
2016-10-13,182.36129760742188,182.85784654528132,180.8202989779291,181.63360671311602,101357000
2016-10-14,182.45542907714844,183.79953740371388,182.3783817759969,183.33722747021903,93346200
2016-10-17,181.8218994140625,182.6865717721407,181.6421093268266,182.42973438892884,58275700
2016-10-18,182.96055603027344,183.47421779207957,182.5838629003062,183.41429646501757,76869700
2016-10-19,183.4485321044922,183.75673438142863,182.86637950544184,183.2259466513188,66519200
2016-10-20,183.1060791015625,183.66254923017698,182.4468661784142,183.09750958176414,73639800
2016-10-21,183.1917266845703,183.27734352328338,182.14726395608955,183.10612290915276,89089100
2016-10-24,183.9707489013672,184.3388855386287,183.61973824016934,184.06492217477899,60146600
2016-10-25,183.35435485839844,184.04780670068533,183.19169073474242,183.79096929824388,66542300
2016-10-26,182.98626708984375,183.56841979028252,182.29280204849215,182.53252658412072,75705500
2016-10-27,182.49819946289062,183.73956473264667,182.4211521777925,183.7053258492553,77220200
2016-10-28,181.9589080810547,183.14890892401726,181.24834322181863,182.47258296054287,140623200
2016-10-31,181.96746826171875,182.51538200884306,181.80480412278754,182.292783476287,61272500
2016-11-01,180.6490478515625,182.34416708158656,179.44193411679908,182.2927891440418,122781800
2016-11-02,179.56175231933594,180.72607045776593,179.12512485286732,180.34080785481316,103330800
2016-11-03,178.73989868164062,179.989833798208,178.4659483526424,179.77580479671514,88939300
2016-11-04,178.54298400878906,179.69017624675064,178.39744586486492,178.85118627336155,109122100
2016-11-07,182.48110961914062,182.51536157260367,178.54298408491587,178.54298408491587,109794900
2016-11-08,183.30299377441406,183.86803345879056,181.82191678048162,182.08731064527544,106772100
2016-11-09,185.24642944335938,185.86283415876895,181.78771264430597,181.81339508550664,258429000
2016-11-10,185.7086944580078,186.8986952607369,184.2532997663908,186.03402274157074,172113300
2016-11-11,185.28067016601562,185.52038166177718,184.33895016503715,184.98959378734756,100552700
2016-11-14,185.42616271972656,186.00832839708144,184.68134597429705,185.80285585272793,94580000
2016-11-15,186.8730010986328,186.8730010986328,185.6059530650747,185.81141254639604,91652600
2016-11-16,186.52200317382812,186.7531581694383,186.1367535566741,186.25660928341745,65617700
2016-11-17,187.48086547851562,187.54078681133552,186.56481500049895,186.67611427140054,69797200
2016-11-18,187.0613555908203,187.720568602341,186.88156547375317,187.54934800622104,86265800
2016-11-21,188.4739227294922,188.49960516314167,187.48939460414826,187.63493274925955,72402600
2016-11-22,188.84205627441406,189.0218333070001,188.11435249754751,188.78212188802365,67429000
2016-11-23,188.94479370117188,188.9961585697166,188.13148613486294,188.3283891520488,56620200
2016-11-25,189.64678955078125,189.68102843743884,189.21016210032596,189.28722245606542,37872300
2016-11-28,188.75648498535156,189.61260113485753,188.65375522766547,189.3386507599294,76572500
2016-11-29,189.1245880126953,189.5783284459944,188.49105747219588,188.79070329643193,69886700
2016-11-30,188.67086791992188,189.90367717850862,188.61093352329578,189.74101303143192,113291800
2016-12-01,187.97740173339844,188.97048639352258,187.6178215074796,188.97048639352258,79040500
2016-12-02,188.07156372070312,188.55955612953525,187.71199655470292,188.06300726316525,74840300
2016-12-05,189.20164489746094,189.5440860882473,188.70509602651484,188.9019990580523,67837800
2016-12-06,189.80093383789062,189.83518579680896,188.91057885543555,189.39000177393402,59877400
2016-12-07,192.28367614746094,192.34359747994642,189.52698133405676,189.6468370623224,110738100
2016-12-08,192.75454711914062,193.22541361716267,191.9926042635398,192.25801124482192,99714400
2016-12-09,193.9187469482422,193.93587291858924,192.9427756510652,192.97702759175934,88005800
2016-12-12,193.69622802734375,194.3040760819301,193.276726521317,193.82464019077423,102016100
2016-12-13,194.989013671875,195.48556261678567,194.33837008714514,194.35549606822372,110477500
2016-12-14,193.3795166015625,195.3913816792487,192.94288901254768,194.68937324201593,142501800
2016-12-15,194.17567443847656,195.0317904674374,193.3880492594279,193.6192042449696,124972600
2016-12-16,193.7958984375,194.69151431182837,193.47727268966827,194.63122666208193,156420200
2016-12-19,194.2178955078125,194.63986968501598,193.830375174617,193.97677116092234,90341100
2016-12-20,194.96705627441406,195.11346536640215,194.51926153049286,194.75176579127523,89838800
2016-12-21,194.42457580566406,195.01015974080977,194.42457580566406,194.83792994460757,67909000
2016-12-22,194.08872985839844,194.39874875846775,193.69258948708537,194.27818658290144,56219100
2016-12-23,194.37286376953125,194.38147065827292,193.9422828072615,194.13172634159508,36697800
2016-12-27,194.85513305664062,195.25126022547312,194.62261563301922,194.63984255262181,42672500
2016-12-28,193.24472045898438,195.1306670770991,193.13277835007074,195.11345330052006,64095000
2016-12-29,193.20172119140625,193.66674294079067,192.7625201133474,193.31366332831337,48696100
2016-12-30,192.49551391601562,193.6150269876709,191.80658178420566,193.52890554358686,108998300
2017-01-03,193.96815490722656,194.476237389342,192.79697393302524,193.79591197608372,91366500
2017-01-04,195.12208557128906,195.26848153297962,194.2867573884805,194.29536427788966,78744400
2017-01-05,194.96705627441406,195.12207225522394,194.17478887329776,194.8551141585779,78379000
2017-01-06,195.6646270751953,196.12964878124782,194.53649379847863,195.07903007244784,71559900
2017-01-09,195.01881408691406,195.54412359895238,194.9843602374365,195.40633448162907,46939700
2017-01-10,195.01881408691406,195.8713563272284,194.63128055190558,195.03602787135938,63771900
2017-01-11,195.56993103027344,195.56993103027344,194.2695677639523,194.93266630385088,74650000
2017-01-12,195.07904052734375,195.26849723189008,193.7270229252161,195.05320671675017,72113200
2017-01-13,195.52688598632812,195.82828488116763,195.21686705944367,195.25130776674516,62717900
2017-01-17,194.8379364013672,195.29435128955922,194.45041606199737,194.88960402791093,61240800
2017-01-18,195.2685089111328,195.31156964479436,194.53651585975967,195.08765908587074,54793300
2017-01-19,194.54510498046875,195.4837683798126,194.114523992848,195.3459793101046,66608800
2017-01-20,195.25987243652344,195.7507279330802,194.59677403141717,195.22541859869793,129168600
2017-01-23,194.7517852783203,195.32015536434764,193.9939716372401,195.25988085598757,75061600
2017-01-24,196.00051879882812,196.41387296884554,194.85517151455983,194.96711366334637,95555300
2017-01-25,197.69700622558594,197.69700622558594,196.78416328499497,196.94778620019798,84437700
2017-01-26,197.49026489257812,197.81751062740526,197.21468677055776,197.55053939409,59970700
2017-01-27,197.18026733398438,197.71418357760163,196.99941752937463,197.56778761210302,59711100
2017-01-30,195.95741271972656,196.51716275501758,194.97568858040952,196.49132894663734,79737300
2017-01-31,195.94015502929688,196.00044266624235,194.89815654749623,195.46651338289337,75880800
2017-02-01,196.01773071289062,196.85305907660958,195.43214673930603,195.94022927055596,79117700
2017-02-02,196.1468963623047,196.43108143382898,195.32879499049955,196.01771416236227,69657600
2017-02-03,197.49888610839844,197.67973590662965,196.74107249844477,197.05109133806323,80563200
2017-02-06,197.14584350585938,197.49031624796152,196.809990794992,197.09417587961693,57790100
2017-02-07,197.15443420410156,197.77447190734355,196.96497750920597,197.53334759389273,57931200
2017-02-08,197.4127960205078,197.54196507382068,196.61190846909716,197.1544447735918,51566200
2017-02-09,198.583984375,198.8853832240936,197.4128034001183,197.4128034001183,65955200
2017-02-10,199.36761474609375,199.59152528133336,198.60118107303498,198.92842684589928,66015900
2017-02-13,200.4526824951172,200.7110337232728,199.8326448036595,199.8584786124461,55182100
2017-02-14,201.2535858154297,201.26220584645884,199.92740192577156,200.27186151936579,71109000
2017-02-15,202.30421447753906,202.49367120529897,200.98663741466746,201.03830504218527,86785800
2017-02-16,202.13194274902344,202.51085612595435,201.38273602482136,202.33000632685946,84722400
2017-02-17,202.45057678222656,202.45057678222656,201.45162568212956,201.4688526018663,77204100
2017-02-21,203.6562042236328,203.82843399397925,202.81225601044366,202.82087604014896,88946100
2017-02-22,203.47537231445312,203.69926972156108,203.08785201202807,203.25147490734517,62115200
2017-02-23,203.61317443847656,204.00930165644274,202.8553475654405,203.9920878749946,74615900
2017-02-24,203.8714599609375,203.9145075409675,202.7261131299995,202.76917385031643,82381600
2017-02-27,204.19012451171875,204.36235428548795,203.53564611528,203.78537731620193,56515400
2017-02-28,203.63900756835938,204.05236170667933,203.2514872424162,203.81123736430177,96961900
2017-03-01,206.48947143554688,206.9545063824952,205.2752295788725,205.29245650216862,149158200
2017-03-02,205.18914794921875,206.30866158391254,205.13748031289802,206.30004155099638,70246000
2017-03-03,205.3183135986328,205.48193653776863,204.72410951031603,205.10302302404233,81974300
2017-03-06,204.7068634033203,205.05992990327823,204.1040393774143,204.52601356749014,55391500
2017-03-07,204.09539794921875,204.75849638133062,203.8887143347153,204.40541680082913,65103700
2017-03-08,203.71652221679688,204.64657894355068,203.57873311499068,204.38822766273705,78168800
2017-03-09,203.97482299804688,204.30206874874492,203.01032580477525,203.83703393035415,90683900
2017-03-10,204.68959045410156,204.97377548062298,203.7423070323635,204.93071475412785,81991700
2017-03-13,204.79295349121094,204.83601422355267,204.30209793532902,204.62933059248675,57256800
2017-03-14,204.00924682617188,204.3020518558803,203.39782924181011,204.25037110455224,59880800
2017-03-15,205.7747039794922,206.1966781857777,204.34517158134187,204.57768905340063,96081800
2017-03-16,205.36993408203125,205.98997184571738,205.0427014191847,205.91247041032932,78344000
2017-03-17,205.0092315673828,205.82224755344623,205.0092315673828,205.63196665468863,89002100
2017-03-20,204.78436279296875,205.29465557467637,204.3951566577249,205.00923422284296,52537000
2017-03-21,202.15504455566406,205.51089350230714,202.0253135695641,205.38980684946205,131809300
2017-03-22,202.6307830810547,202.91620449898713,201.56694921236672,202.18968445195426,97569200
2017-03-23,202.41455078125,203.54757889187846,202.04264643239952,202.63077792289533,100410300
2017-03-24,202.26748657226562,203.2880721879376,201.4890742619211,202.71724265249742,112504900
2017-03-27,202.05990600585938,202.31938117796201,200.32144478844586,200.59820862722134,87454500
2017-03-28,203.53024291992188,203.95403957267877,201.64473582031033,201.75717813101937,93483900
2017-03-29,203.72055053710938,203.95407953685887,203.01997673531778,203.24486140080134,61950400
2017-03-30,204.3692626953125,204.56820119048092,203.4870653589699,203.66004445251986,56737900
2017-03-31,203.89358520507812,204.5595554133915,203.84167959631716,204.03196056939515,73733100
2017-04-03,203.53887939453125,204.14431258756326,202.31071114653665,203.94538736645,85546500
2017-04-04,203.66864013671875,203.75513626156143,202.872925938498,203.25348777187656,56466200
2017-04-05,203.06321716308594,205.32062888253068,202.85563437139967,204.34327805151034,108800600
2017-04-06,203.63406372070312,204.15300091336346,202.76049767058808,203.2016094614245,69135800
2017-04-07,203.42654418945312,204.11847385897568,202.94219738002553,203.38329611058407,74412300
2017-04-10,203.54754638671875,204.34326055720862,203.0199517174591,203.56484825057547,67615300
2017-04-11,203.30538940429688,203.4091742008586,201.8177457321159,203.16700087724368,88045300
2017-04-12,202.41455078125,203.21892261084852,202.18967930502347,203.02864167040403,81864400
2017-04-13,201.09988403320312,202.8124124799033,201.09988403320312,202.07723492675308,92880400
2017-04-17,202.88160705566406,202.88160705566406,201.4199094790997,201.6188347524172,68405400
2017-04-18,202.27615356445312,202.81240582699647,201.59288163305118,202.14642256401504,83225800
2017-04-19,201.9042510986328,203.2102582391283,201.67936643251812,202.83835390279546,68699900
2017-04-20,203.54754638671875,203.98865813160546,202.1982913499118,202.51830324525685,92572200
2017-04-21,202.89886474609375,203.52159986940245,202.5010142602025,203.46970747536926,110389800
2017-04-24,205.13037109375,205.33795390885047,202.87295911968172,205.1390154286658,119209900
2017-04-25,206.32386779785156,206.66982582242673,205.68383093518952,205.77032704005964,76698300
2017-04-26,206.19415283203125,207.17150352612882,206.150917970928,206.28929328187664,84702500
2017-04-27,206.3671875,206.66989757723962,205.83093521903572,206.5142203713662,57410300
2017-04-28,205.91741943359375,206.65258374786688,205.7876752387527,206.62663754838997,63532800
2017-05-01,206.43634033203125,206.86015021914145,206.02118797570128,206.43634033203125,66882500
2017-05-02,206.5142364501953,206.6958598711885,206.1077283399328,206.5747731913736,57375700
2017-05-03,206.2633819580078,206.60935328750722,205.588754362305,206.51421282157696,73137700
2017-05-04,206.50550842285156,206.6438969232436,205.6579019534944,206.56605834081824,61462700
2017-05-05,207.3185577392578,207.33585960395547,206.4363474040606,206.87745917038717,62001300
2017-05-08,207.28396606445312,207.50883751445906,206.8601561651609,207.3618046589795,48385700
2017-05-09,207.09365844726562,207.7423397129345,206.74768718710308,207.54341448674987,51363200
2017-05-10,207.46560668945312,207.46560668945312,206.842871486589,207.05045428669604,54293800
2017-05-11,207.0418243408203,207.20615908597674,205.96068859369421,207.0158781386859,62358300
2017-05-12,206.6958465576172,207.0850527749916,206.42772701225834,206.79098702830493,53912700
2017-05-15,207.83750915527344,207.95859581385963,207.10233167263556,207.11963353742098,61918900
2017-05-16,207.64718627929688,208.15747900898575,207.2579801837283,208.13153281577806,51241800
2017-05-17,203.96275329589844,207.64725919723645,203.90220335884877,207.64725919723645,172174100
2017-05-18,204.78436279296875,205.631969318215,203.62537552258183,203.88485067856263,107047700
2017-05-19,206.11631774902344,206.7823009092626,205.21681882402052,205.26871121619024,115011400
2017-05-22,207.16287231445312,207.32720702890853,206.55743904866105,206.62662010978983,61010600
2017-05-23,207.6212921142578,207.78562684405628,207.15423412457204,207.53479598358814,48341700
2017-05-24,208.1055908203125,208.20937559523668,207.51744630168366,207.85477321509447,46927700
2017-05-25,209.10028076171875,209.37705782517145,208.4083644980005,208.61593409813327,64071700
2017-05-26,209.05702209472656,209.22134361030675,208.83213745690742,208.90997604809624,46629900
2017-05-30,208.87542724609375,209.12624493362787,208.5813614889964,208.73703870247456,35201900
2017-05-31,208.82351684570312,209.20407870913107,208.13158738469383,209.16947497747938,91796000
2017-06-01,210.48410034179688,210.50140220439292,208.99645689744077,209.28187824173105,68962000
2017-06-02,211.1847381591797,211.34042857493054,210.24199092185276,210.5360566880442,88666100
2017-06-05,211.029052734375,211.29717228709103,210.8301142554598,211.0117508671959,44698800
2017-06-06,210.35443115234375,211.02040128717894,210.2765793465217,210.4668602986055,50375400
2017-06-07,210.74359130859375,210.9684627494031,210.02571572770137,210.69169891436508,54144300
2017-06-08,210.84735107421875,211.32305329395197,210.31975646641533,210.83870674202495,65950700
2017-06-09,210.52735900878906,211.91120454476018,209.26458692472863,211.11549039214944,132256400
2017-06-12,210.48410034179688,210.5359927321307,209.6364938389512,210.2851751130325,86108100
2017-06-13,211.51341247558594,211.56530488286464,210.6744500313574,211.0204082115211,60067000
2017-06-14,211.2452392578125,211.79012259331708,210.423565693046,211.78147826011883,78602300
2017-06-15,210.8387451171875,210.95983177720848,209.61922098575457,209.89598483832128,66464900
2017-06-16,210.88478088378906,211.04991698387204,210.00696819501678,210.99777153370127,84553100
2017-06-19,212.6404266357422,212.70125857570505,211.61485078809721,211.71045520387923,65123800
2017-06-20,211.2063446044922,212.29275231085583,211.1889716296956,212.28406582345752,56906400
2017-06-21,211.15423583984375,211.71047615166384,210.68491346435795,211.59749874860742,55977600
2017-06-22,211.0586700439453,211.65836943369348,210.8848474012777,211.1629742389999,44148100
2017-06-23,211.3107452392578,211.6410043147441,210.7371185255653,211.11953633469363,66986800
2017-06-26,211.4497528076172,212.39711064820162,211.2411709623493,211.97992043403343,56700500
2017-06-27,209.74624633789062,211.52795786080534,209.7288600990162,211.2324448471982,82247700
2017-06-28,211.6235809326172,211.82347628093936,210.52847323786168,210.76314106699724,70042600
2017-06-29,209.76364135742188,211.82346647947858,208.55555631046235,211.77132102248703,106949700
2017-06-30,210.1547393798828,210.9456474858864,209.96353053531456,210.57191628538862,86820700
2017-07-03,210.5111083984375,211.52798468158704,210.5111083984375,211.09342148732742,39153800
2017-07-05,210.997802734375,211.20638456590143,210.06783119610182,210.8761255787128,54427600
2017-07-06,209.06834411621094,210.35464738842117,208.88582174928314,210.23297023107446,65400800
2017-07-07,210.4241943359375,210.57194423329292,209.07704575652258,209.6419858765696,57972300
2017-07-10,210.65011596679688,211.02384713446918,210.1199484464805,210.42414792570648,36663300
2017-07-11,210.49371337890625,210.80659939619719,209.3290872496961,210.65014975664388,50354600
2017-07-12,212.0755157470703,212.24065187535012,211.45844346560077,211.45844346560077,59610400
2017-07-13,212.43190002441406,212.544890714518,211.8582733448653,212.08425472507315,39471600
2017-07-14,213.42262268066406,213.7789675973689,212.3362149554515,212.43181936574274,60262700
2017-07-17,213.39659118652344,213.72686344258008,213.2227685692678,213.3444457275283,33531900
2017-07-18,213.50958251953125,213.56172797868854,212.64914265798896,212.988101404327,42742500
2017-07-19,214.66549682617188,214.67418331440118,213.81374355439402,213.8224433044374,51034300
2017-07-20,214.7611541748047,215.03926774664197,214.213600259683,214.9175905723724,47135200
2017-07-21,214.56991577148438,214.59598850082523,213.96151672202305,214.18749805873117,82340800
2017-07-24,214.5177459716797,214.65679609178116,214.04841037316834,214.49165998348326,46622300
2017-07-25,215.03927612304688,215.36954843542247,214.81330800826342,215.26524423783036,54915600
2017-07-26,215.04788208007812,215.36076803204548,214.78715483828276,215.3260088204104,47575400
2017-07-27,214.84800720214844,215.54331085727668,213.5269315835862,215.50855164233664,70766600
2017-07-28,214.5960235595703,214.7263872275722,213.91810596232506,214.37004218594342,50088400
2017-07-31,214.47434997558594,215.09142236355726,214.2657548414703,214.99581791814816,65838700
2017-08-01,214.9523468017578,215.10878318749505,214.430865659001,215.07402396682556,55050400
2017-08-02,215.05657958984375,215.19564295856176,214.12660823108152,215.0826523137518,47211200
2017-08-03,214.63943481445312,214.9696937872359,214.36130803546263,214.9436210594324,40856000
2017-08-04,215.03057861328125,215.36083764691514,214.6481608526152,215.12618305344776,60191800
2017-08-07,215.4303436279297,215.4303436279297,214.9957804539439,215.1000846337351,31995000
2017-08-08,214.90017700195312,216.33424343971365,214.52645903629823,215.11745858993362,61719400
2017-08-09,214.89149475097656,214.94364021122985,213.85723224990033,214.21357724405223,62632600
2017-08-10,211.85826110839844,214.18752691726706,211.8061156426909,214.05714999118095,120479500
2017-08-11,212.17108154296875,212.76209424910257,211.8495090960186,212.08417688094036,74869900
2017-08-14,214.27442932128906,214.491710933965,213.4140026226554,213.448761845484,73291900
2017-08-15,214.24832153320312,214.6741981986198,213.94413528231837,214.65681195914163,55242700
2017-08-16,214.6221160888672,215.16967006861424,214.1962392977507,214.76986601350296,56715500
2017-08-17,211.2759246826172,214.32656670840692,211.2759246826172,214.013680686834,128490400
2017-08-18,210.94569396972656,212.23199744787698,210.50243097699823,211.11081686113576,136748000
2017-08-21,211.11077880859375,211.37151935817374,210.18082053799722,210.88481073859253,65469700
2017-08-22,213.31838989257812,213.47482628195309,211.6757414950578,211.693127736705,63140100
2017-08-23,212.5535430908203,212.97941978670568,212.205897847276,212.35364773887312,50203800
2017-08-24,212.05816650390625,213.09241583554956,211.84957138244476,212.93597944081628,50741700
2017-08-25,212.5535430908203,213.46612843239413,212.40579319922318,212.8490428740146,64445900
2017-08-28,212.56222534179688,213.10976589220928,212.1450351697119,213.08369316418083,40565600
2017-08-29,212.80557250976562,213.06629978130863,211.13683840100393,211.24982905988216,51135700
2017-08-30,213.81378173828125,214.08322206327634,212.60569656795954,212.7882189478831,62030800
2017-08-31,215.1000213623047,215.34337560720908,213.84847766747532,214.4307905579117,103803900
2017-09-01,215.40426635742188,215.8301430332035,215.25651647279935,215.47379805521166,62007000
2017-09-05,213.8572540283203,215.1261844915753,212.8925231299425,214.90020312504348,91398800
2017-09-06,214.58729553222656,214.91756779673688,214.00498245551665,214.5351500718967,57916900
2017-09-07,214.5612030029297,214.90886147607426,214.15271258561899,214.89147523696337,58034700
2017-09-08,214.3091278076172,214.76976360649286,214.06577354639276,214.27435533497794,63832800
2017-09-11,216.59494018554688,216.67315835856238,215.56067791407645,215.57805088909348,71364800
2017-09-12,217.3250274658203,217.3597866815819,216.7774736694203,216.95999602215846,56896000
2017-09-13,217.42938232421875,217.46415481202195,216.92528734561955,217.03827803825234,59228000
2017-09-14,217.35975646972656,217.55966503346653,216.93389314222105,217.10771572049754,95446300
2017-09-15,217.65237426757812,217.73971021423142,217.1108460843923,217.2156545514275,95432400
2017-09-18,218.11532592773438,218.46469641738005,217.7310103925462,218.01924704393736,46235200
2017-09-19,218.3336639404297,218.42101321790437,218.01049560350478,218.3598660581464,47108100
2017-09-20,218.41233825683594,218.52588968736106,217.41661749087802,218.42108118388109,59574100
2017-09-21,217.82708740234375,218.34241353480814,217.65240215902375,218.25507757696303,48211400
2017-09-22,217.87075805664062,218.03671369942697,217.5039150540953,217.53011717373215,51214000
2017-09-25,217.42535400390625,217.96689572024886,216.68293820126146,217.6175118181515,57064400
2017-09-26,217.55628967285156,218.09781784178938,217.3204573005993,217.85325587338986,54082000
2017-09-27,218.403564453125,218.78787999161077,217.37289884285593,218.25508132737005,81001400
2017-09-28,218.66563415527344,218.7442405296163,218.03675650526645,218.1240924786589,44778800
2017-09-29,219.43421936035156,219.51283905062218,218.4734438302756,218.65685867643668,85578000
2017-10-02,220.38626098632812,220.38626098632812,219.4866060401173,219.6613046021802,59023000
2017-10-03,220.85792541503906,220.8841275353606,220.30765423302748,220.3862739216219,66810200
2017-10-04,221.1199951171875,221.3645571641749,220.59592597213907,220.70947739668037,55953600
2017-10-05,222.43011474609375,222.44757394086622,221.15488716333428,221.45185340602157,63522800
2017-10-06,222.17681884765625,222.46505550467177,221.7226398677804,221.98466107631256,80646000
2017-10-09,221.80995178222656,222.46503138780173,221.54791727447073,222.40389755498163,35803100
2017-10-10,222.3951873779297,222.7707733374642,221.83618656529862,222.3777281817695,43057400
2017-10-11,222.74461364746094,222.74461364746094,222.13320847461802,222.29915083553502,47674300
2017-10-12,222.41268920898438,222.77953229114695,222.1768567534397,222.43016173507755,47065100
2017-10-13,222.68341064453125,222.96291769784074,222.41264651640637,222.84936629148,54800400
2017-10-16,222.98037719726562,223.17253496477068,222.56987286955564,222.91051376147277,38221700
2017-10-17,223.13758850097656,223.1812631411833,222.70959835115698,222.92795822456165,31561000
2017-10-18,223.35595703125,223.5568443908322,223.1637992689959,223.5131697489327,40888300
2017-10-19,223.4171142578125,223.45205930604234,222.15937240178653,222.5786196871285,61903800
2017-10-20,224.57000732421875,224.59623609713063,223.3996149711692,224.2119206013549,89176400
2017-10-23,223.69659423828125,224.9194309537116,223.61798787604818,224.89322883296725,63915300
2017-10-24,224.08970642089844,224.32552556412546,223.7315929147093,224.12465147535426,66935900
2017-10-25,222.98037719726562,223.87128927136814,221.85364604019503,223.75773786485246,103715300
2017-10-26,223.2686309814453,223.86256352467024,223.14634996797955,223.59181270302912,69798000
2017-10-27,225.09417724609375,225.25141667777294,223.27743407861487,224.0111203571315,85562500
2017-10-30,224.2556610107422,224.99809014650484,223.9586946874904,224.01109894128388,54285700
2017-10-31,224.60496520996094,224.85827013194742,224.307998974472,224.63116732911413,60304800
2017-11-01,224.9019317626953,225.7229670376646,224.5351020940333,225.38233948819274,54202700
2017-11-02,224.98928833007812,225.1290418553702,223.7664783028467,224.8320756098468,56449500
2017-11-03,225.74049377441406,225.78415509588623,224.73601682791988,225.1465345397593,59589700
2017-11-06,226.08987426757812,226.22088489302695,225.53960298542842,225.60946643391293,49652600
2017-11-07,225.9326171875,226.5265496765108,225.4260073281454,226.1946383869873,57502200
2017-11-08,226.31695556640625,226.41304779741046,225.47846088937456,225.75796800014018,50469600
2017-11-09,225.49594116210938,225.68809896409653,223.91499076764975,225.1116255581351,95085500
2017-11-10,225.42599487304688,225.60069343322567,224.79711737376437,225.11156945103457,59984700
2017-11-13,225.63565063476562,225.86275347101255,224.7098067481224,224.74475179722094,50228600
2017-11-14,225.1116180419922,225.2164265386195,224.05473683871833,224.83211094747693,61315200
2017-11-15,223.98486328125,224.66614513383567,223.27737930569037,224.14207601909382,80811500
2017-11-16,225.88894653320312,226.2558028958665,224.8844963178253,224.9281576360003,67777000
2017-11-17,225.2251434326172,225.8627639958813,225.14653705992936,225.53959557863226,75756800
2017-11-20,225.60940551757812,225.80156326810715,225.22509001652006,225.46967865833645,48075500
2017-11-21,227.08554077148438,227.26898226933415,225.57450740471495,226.3780568662347,69176800
2017-11-22,226.8846893310547,227.22531692979058,226.7187336670959,227.09430631489215,45033400
2017-11-24,227.40872192382812,227.5135570664607,227.23404999662972,227.3738035315452,27856500
2017-11-27,227.295166015625,227.74934495040995,227.09426533885556,227.4523787251362,52274900
2017-11-28,229.6010284423828,229.62723056018447,227.66199175928952,227.75808396140033,98971700
2017-11-29,229.46128845214844,230.264864537519,229.01585242326902,229.7320525704751,77512100
2017-11-30,231.47024536132812,232.37860338664402,230.29983945330548,230.37844582153883,127894400
2017-12-01,230.9897918701172,231.7322207413393,227.75808186488112,231.25183970097865,164390900
2017-12-04,230.71035766601562,233.03368363528838,230.65792676514644,232.60570674441112,94040600
2017-12-05,229.88058471679688,231.59251897552159,229.74957409972203,229.88058471679688,77994500
2017-12-06,229.9242401123047,230.35224365740348,229.4613181737277,229.97664435778418,75898600
2017-12-07,230.64920043945312,230.96362589938755,229.662209431446,230.64920043945312,77218600
2017-12-08,231.90695190429688,231.91566817453804,230.61425172727832,231.60124271960038,76563900
2017-12-11,232.60565185546875,232.6667990126684,231.8807088587994,232.60565185546875,83077500
2017-12-12,233.0162353515625,233.48790023937693,232.64066268870263,233.39180801442237,85195800
2017-12-13,232.99005126953125,233.69753532840642,232.90270196424402,233.2608154572358,102905400
2017-12-14,232.03797912597656,233.4005428387963,231.98557487973446,233.28699142018422,100666700
2017-12-15,233.97023010253906,234.43551820355714,232.9869817978599,233.03965390050294,144610300
2017-12-18,235.45388793945312,235.80504421757664,235.26074796775922,235.36609217204557,83653600
2017-12-19,234.5496826171875,235.74361949835358,234.47943527623028,235.6997350038883,82382900
2017-12-20,234.42674255371094,235.5680072245659,234.1282583596644,235.51533511923463,76751500
2017-12-21,234.90957641601562,235.6207034128294,234.66376433012604,235.05004429245363,67032300
2017-12-22,234.84811401367188,234.96224582342296,234.3125786274947,234.92712216084462,78720900
2017-12-26,234.5671844482422,234.78666045998,234.30382395075893,234.44426502174645,45244400
2017-12-27,234.68136596679688,235.04130991726413,234.40921779792106,234.73403807744953,57751000
2017-12-28,235.16416931152344,235.20808059186288,234.79546458911238,235.18174454026212,45116100
2017-12-29,234.27748107910156,235.76114118823554,234.08436789215662,235.7435927507426,96007400
2018-01-02,235.95420837402344,235.98933202968112,234.75148438486625,235.13776422260278,86655700
2018-01-03,237.44674682617188,237.59600232641256,236.12110292886277,236.12110292886277,90070400
2018-01-04,238.4475555419922,238.93041894439426,237.50821837550382,238.08763838347974,80636400
2018-01-05,240.0364990234375,240.15939163934033,238.74597920320122,239.23760324981492,83524000
2018-01-08,240.4755096435547,240.63352595605033,239.65027762295614,239.93997419586478,57319200
2018-01-09,241.01979064941406,241.64309503689753,240.6159354877151,240.89687121980845,57254000
2018-01-10,240.65110778808594,240.91449513696924,239.5976387670871,240.26482777626626,69574300
2018-01-11,242.4069366455078,242.4069366455078,241.03740804909924,241.20421201328483,62361500
2018-01-12,243.98712158203125,244.1538987144319,242.3717544461334,242.67026541950014,90816100
2018-01-16,243.15306091308594,245.89211698209863,242.45950928295045,245.242476624872,106555100
2018-01-17,245.47076416015625,245.85704412576092,243.1531111580364,244.08368740476362,113258800
2018-01-18,245.05813598632812,245.777996906449,244.56648509700818,245.35662013203756,100728000
2018-01-19,246.17312622070312,246.1731262207031,245.05819750318747,245.63759071344802,140920100
2018-01-22,248.17471313476562,248.17471313476562,245.90970554473782,245.9624044391286,91322400
2018-01-23,248.70144653320312,248.9911430822644,247.8937630166444,248.21858322942705,97084700
2018-01-24,248.6049041748047,249.9393357013387,247.42851576534068,249.3423404855951,134816100
2018-01-25,248.71023559570312,249.56180369497707,247.92012721704376,249.46524709816148,84587300
2018-01-26,251.5896453857422,251.63355664822703,249.28954184281957,249.5441414324435,107743100
2018-01-29,249.92172241210938,251.45805452351033,249.7637061106124,251.01910249168148,90118300
2018-01-30,247.3582000732422,249.97433642849208,246.88412448740175,248.09563610038308,131796400
2018-01-31,247.481201171875,248.7102617559007,246.41015692190018,248.20987669807295,108364800
2018-02-01,247.2003173828125,248.49962558295857,246.41020875484568,246.7526043421576,90102500
2018-02-02,241.8187713623047,246.01515321272228,241.78364768560024,245.88344612295938,173174800
2018-02-05,231.7052459716797,242.1698756837403,231.1609496616137,240.06291099027115,294681800
2018-02-06,236.27037048339844,236.77078232610643,227.11383576435438,228.2024284398502,355026800
2018-02-07,234.9886474609375,239.10599383417136,234.90961250020038,235.7172962159094,167376100
2018-02-08,226.17446899414062,235.4275869953834,226.13934532363862,235.28711910488605,246449500
2018-02-09,229.5719451904297,231.42431016741446,222.0395256489663,228.95740154214974,283565300
2018-02-12,232.9430694580078,234.409181085586,229.71238881690365,231.61742570067418,143736000
2018-02-13,233.52249145507812,234.06678771243006,231.16092727411035,231.74034719721283,81223600
2018-02-14,236.6742401123047,237.03418412540293,232.0301184105937,232.0389060277352,120735700
2018-02-15,239.6941680908203,239.7029557055696,235.95428785276758,238.4124355383196,111200300
2018-02-16,239.76437377929688,241.70456111309323,239.02693755677285,239.07084883629025,160420100
2018-02-20,238.26321411132812,240.25607395574437,237.47310562466865,238.81629808944345,86369700
2018-02-21,237.07798767089844,241.17781154014494,236.98143108137657,238.70211558804763,98883700
2018-02-22,237.38523864746094,239.71167891273728,236.71804981892203,237.99978217029056,110511300
2018-02-23,241.1690673828125,241.1690673828125,238.1315262000043,238.60560199341734,92766400
2018-02-26,243.96957397460938,244.0661573690469,241.65192079774243,242.24010161368724,86491400
2018-02-27,240.92324829101562,244.86505645092993,240.8617885657484,244.15392938564298,99099200
2018-02-28,238.4826202392578,242.46831196768898,238.1665876538822,242.0205723469025,121907800
2018-03-01,235.01490783691406,239.81704371338597,233.5224603436801,238.27192412429704,176855100
2018-03-02,236.22640991210938,236.78828136385687,232.48655687849873,233.34688570066712,139083200
2018-03-05,238.95677185058594,239.5713155727941,234.93595518210756,235.0413262022246,97307400
2018-03-06,239.56253051757812,240.01027028544524,238.0700824856966,239.93123532163432,79213200
2018-03-07,239.47467041015625,239.82582667878052,237.20968970474965,237.4028296712189,87063500
2018-03-08,240.63352966308594,240.75642231086204,239.15865714072376,240.15066631212258,66901200
2018-03-09,244.82115173339844,244.82115173339847,241.72215083012168,242.03821028889664,113625300
2018-03-12,244.51382446289062,245.73412394284,244.1275445405689,245.11081957380026,71924800
2018-03-13,242.93362426757812,246.17309254848522,242.32786829365196,245.67268078019714,91968900
2018-03-14,241.68698120117188,244.07488135752644,241.13392413862624,243.89052900334457,105895100
2018-03-15,241.42372131347656,242.83713460378348,240.92330935206263,242.19628150832244,83433000
2018-03-16,241.68544006347656,242.73433229879393,241.63255700109175,241.9498553754007,100343700
2018-03-19,238.41534423828125,241.86170049075108,236.7670927477109,240.93622002883185,109208400
2018-03-20,238.82080078125,239.45542436621005,238.14209004943496,238.81197797211732,59757300
2018-03-21,238.3623809814453,240.8656103103378,238.1508488096181,238.77664941714096,78709600
2018-03-22,232.40408325195312,236.98745229628895,232.13081823448522,236.14129640944108,148785900
2018-03-23,227.45053100585938,233.1709678828225,227.25661743547388,232.84484662781438,183534800
2018-03-26,233.6732940673828,233.95535498438946,228.64921511489823,231.04667911183574,141956100
2018-03-27,229.69808959960938,235.13643669911855,228.14678157438954,234.60760614398222,129941400
2018-03-28,229.01939392089844,231.496209377788,227.91761869403678,229.8303123233447,146452300
2018-03-29,231.9457550048828,233.80556589293712,229.02825585763088,230.15647280673,111601600
2018-04-02,226.93922424316406,231.9280650176336,224.47124538181424,231.41682631878385,186286300
2018-04-03,229.84796142578125,230.32393591836862,226.38398611035794,228.1732682393446,119956900
2018-04-04,232.30709838867188,233.01222376677336,226.17242152300034,226.30462916904324,123715300
2018-04-05,234.14048767089844,235.02190791920242,232.97700648742247,234.06113617759715,82652600
2018-04-06,228.92250061035156,233.6733424388094,227.4064564911248,232.18376675366508,179521200
2018-04-09,230.0507049560547,233.4353557781252,229.11640156292754,230.3768261726803,105442900
2018-04-10,233.70860290527344,234.49307993653733,231.79593578879246,232.93294868522386,103529000
2018-04-11,232.48338317871094,234.14045733463442,232.15726203290197,232.22776380815478,91140200
2018-04-12,234.3961181640625,235.3392444383138,233.62928672756837,233.80558156532558,68890500
2018-04-13,233.70860290527344,235.81521047558147,232.70379768298352,235.70062152505398,85079200
2018-04-16,235.6300506591797,236.39690882957498,234.51947949635002,235.33919382812687,63405300
2018-04-17,238.1509246826172,238.75028395961277,236.88167744967973,237.3928893273972,64682000
2018-04-18,238.3272247314453,239.12929345575915,237.86886900462565,238.5916400362949,57303900
2018-04-19,237.00506591796875,237.87766321788325,235.97379255540952,237.67492690933037,77655900
2018-04-20,234.9954833984375,237.15497416981347,234.11406298543773,236.93461906656353,99953100
2018-04-23,234.9602508544922,236.1237322796586,233.88491685222934,235.56843310406478,65558000
2018-04-24,231.79591369628906,236.20301507306138,230.29748846866164,235.98266000422277,112885500
2018-04-25,232.36880493164062,232.8095150189369,229.91845792222574,231.73418132998165,103840900
2018-04-26,234.73098754882812,235.55952460486205,232.95052860863134,233.3912386640193,67731900
2018-04-27,234.95138549804688,235.6388922340953,234.01708216184804,235.33921256954207,57053600
2018-04-30,233.14453125,236.12373666730835,233.07400255083985,235.56843748139593,82182300
2018-05-01,233.5587921142578,233.66455826063844,231.02909291884416,232.58040146260402,74203400
2018-05-02,231.98980712890625,234.17571200711808,231.60198008945386,233.36482048739748,86368900
2018-05-03,231.47857666015625,232.1308190231915,228.3318999811481,231.1612782885642,136311500
2018-05-04,234.47543334960938,235.15414423876828,230.18292052098005,230.50904174879244,91222100
2018-05-07,235.26864624023438,236.23818675417897,234.55467126904276,235.2422047152869,55304900
2018-05-08,235.26864624023438,235.63000478158196,233.70851557191827,234.89843799216482,67499200
2018-05-09,237.54273986816406,237.86886103281918,235.41851399436158,235.9385486756778,59666100
2018-05-10,239.76382446289062,240.08997241129103,238.17727944907173,238.28304553015303,72063900
2018-05-11,240.49551391601562,240.75992922415082,239.3760930143519,239.88733180849408,59871500
2018-05-14,240.61007690429688,241.579617528788,240.06357382839562,240.92737523984502,54790600
2018-05-15,238.95303344726562,239.40253948036187,238.00990733079024,239.38492075905984,87036100
2018-05-16,239.95785522460938,240.41621099844787,238.96184597615334,238.98831440816372,53942600
2018-05-17,239.75515747070312,240.83049137123183,238.97950326064117,239.69345159062675,56536400
2018-05-18,239.15579223632812,239.77279729375869,238.80322944586064,239.41141169141412,64368000
2018-05-21,240.95387268066406,241.49155307240963,240.24874717217347,240.6365742714875,58025900
2018-05-22,240.28392028808594,241.7294621619401,239.95779915524992,241.47384280155237,52966400
2018-05-23,240.9449920654297,240.97146049199173,238.8560306763974,239.0147067417322,64694200
2018-05-24,240.45144653320312,240.8216548938382,238.67098721482813,240.5484167533651,76043800
2018-05-25,239.87847900390625,240.5042797541157,239.37606308246154,239.87847900390625,56374800
2018-05-29,237.11968994140625,239.01476518952487,236.00911860533242,238.2567297105146,115908600
2018-05-30,240.28392028808594,240.72463033760636,238.3536350180888,238.4241367905371,69678400
2018-05-31,238.81204223632812,240.17823307911553,238.21268282780306,239.878553374853,93519900
2018-06-01,241.15655517578125,241.45623479489305,240.03713438510212,240.10766305948604,71258400
2018-06-04,242.30242919921875,242.55804861167155,241.73833420831608,241.97630799995767,45385200
2018-06-05,242.47865295410156,242.85765710710157,241.66773469998571,242.4345658138058,51135000
2018-06-06,244.5059356689453,244.61170177943262,242.4698573456426,243.0868621885617,62732200
2018-06-07,244.47950744628906,245.28160302621228,243.57164575012257,244.9907462065433,72969400
2018-06-08,245.20228576660156,245.25516882630356,243.85371394658182,244.0211859352413,72139700
2018-06-11,245.52841186523438,246.24236008435872,245.30805681244757,245.42264574370634,58892500
2018-06-12,245.8457489013672,246.20710753428884,245.2023024328456,245.94269221780678,72329000
2018-06-13,245.06126403808594,246.33933412363743,244.85852770279948,246.083714726765,79070600
2018-06-14,245.67822265625,246.20705317244978,245.0876593814196,245.92501919674507,77097600
2018-06-15,245.36477661132812,245.70122452941598,243.7888050631181,244.8955274149394,120041600
2018-06-18,244.86016845703125,244.98413436209893,243.43472266632747,243.91280739262805,52917600
2018-06-19,243.9216766357422,244.1430211698944,242.17748062583885,242.59360943082888,97531500
2018-06-20,244.33778381347656,245.0018173571571,244.00133582821002,244.60338642311115,53785500
2018-06-21,242.8060760498047,244.34665228256307,242.31026648649697,244.32892742841975,71061400
2018-06-22,243.24876403808594,244.17842722996417,243.02741951900938,244.06332375690923,54898500
2018-06-25,239.9374237060547,242.2571096047278,238.25521101018867,242.09774805892368,137854200
2018-06-26,240.46873474121094,241.3186902838372,239.7515805303076,240.50415743620357,68547400
2018-06-27,238.47662353515625,242.47852327145034,238.32609735255744,241.05307733908927,105110700
2018-06-28,239.840087890625,240.60150009170255,237.7151588224368,238.42347751836468,76650500
2018-06-29,240.18539428710938,242.29259870231078,240.070290799281,240.9291087243102,97592500
2018-07-02,240.6988525390625,240.85824111556073,238.3791664787934,238.61823583374448,63554800
2018-07-03,239.8489227294922,241.69052431494146,239.42395853253888,241.59311867340935,42187100
2018-07-05,241.80564880371094,241.86763176794398,239.9020909078171,240.97341807949942,56925900
2018-07-06,243.85089111328125,244.22273484975983,241.45149658583094,241.8322297707401,66493700
2018-07-09,246.0465545654297,246.09967508683505,244.80703069998145,244.85128879462133,50550400
2018-07-10,246.93197631835938,247.0293819712378,246.2059597045332,246.4981496435699,51966800
2018-07-11,245.12576293945312,246.17052961164364,244.82473763376936,245.382530148852,77054700
2018-07-12,247.3480682373047,247.40118876018292,245.78095877320726,246.38300937889045,60124700
2018-07-13,247.54290771484375,247.84393308483635,246.71951240695805,247.17106397174726,48216000
2018-07-16,247.3215789794922,247.72884544501252,246.878889815352,247.5872086897377,48201000
2018-07-17,248.322021484375,248.71159004868673,246.49814457855098,246.5512651082664,52315500
2018-07-18,248.84432983398438,248.9505708671419,247.9589518648833,248.40164084943382,44593500
2018-07-19,247.90589904785156,248.56107027763503,247.42778724848594,248.18036413165808,61412100
2018-07-20,247.62258911132812,248.3309079420703,247.46322750676137,247.7022699136115,82337700
2018-07-23,248.0829620361328,248.28658171283647,247.07361800177213,247.41892844076798,47047600
2018-07-24,249.33131408691406,250.17243409081593,248.4636608403578,249.49070268000807,68026900
2018-07-25,251.4562225341797,251.77494565505225,249.03913078919018,249.08338888278033,78882900
2018-07-26,250.86306762695312,251.54479914564217,250.64172306664634,250.73912872337314,57919500
2018-07-27,249.16314697265625,251.28804926613427,248.24234607162958,251.1906436131456,76768700
2018-07-30,247.86154174804688,249.40209057216975,247.33914503544705,249.24272904269247,63742500
2018-07-31,249.08343505859375,249.69434817311216,248.2423419873048,248.62304812545446,68570500
2018-08-01,248.66729736328125,249.79174492044822,248.0209885982045,249.28707288390544,53853300
2018-08-02,250.0219268798828,250.19012385564247,247.16214597845703,247.36579266220008,63426400
2018-08-03,251.09329223632812,251.1464127729615,249.9688444985181,250.14593096703038,53935400
2018-08-06,252.0139617919922,252.3238224208694,250.73901553857397,251.12858395042883,39400900
2018-08-07,252.8462371826172,253.22697025725319,252.54521190516917,252.67804022075435,43196600
2018-08-08,252.74009704589844,253.13852811253292,252.2797100294611,252.67814109609557,42114600
2018-08-09,252.3947296142578,253.19156446296677,252.26192830940533,252.80199595567012,35717000
2018-08-10,250.70370483398438,251.5005398433731,249.995386032617,250.96047208820502,77076000
2018-08-13,249.76513671875,251.589013219035,249.47294685068562,250.9781002435462,65732900
2018-08-14,251.35879516601562,251.59786450559102,250.1015736051608,250.49114206560364,43842000
2018-08-15,249.48187255859375,250.1547686488498,248.04756417218385,250.0131048919749,102925400
2018-08-16,251.50051879882812,252.36819912554938,250.88074327694193,250.91616596894616,69967900
2018-08-17,252.38592529296875,252.82861442412454,250.88963386809417,251.2969003032694,65618500
2018-08-20,252.92599487304688,253.19159751742657,252.38590013667803,252.8374516517211,39807500
2018-08-21,253.5191650390625,254.37798288744068,252.9613725060463,253.439484251431,67272000
2018-08-22,253.36863708496094,253.8910068686637,252.84624028166556,253.11186989649937,44993300
2018-08-23,253.03225708007812,254.05043666143328,252.7135068605827,253.19161868002593,49204900
2018-08-24,254.55506896972656,254.69673270963204,253.5545873826161,253.60770790763118,57487400
2018-08-27,256.56488037109375,256.6711214264323,255.5909589978284,255.75032058083627,57072400
2018-08-28,256.6888732910156,257.1315624145711,256.2284593099741,257.0252943284539,46943500
2018-08-29,258.070068359375,258.3002483366861,256.66232014973934,256.90136255603954,61485500
2018-08-30,257.02532958984375,257.9638284989663,256.43214121387564,257.59198471514225,61229500
2018-08-31,257.03411865234375,257.4768077102713,256.13104270122597,256.617989857108,66140800
2018-09-04,256.59149169921875,256.9456376273583,255.59100986301283,256.61805196833916,57594400
2018-09-05,255.9007568359375,256.4408513702568,254.8914401452827,256.23720473935157,72452400
2018-09-06,255.13059997558594,256.30814116044616,254.10355796237556,256.00711579754653,65909900
2018-09-07,254.63478088378906,255.6087023274441,253.84678130041397,254.0858507118014,73524800
2018-09-10,255.07748413085938,255.90974186342126,254.88269983133213,255.64411217155657,50210900
2018-09-11,255.91851806640625,256.36120709749815,254.08580601257725,254.43108940663996,50530500
2018-09-12,255.9805908203125,256.58264162911047,255.1926181187159,255.9274702795129,59810800
2018-09-13,257.4944763183594,257.68042515569164,256.75962445423187,257.04295190384914,51034200
2018-09-14,257.53875732421875,257.8840406945149,256.75962035999163,257.69811887974004,55079900
2018-09-17,256.1754150390625,257.5211806482439,255.90094986231898,257.4857849619342,68244000
2018-09-18,257.5652770996094,258.1584651362326,256.3611491569968,256.38770941207565,61930400
2018-09-19,257.8398132324219,258.2559420232231,257.4945028015122,257.6184687058169,49080600
2018-09-20,259.92919921875,260.247949272745,257.8574184363328,259.0969689557085,100360600
2018-09-21,259.6918640136719,260.78581879458903,259.5317810140974,260.6701942475922,105479700
2018-09-24,258.8291320800781,259.25604717756437,258.25103654562844,259.11374214506895,53409600
2018-09-25,258.5891418457031,259.3895843198502,258.3490172460361,259.2828622755538,44370000
2018-09-26,257.8152160644531,259.91415398039527,257.3972035619519,258.7312825518188,79739700
2018-09-27,258.53564453125,259.62069664612955,258.0109099954677,258.2866175118633,59249500
2018-09-28,258.56231689453125,259.060370917637,257.877499398238,257.9130552985251,70091400
2018-10-01,259.4606018066406,260.5278487801344,258.7935622699914,259.7985457060066,62078900
2018-10-02,259.309326171875,260.02082396744885,258.9357993288641,259.309326171875,47258200
2018-10-03,259.4517822265625,260.77695917771814,259.09603312163875,260.3589465154056,64694600
2018-10-04,257.4239501953125,259.02483453770105,255.8408438062701,258.971473535749,111545900
2018-10-05,255.98312377929688,258.1621035239601,254.5601005355288,257.6462715083235,105951700
2018-10-08,255.98312377929688,256.3388728047612,253.91974143292867,255.29827908481946,87742200
2018-10-09,255.6095733642578,256.90806953987845,255.04925574862452,255.60069795928243,74339000
2018-10-10,247.51611328125,255.1737408654989,247.14258636020767,255.10257478593394,214731000
2018-10-11,242.06419372558594,248.04974399043707,240.4543801338489,246.43105499541062,274840500
2018-10-12,245.42611694335938,246.44000303227887,242.2420993529125,246.1553929525463,183186500
2018-10-15,244.04751586914062,246.39550796513305,243.95857183970327,245.0703043529026,102263700
2018-10-16,249.38377380371094,249.75732778351343,245.53274521806253,246.0041186081105,118255800
2018-10-17,249.42835998535156,250.05091401359377,246.8580209490984,249.41945743831997,110626000
2018-10-18,245.8262939453125,249.09035262690333,244.55447843294348,248.4944520427115,134557500
2018-10-19,245.6929473876953,248.4055645473369,244.99922721015955,246.4756116171026,139901600
2018-10-22,244.59011840820312,246.68015435747893,244.0564812361249,246.3599883393804,82415800
2018-10-23,243.3448944091797,244.4655294729058,238.89796433649786,240.97915149539128,146352700
2018-10-24,235.97189331054688,243.47831310802016,235.42047834896334,243.09585651106832,177806700
2018-10-25,240.20541381835938,241.74406172098753,236.78129864956196,237.8040873548617,138061500
2018-10-26,235.98072814941406,241.02355770132107,233.27701479338367,236.50548966913507,201574600
2018-10-29,234.6734161376953,240.3566066552751,231.10699613836647,239.0669858830614,160749100
2018-10-30,238.15089416503906,238.46218471265607,234.01525443786565,234.50443305323765,157116000
2018-10-31,240.6945343017578,243.00694329919477,240.2409387624176,240.71231225043348,128296300
2018-11-01,243.25592041015625,243.4515863730925,240.47213849552253,241.55719026418708,99495000
2018-11-02,241.81520080566406,244.78574713551563,239.76959648164814,244.35883203457692,122634100
2018-11-05,243.14932250976562,243.70073764794233,241.33496694067233,242.3043947064854,65622500
2018-11-06,244.68783569335938,244.8479186355636,243.02468846268695,243.08695198751172,60085900
2018-11-07,249.92637634277344,250.0064178282418,246.43106862587547,246.85798369028106,102752100
2018-11-08,249.47279357910156,250.1131526376013,248.33438049086973,249.1259199823726,65584900
2018-11-09,247.0359649658203,248.35223941273125,245.63071931227432,248.16547587616753,98812600
2018-11-12,242.41998291015625,246.76906695308182,241.90412375753766,246.52894247011767,99673600
2018-11-13,241.96636962890625,244.8746522778252,241.24596909071613,242.88243618622874,98176600
2018-11-14,240.31219482421875,244.23436461548494,238.75576876225338,243.83415705612947,125335900
2018-11-15,242.82022094726562,243.2827191618879,237.4750281129558,239.0492319832538,135101400
2018-11-16,243.45167541503906,244.35883949759102,241.2104049940472,241.72626414950847,126668000
2018-11-19,239.3338165283203,243.14038813498033,238.41774988663542,242.84687550829725,103061700
2018-11-20,234.90469360351562,237.4661303636274,234.0419878494768,236.00752387559697,136021300
2018-11-21,235.7051239013672,237.59952087377042,235.6962484957569,236.45220506168295,75563700
2018-11-23,234.13084411621094,235.52718652870087,233.9707611642056,234.06858058757408,42807900
2018-11-26,237.91075134277344,238.1330978393555,235.98967435527595,236.38100636061282,79981400
2018-11-27,238.71121215820312,238.71121215820312,236.27430304857938,236.87907905299704,75502400
2018-11-28,244.20761108398438,244.20761108398438,238.6489482392209,239.77848590009825,127629600
2018-11-29,243.67401123046875,245.07032676690406,242.29544650287454,243.43385961483304,82346400
2018-11-30,245.15927124023438,245.71958882183426,243.2026381197173,243.52280408525462,98204200
2018-12-03,248.40554809570312,249.3838783176685,246.8135663828676,249.27715631925628,103176300
2018-12-04,240.35662841796875,248.00535541672906,240.04533780939624,247.57844025566556,177986000
2018-12-06,239.99192810058594,240.1075526296109,233.41047676923458,236.5055499894933,204185400
2018-12-07,234.41549682617188,241.2192949448085,233.5794717353162,239.65396675054097,161018900
2018-12-10,234.8601837158203,235.82961126558462,230.01301882509009,234.23760261616204,151445900
2018-12-11,234.9135284423828,238.23982339583532,233.44604697126593,238.05305993563306,121504400
2018-12-12,236.096435546875,239.24487006116965,236.01639405183923,237.8841103617398,97976700
2018-12-13,236.0164031982422,237.90189753280507,234.90467048758845,237.03919186366127,96662700
2018-12-14,231.6584014892578,234.82461387404103,231.10698644297347,233.87296422091924,116961100
2018-12-17,227.11361694335938,231.81846306627645,225.4860388815235,230.70673052985472,165492300
2018-12-18,226.8646240234375,229.41717153878733,225.26372621629173,228.75013191672292,134515100
2018-12-19,223.4671630859375,230.7067659311748,221.7684458235465,226.94466625050688,214992800
2018-12-20,219.8295440673828,223.7873091985889,217.58828746517864,222.22199466662704,252053400
2018-12-21,215.3253173828125,223.38548870397216,214.68121894770843,220.72858607171847,255345600
2018-12-24,209.63583374023438,215.45060262563953,209.57322025034426,213.84035620425558,147311600
2018-12-26,220.2276611328125,220.2276611328125,209.11698102314602,211.0940084996387,218485400
2018-12-27,221.91839599609375,222.1151909748024,213.76877426318353,216.998207573705,186267300
2018-12-28,221.6321258544922,224.89733637571823,220.46916948727355,223.26920838177477,153100200
2018-12-31,223.57334899902344,223.81488933145144,221.3816315423611,223.2512997725202,144299400
2019-01-02,223.8059539794922,224.72738367473102,220.02188548142522,220.0487217817502,126925200
2019-01-03,218.46534729003906,222.36571591269447,217.98226653551384,222.06154839494693,144140700
2019-01-04,225.78297424316406,226.42707273146465,221.11326702808634,221.48898887122783,142628800
2019-01-07,227.5631866455078,228.96766966524018,225.15676508760038,226.0513447804907,103139100
2019-01-08,229.70123291015625,230.18431361996602,227.22325682723428,229.74597827796512,102512600
2019-01-09,230.77479553222656,231.61570288652675,229.1824442805459,230.40801446914548,95006600
2019-01-10,231.58880615234375,231.83928738611394,228.56512228014213,229.2450116148356,96823900
2019-01-11,231.67831420898438,231.70515051418553,229.93387246967274,230.51534394930587,73858100
2019-01-14,230.26478576660156,231.06990195416668,229.37916069032022,229.78170513390126,70908200
2019-01-15,232.90380859375,233.21691691957597,230.63156872394273,230.64052325623595,85208300
2019-01-16,233.46743774414062,234.3530629785704,233.1274930641431,233.33322893857783,77636700
2019-01-17,235.2386474609375,236.09746354596547,232.55490862113237,232.59965398203775,96118400
2019-01-18,238.36973571777344,238.83493470526588,235.2744971259349,237.0457750313044,127900300
2019-01-22,235.14926147460938,237.11734819205563,233.539028560635,236.9026577503023,115531200
2019-01-23,235.64126586914062,236.87579034797807,233.18117144550067,236.17801920347108,86030300
2019-01-24,235.76646423339844,236.34796286693012,234.45143100905162,235.46231041761553,59204100
2019-01-25,237.76144409179688,238.58446960976903,235.8649390769533,237.60935349702385,96883400
2019-01-28,235.95428466796875,236.0168844812191,234.19196205796024,235.62329463925215,85613700
2019-01-29,235.64126586914062,236.6610726340007,234.80931321615319,236.09751029838282,66136300
2019-01-30,239.3717041015625,240.21261148459007,236.3927647173075,237.15316317648117,92473700
2019-01-31,241.47389221191406,241.9569728947139,239.09430693048517,239.3090246230662,104012100
2019-02-01,241.59019470214844,242.61002867744705,240.80296018796835,241.67070360013417,85782500
2019-02-04,243.28994750976562,243.35257465629314,240.96403425662496,241.6349691969302,60744800
2019-02-05,244.30975341796875,244.61390727961893,243.2183649495019,243.71932746285626,79552800
2019-02-06,243.98765563964844,244.52440891312497,243.25412104298292,244.03240100434138,58347800
2019-02-07,241.66175842285156,242.92309169804167,240.006780619395,242.37741121874424,95482000
2019-02-08,241.95701599121094,242.05540667168086,239.59531205500326,240.41833753894525,75788900
2019-02-11,242.0912322998047,242.869512522312,241.563433382247,242.6101039817527,68021400
2019-02-12,245.20433044433594,245.58003867487145,243.62986124861985,243.7014429213756,72270200
2019-02-13,246.00047302246094,246.84138015886657,245.61581028783473,246.03626385603758,65277200
2019-02-14,245.45477294921875,246.5819520637004,244.1039489183974,244.91801968992252,83234400
2019-02-15,248.12954711914062,248.16533794838358,247.02027711624203,247.22601295848074,97088700
2019-02-19,248.55902099609375,249.212046825401,247.3244964141007,247.33345094888386,59120800
2019-02-20,249.05987548828125,249.5161197577168,248.02216001882726,248.5231223419569,76610800
2019-02-21,248.1742706298828,248.78257817143526,247.21706395983918,248.42475181172213,64214700
2019-02-22,249.71299743652344,249.90977876755096,248.15641015139627,248.79155411176745,78114600
2019-02-25,250.05288696289062,251.6541921358243,249.9723780726855,251.13534796547899,69030700
2019-02-26,249.87396240234375,250.75063287485753,249.49822698526583,249.7039901065705,56844100
2019-02-27,249.7666473388672,250.11551920355708,248.22796926031745,249.15831243309327,56921600
2019-02-28,249.3014373779297,249.9902811449562,248.9794018248287,249.55191857492036,69268300
2019-03-01,250.85800170898438,251.2695006452179,249.42666901291935,250.87588347129002,78880500
2019-03-04,249.9456024169922,252.1552157189455,247.6554802053009,251.91368898973167,106494600
2019-03-05,249.60560607910156,250.26761358958612,249.05992559250146,250.07080497302118,59114600
2019-03-06,248.09376525878906,249.73086132589236,247.7717296851715,249.721906793157,75039800
2019-03-07,246.0183563232422,247.78960654387646,245.17744927490716,247.64647052496792,94885100
2019-03-08,245.5263214111328,245.69629372749952,243.7013985939388,244.1665701806032,85795800
2019-03-11,249.08673095703125,249.24774872320512,246.2151382586593,246.2419745530216,65098900
2019-03-12,250.0260009765625,250.54487234419213,249.45348432652776,249.64133836633937,79667500
2019-03-13,251.68109130859375,252.61146199517697,250.75072062201053,250.91176574305734,80639200
2019-03-14,251.52003479003906,252.12834244134714,251.08169946783266,251.70788888521233,67518400
2019-03-15,252.7627716064453,253.57143448255547,251.88221174274025,252.07092076967695,81309000
2019-03-18,253.67910766601562,253.9756345843303,252.75363327910617,252.97826325088664,62199800
2019-03-19,253.74205017089844,255.5031417462448,252.8525241186721,254.73942165972792,90268100
2019-03-20,252.97836303710938,254.73048847637557,251.87320068923955,253.52647464319236,84609200
2019-03-21,255.8356170654297,256.23993462503853,252.11573099309788,252.1606734468245,79550400
2019-03-22,250.91175842285156,255.00001424357242,250.84885542975505,254.47888460808878,122659300
2019-03-25,250.7230224609375,251.75631495200972,249.46509997525595,250.57026199951557,85575200
2019-03-26,252.5919952392578,253.5444244613853,251.1903059153472,252.47518322548854,68125900
2019-03-27,251.27113342285156,253.1670250393392,249.72567779743594,252.58296505421913,72224700
2019-03-28,252.2235107421875,252.6727706873622,250.74995238075306,251.9000567435742,56238500
2019-03-29,253.8140106201172,254.1374647488732,252.60999677308874,253.7331470879282,82186800
2019-04-01,256.82403564453125,257.12056268797323,255.5391582447158,255.808730776996,77617900
2019-04-02,256.9498291015625,257.1834531340026,256.1591269185293,257.0127320980904,40070400
2019-04-03,257.3542175292969,258.5582315397109,256.752196813757,258.162880381585,68243200
2019-04-04,258.0369567871094,258.28854128030713,256.9857037843611,257.6775542854916,48997500
2019-04-05,259.2859191894531,259.3398281950125,258.41435370537175,258.7018866821242,58621700
2019-04-08,259.48370361328125,259.5915216696614,258.2077926312301,258.86372236842993,53566300
2019-04-09,258.15374755859375,258.84559800287843,257.6056635872743,258.522144004195,66142300
2019-04-10,259.0343322753906,259.1241897573699,258.1537728250394,258.5670843373598,52601500
2019-04-11,258.9624938964844,259.52856599827516,258.39642179469354,259.5195720218468,55093100
2019-04-12,260.7145690917969,260.99310810092373,259.0073865588941,260.5708025998839,69727800
2019-04-15,260.54376220703125,260.8852040851849,259.74406650076133,260.7863526580452,49596700
2019-04-16,260.7145690917969,261.4783165835482,260.12154259540137,261.4244075766626,52153200
2019-04-17,260.0766296386719,261.855681721401,259.6632906883781,261.82872721774316,58268300
2019-04-18,260.5887756347656,260.8583481027852,259.36680152584245,260.6606725944999,68708500
2019-04-22,260.8133850097656,260.96614547162113,259.73517748497306,259.8250349672025,40160100
2019-04-23,263.1585998535156,263.39222387949684,260.9482478452623,261.1818444505832,52246600
2019-04-24,262.5746154785156,263.4102328349155,262.4308489299954,263.07778468800365,50392900
2019-04-25,262.41278076171875,263.06871029746924,261.22675508512435,262.47568374884355,57770900
2019-04-26,263.6348876953125,263.7067572659924,261.68508625985464,262.4578281031702,50916400
2019-04-29,264.0480651855469,264.56922213553327,263.6347536677554,263.72461115092415,57197700
2019-04-30,264.18280029296875,264.4703332301339,262.2959305168664,263.7065858623234,81111700
2019-05-01,262.1971740722656,265.0185406267152,262.18818009576734,264.8118711118755,71671900
2019-05-02,261.631103515625,262.99687175976754,260.13955670306206,262.08036361263817,65030200
2019-05-03,264.19189453125,264.4704336008856,261.7389245024655,263.1046927620058,56543700
2019-05-06,263.1046447753906,263.54491082051743,259.58243415240935,259.89692165063803,107198100
2019-05-07,258.7109680175781,261.29871111513995,256.8061091876135,260.70568437022655,144729900
2019-05-08,258.3515625,260.0587457295105,257.75853576162285,258.3515625,91568300
2019-05-09,257.5697937011719,258.1717868559465,254.5507516890629,256.2849164466201,103471100
2019-05-10,258.8637390136719,259.61849287752995,253.65230411465123,256.6353984960906,112429300
2019-05-13,252.35838317871094,254.7214958134563,251.52276593072727,253.76009998975235,127290500
2019-05-14,254.64060974121094,256.1681049927601,253.24791445118507,253.37369301577155,77003200
2019-05-15,256.1321105957031,256.7700521218785,252.80757560681195,253.01424507952993,73956400
2019-05-16,258.50421142578125,259.8609579611438,256.7610804560164,256.8329499899436,76749600
2019-05-17,256.83294677734375,259.31287068694866,256.18601129747526,256.20399924622245,100353000
2019-05-20,255.134765625,256.9407721836039,254.3889786675139,255.23358966334033,62877600
2019-05-21,257.4350280761719,257.8123911999107,256.57242895202023,256.8240135080661,46847100
2019-05-22,256.64434814453125,257.59677743350494,256.1681335000444,256.482621077497,49482500
2019-05-23,253.50852966308594,254.46992554081373,252.09784621636211,254.4250104942458,98733800
2019-05-24,254.08349609375,255.35940661704134,253.46351507181586,254.9460676553149,55268100
2019-05-28,251.72044372558594,255.31452474232293,251.7024831919406,254.3620954665406,70029400
2019-05-29,250.03115844726562,251.01054198780503,248.62946939652528,250.6062244273925,104972900
2019-05-30,250.71408081054688,251.62159495277587,249.61788511125124,250.78595035873343,62523800
2019-05-31,247.33566284179688,248.99793081192303,247.30870833074238,248.17130752581056,86862800
2019-06-03,246.70660400390625,248.48565577361603,245.37678474256816,247.37149992425032,96428000
2019-06-04,252.0618133544922,252.19658586974714,248.5485968800239,248.99785687797655,77231900
2019-06-05,254.2452850341797,254.27223954514707,251.87320580706177,253.67921288320204,71169700
2019-06-06,255.89857482910156,256.5724650655764,253.89489207520805,254.54182779905042,69430400
2019-06-07,258.4593200683594,259.53755523499956,256.74314326213107,256.9138642871934,74272200
2019-06-10,259.6454162597656,261.30768432496717,259.55555874422373,260.00481890126935,60799100
2019-06-11,259.5825500488281,261.8288511524363,258.93561423416224,261.4604544809644,58641300
2019-06-12,259.12432861328125,259.90603702615005,258.6121653701367,259.3489587282743,47096300
2019-06-13,260.1933898925781,260.5528198019677,259.33081843547797,260.03166288574414,48945200
2019-06-14,259.9059753417969,260.5079685515309,259.1422276479497,259.9059753417969,52324700
2019-06-17,260.0048522949219,260.7686001441239,259.8341312196649,260.13962487521223,39205700
2019-06-18,262.72723388671875,263.7785143172778,261.46031743785153,261.8197473625696,85434800
2019-06-19,263.3202819824219,263.85040551806713,261.8916384024987,262.8620279852303,78674400
2019-06-20,265.83612060546875,266.24046558371964,263.3831784940885,265.9978750491621,116570000
2019-06-21,265.44970703125,266.8220901549572,265.2330222101439,265.5670871606895,83309500
2019-06-24,265.1247253417969,265.97341688825486,264.9712218644644,265.6574273212025,47582700
2019-06-25,262.5243835449219,265.2059687471691,262.41604112123906,265.1788831412484,82028700
2019-06-26,262.2625732421875,263.92388825683076,262.154230803802,263.4182718416797,51584900
2019-06-27,263.1925354003906,263.6981517889475,262.6417855162231,263.0209840306274,40355200
2019-06-28,264.5467834472656,265.04336195090093,263.65293111911507,264.167557504222,59350900
2019-07-01,266.9485168457031,268.08616730223594,265.7476574629136,267.86945491993043,78705600
2019-07-02,267.6437683105469,267.69793952489164,266.0637102660974,266.9033916424673,61504500
2019-07-03,269.7835388183594,269.80161425412496,268.17639561424454,268.32086133027957,40898900
2019-07-05,269.4765930175781,269.6391341895929,267.2645286286108,268.5556549615941,51677300
2019-07-08,267.9959411621094,269.2961055716428,267.4542013991323,268.1674925462859,45841800
2019-07-09,268.3299865722656,268.6279282653834,266.7860517816925,266.840222998623,41101300
2019-07-10,269.612060546875,270.56011189882554,268.8626737180611,269.39537569112645,58448500
2019-07-11,270.2440185546875,270.48778894864506,269.2418238255109,270.25305627246956,50826100
2019-07-12,271.4540100097656,271.52625667648226,270.42472921830876,270.7317086667794,40326000
2019-07-15,271.5442199707031,271.8873226456437,271.03860367732375,271.8873226456437,33900000
2019-07-16,270.66839599609375,271.6615806276131,270.3614166652641,271.4539059829256,36650100
2019-07-17,268.8265380859375,270.80386996621183,268.8265380859375,270.64135633183906,36036300
2019-07-18,269.8106994628906,270.1899255172124,267.88756624619475,268.32997368121545,51392600
2019-07-19,268.3117980957031,270.9301732401438,268.1402468139696,270.90308764587076,58678600
2019-07-22,268.97100830078125,269.51274797837686,268.1945358876464,268.70916240503885,43638100
2019-07-23,270.8941650390625,270.8941650390625,269.259935864137,270.090607031503,44564500
2019-07-24,272.16729736328125,272.16729736328125,270.0454993112613,270.13579386637423,47213200
2019-07-25,270.8670349121094,271.76992502848304,270.0634494826073,271.7157538258222,55394100
2019-07-26,272.6819763183594,272.88061333605407,271.4269452624631,271.5533631619197,45084100
2019-07-29,272.18536376953125,272.68197007942166,271.63461378772524,272.56458990519246,38126500
2019-07-30,271.5171203613281,271.92343194048675,270.40655558457587,270.7857815620586,45849000
2019-07-31,268.5466613769531,271.9505755193534,266.5332335970876,271.7609487131754,104245200
2019-08-01,266.20819091796875,271.6526186964665,265.4136429910856,268.70017713336995,142646600
2019-08-02,264.2037048339844,265.55804002591907,262.6507327117384,265.31426961081803,116749700
2019-08-05,256.25830078125,260.22197439410274,254.36222586817163,260.1136319797592,178745400
2019-08-06,259.851806640625,260.0685190404571,256.6736428346704,258.14535837183905,120711700
2019-08-07,260.00537109375,260.77283350802816,254.65123719190635,256.7820454862,140572300
2019-08-08,265.10662841796875,265.10662841796875,260.94431762874206,261.4950674503696,87713900
2019-08-09,263.3009033203125,264.7635814112252,261.5222080674551,264.1676704197368,93730000
2019-08-12,260.0956115722656,263.2918233491414,259.1475602385619,261.80205988649254,65527600
2019-08-13,264.1405029296875,265.58513268360247,259.4545008367751,259.79760350315723,94299800
2019-08-14,256.33050537109375,260.70049034452813,256.20411507951735,260.09556938065884,135622100
2019-08-15,257.0077209472656,257.9016010899172,254.9672075856533,257.21539563778583,99556600
2019-08-16,260.79986572265625,261.23323542718947,257.06188669690755,258.6600201444486,83018300
2019-08-19,263.94183349609375,264.6190010266753,263.1382756878927,263.81544321847423,53571800
2019-08-20,261.9194641113281,263.96901533165703,261.79307378762985,263.43631331987183,51596400
2019-08-21,264.0502624511719,264.4204232030708,263.39114265467236,264.077348056287,49524700
2019-08-22,263.9689025878906,265.3864464762261,262.19924593376106,264.75444001961625,51666400
2019-08-23,257.1883239746094,264.33019001252563,255.94233087198558,262.66887506036954,149161500
2019-08-26,260.0323181152344,260.0323181152344,257.84731220730464,259.373198500566,72423800
2019-08-27,259.01214599609375,261.7930636581838,258.2537214211673,261.42287531434596,66668900
2019-08-28,260.8359375,260.9984511070822,257.5494042686789,258.3529896937288,59696700
2019-08-29,264.1676025390625,264.69129428520955,262.3889077432596,263.3911301931494,57899400
2019-08-30,264.0502624511719,265.66641614641384,263.12028660352104,265.64836826101157,62901200
2019-09-03,262.5063781738281,263.26480289607287,261.1791280213919,262.35290221731935,69101400
2019-09-04,265.48583984375,265.50388772814705,263.9238298917129,264.6732441815311,46887300
2019-09-05,268.8987731933594,269.8106735830968,265.44972592383255,267.96879736456265,83258100
2019-09-06,269.1064453125,269.74751727016104,268.5376475637681,269.2148152948554,49584300
2019-09-09,269.2419128417969,270.1808989649801,268.3028991645869,270.0906319733859,51260300
2019-09-10,269.17864990234375,269.2418588270002,267.22840383509777,268.4834068391647,57947100
2019-09-11,271.0928039550781,271.1740607730114,268.83557827685104,269.4856603743414,68821100
2019-09-12,272.0318603515625,273.088226704919,271.23731237917514,271.99573701990073,72908700
2019-09-13,271.8511962890625,272.82633309685326,271.4810080151809,272.47419270681183,62104800
2019-09-16,271.0115966796875,271.89643922675583,270.37055218501104,270.7226651270901,58191200
2019-09-17,271.6977233886719,271.78799036288956,270.6413297609149,270.8128810983628,41475500
2019-09-18,271.8603210449219,271.9686634906912,269.2780400199562,271.3095435402211,73375800
2019-09-19,271.8421630859375,273.2416593963996,271.5080981282079,272.2484746882701,76560500
2019-09-20,270.5578308105469,272.7257172981861,269.7686931121249,272.44450325727587,89565000
2019-09-23,270.4942932128906,271.21087820036234,269.64165479267564,269.89563042755236,43476800
2019-09-24,268.3717956542969,271.9728243964235,267.41031441968806,271.5827953011382,94869400
2019-09-25,269.95904541015625,270.4034957095392,266.9748118883841,268.45332331032233,71854000
2019-09-26,269.3967590332031,270.17681716965757,267.99082742388725,269.9682111328825,56179700
2019-09-27,267.9454650878906,270.2584842358922,266.394400547626,270.1496138053091,84746600
2019-09-30,269.1881103515625,269.8956158448682,268.4171317139182,268.4624736286267,51662400
2019-10-01,265.9862060546875,270.7210593029976,265.7685205613803,270.06797514180766,88242400
2019-10-02,261.28759765625,264.41696448642426,259.99958846909385,264.4078850320209,122539500
2019-10-03,263.4283447265625,263.45555541593865,258.34880381994094,261.06090402575535,85278800
2019-10-04,266.9930114746094,267.2469870674191,264.026908725754,264.0813577711008,65091200
2019-10-07,265.841064453125,267.81847578384463,265.55987813972894,266.19483104942367,59610500
2019-10-08,261.7139587402344,264.7254038708757,261.67766859806807,263.9906876592985,95708100
2019-10-09,264.19927978515625,265.13355020756165,263.10174525349936,263.72761868689645,62359400
2019-10-10,265.9862060546875,266.8660551651619,263.9544009671046,264.1176650870851,55296300
2019-10-11,268.74365234375,270.9750115009524,268.61667837739276,268.7345728885581,98720400
2019-10-14,268.4443664550781,269.0974506367518,268.0996792923519,268.42620754255415,40394800
2019-10-15,271.1020812988281,271.84587709862797,269.36959347887756,269.48751570095226,46754500
2019-10-16,270.6666259765625,271.3560002499491,270.23125500917473,270.63941529110076,48928200
2019-10-17,271.46484375,272.3356133684746,270.77546947468795,271.8276621175921,45736600
2019-10-18,270.2765197753906,271.57360821426397,269.42388163261506,270.92960372131955,64304000
2019-10-21,272.10888671875,272.3084410011963,271.15648490964367,271.59188362078226,39048600
2019-10-22,271.2199401855469,272.9342686902184,271.1292286758053,272.6440029315517,48594700
2019-10-23,272.009033203125,272.063454563809,270.75728654487045,270.96592021500015,34352200
2019-10-24,272.45361328125,273.0885663666014,271.62818534280314,272.9434334419132,35453100
2019-10-25,273.5693054199219,274.11354696390293,271.8277380154373,271.88215940170795,45205400
2019-10-28,275.11126708984375,275.6101666626339,274.75752810961376,274.7847388004007,42147000
2019-10-29,275.0296630859375,275.9548820296619,274.7121865401747,274.8391882309899,44284900
2019-10-30,275.87322998046875,276.24510020516715,273.92302891820503,275.22919747728037,49643900
2019-10-31,275.13848876953125,275.8641533549526,273.6872149612356,275.8641533549526,69053800
2019-11-01,277.6872863769531,277.73262829214644,276.41738057633785,276.5806723698209,71141500
2019-11-04,278.8029479980469,279.37440006354313,278.4310501827038,279.2383466387265,60606900
2019-11-05,278.4945983886719,279.30189498204095,278.2043325788355,279.0025497152499,42933200
2019-11-06,278.5580749511719,278.8301818233875,277.6147249920431,278.4945741205653,46487100
2019-11-07,279.53765869140625,280.8710375909936,279.0659976008694,279.89142527025837,54272300
2019-11-08,280.2269592285156,280.2813805830602,278.4944722921573,279.1928981296516,49032100
2019-11-11,279.69189453125,279.864238107545,278.7122544469131,278.84833556176477,35797300
2019-11-12,280.2814636230469,281.1794439203386,279.5104572968919,280.0546986848405,46484600
2019-11-13,280.3721923828125,280.77130091310977,279.0660240438884,279.29278899604503,53917700
2019-11-14,280.7804260253906,280.8620857890122,279.45612610965475,280.09107921404535,51219900
2019-11-15,282.8122253417969,282.85756726611123,281.4244247462533,282.1137714747029,62023600
2019-11-18,283.0208435058594,283.25668795742666,282.1228629883897,282.5763929760045,49228000
2019-11-19,282.93914794921875,283.62852223373176,282.2951432620522,283.619442778009,67804700
2019-11-20,281.88702392578125,282.8666642192706,280.335959089243,282.3496333799998,79406200
2019-11-21,281.4333190917969,282.10456189256223,280.63513004647257,281.99571919007514,54664700
2019-11-22,282.059326171875,282.31330182529547,281.052503014795,282.1772483826184,44850200
2019-11-25,284.24530029296875,284.24530029296875,282.984501675249,282.984501675249,48647200
2019-11-26,284.8893127441406,285.07073576578375,283.9641217688007,284.2815982160428,37569000
2019-11-27,286.1592712402344,286.1592712402344,285.15242034281846,285.37010586387197,44444600
2019-11-29,285.097900390625,285.84169590542126,284.87113549084046,285.5967720976461,36592700
2019-12-02,282.6761779785156,285.41548908041284,282.24985869193915,285.3519882399865,75767800
2019-12-03,280.7804260253906,280.8620857890122,278.5853562166905,279.96407752065693,73941700
2019-12-04,282.51287841796875,283.1115412943075,281.4788444906727,281.8235316935288,49080000
2019-12-05,283.0208435058594,283.2294772654207,281.714674927027,283.2113460311746,40709000
2019-12-06,285.60589599609375,286.00500449632267,284.9165217354681,284.9256011908763,48927000
2019-12-09,284.7080383300781,285.8872054277955,284.63545801808664,285.2159897889052,34838500
2019-12-10,284.39056396484375,285.31575534035954,283.7374795582212,284.65361915562636,52649800
2019-12-11,285.19769287109375,285.4516684529647,284.3087644939141,284.84392633852576,53429100
2019-12-12,287.6558837890625,288.4359419435748,284.97099448527933,285.2068112141044,96389600
2019-12-13,287.8282165527344,289.0527527941986,286.6490222278449,287.42002857849036,81503900
2019-12-16,289.8056335449219,290.3952169345024,287.7647488016478,289.5516578841208,82749700
2019-12-17,289.86920166015625,290.48599588222316,289.7875695732307,290.1866782301628,61097700
2019-12-18,289.8872985839844,290.4859614985211,289.83287719914233,290.2591965012545,48133000
2019-12-19,291.0754699707031,291.1480502526444,289.8237230792523,290.07769870351285,85310500
2019-12-20,292.3515930175781,293.48186803995895,291.13016050237536,292.1054650052227,147142100
2019-12-23,292.7983093261719,293.19025605431125,292.65246286090326,293.13556710700664,52990000
2019-12-24,292.807373046875,293.0716936318886,292.50655608135855,293.02612879098643,20270000
2019-12-26,294.36602783203125,294.37515192605576,293.1810639379538,293.1901602146185,30911200
2019-12-27,294.2931213378906,295.149951744562,293.7644523592922,295.0952628094436,42528800
2019-12-30,292.6706848144531,294.5119721081925,292.18758056574677,294.37524973919426,49729100
2019-12-31,293.3816223144531,293.62775035689424,291.82293192090606,292.16931374555315,57077300
2020-01-02,296.1252746582031,296.1435228475682,293.9923228046252,294.91296621198353,59151200
2020-01-03,293.8829345703125,295.00411329960116,292.68884653822107,292.74353546966336,77709700
2020-01-06,295.004150390625,295.0861837981025,292.01434006994486,292.1328420420894,55653900
2020-01-07,294.17462158203125,294.9129499592201,293.72795822762987,294.4389421396399,40496400
2020-01-08,295.7425537109375,296.95486257358016,294.1200498897458,294.3661501744524,68296000
2020-01-09,297.747802734375,297.8207398631898,296.7177813744384,297.3011671355,48473300
2020-01-10,296.8909606933594,298.4861195611985,296.42610473911026,298.33117684890317,53029300
2020-01-13,298.93280029296875,298.9418965712198,297.0824170116794,297.5108322451486,47086800
2020-01-14,298.4770202636719,299.54348231822837,297.9209789989077,298.49524063629786,62832800
2020-01-15,299.1514892578125,299.9080379561586,298.3037830757557,298.3858164658878,72056600
2020-01-16,301.6400146484375,301.6400146484375,300.30008000636747,300.52795985830204,54050300
2020-01-17,302.578857421875,302.7884890679203,301.5761805798231,302.35097758583424,95846000
2020-01-21,301.9863586425781,302.7885001455664,301.5488471444855,301.62175645504635,77742400
2020-01-22,302.0228576660156,303.4904184768439,301.8679149339362,302.8432196250379,48914900
2020-01-23,302.369140625,302.77933537903976,300.2635335646252,301.3755880663374,51963000
2020-01-24,299.6801452636719,303.1074662187742,298.3948999055085,303.0254328321711,87578400
2020-01-27,294.87646484375,296.3531215152195,294.1107920443717,294.4480497017618,84062500
2020-01-28,297.9665832519531,298.84163406721996,294.9676767051918,296.298487210109,63834000
2020-01-29,297.7204284667969,299.55259115613137,297.5198931086739,299.32471133178075,53888900
2020-01-30,298.6866455078125,298.89630496665,294.91296997027223,295.6603946749964,75491800
2020-01-31,293.26318359375,298.221851981053,292.35166407869235,298.0668814238513,113845600
2020-02-03,295.44158935546875,297.30109625380913,294.6212276647578,294.73972960780577,69083000
2020-02-04,299.94464111328125,300.8105958710925,298.72320817204337,299.0422455995197,62573200
2020-02-05,303.4083557128906,303.6180152040548,301.4121536768775,302.8705625667215,65951100
2020-02-06,304.4292907714844,304.62070207645655,303.35367662683126,304.3654777307045,50359700
2020-02-07,302.8067321777344,304.4383317479117,302.25981501693957,303.3718697108561,64139400
2020-02-10,305.0672912597656,305.1311042908256,301.886097610239,301.92256617332515,42070000
2020-02-11,305.59600830078125,307.20026355708615,305.0673114617923,306.41637021168424,54864500
2020-02-12,307.5648498535156,307.77448148627434,306.6624268441835,307.02702899526753,43992700
2020-02-13,307.2366638183594,308.2028719590965,305.86938499837,306.14282963542433,54501900
2020-02-14,307.7289733886719,307.84747536853007,306.4528517159032,307.64693997585454,64582200
2020-02-18,306.9359130859375,307.79274347896046,305.550385905375,306.7353777212436,57226200
2020-02-19,308.4034118652344,309.0779271915285,307.61951868249895,307.9020874174254,48814700
2020-02-20,307.136474609375,308.67694462905206,304.1557883522253,307.85655491074664,74163400
2020-02-21,303.9734802246094,306.09730805211063,303.1530905628107,305.78739481387316,113788200
2020-02-24,293.89215087890625,304.046464384972,292.81653664920486,294.5484460794996,161088400
2020-02-25,284.98651123046875,295.8882745622072,284.1114604678439,295.27757219253857,218913200
2020-02-26,283.9383239746094,289.9634545114292,283.2091195022636,286.38118955607183,194773800
2020-02-27,271.1862487792969,283.9930900952301,271.1862487792969,278.4328140761261,284353500
2020-02-28,270.0467529296875,271.5325340386913,260.27526361074985,263.15566832306206,384975800
2020-03-02,281.74151611328125,281.80532914475464,268.40598340350584,271.8241810091955,238703600
2020-03-03,273.67462158203125,286.0712930613618,271.2408799542185,282.1153015410036,300139100
2020-03-04,285.1780090332031,285.39679265326794,276.4912283478598,279.03437582366234,176613400
2020-03-05,275.6982116699219,281.1764533921752,273.46500533027745,277.99525887539363,186366800
2020-03-06,271.1405029296875,272.343714991951,264.5502366862195,267.21185726562237,228667200
2020-03-09,249.96597290039062,259.04469825650165,249.25498888727407,250.94127750870393,309417300
2020-03-10,262.9004211425781,262.99155082298614,249.30054030564344,259.45487913879975,276444100
2020-03-11,250.08444213867188,256.9937745724308,246.91237251975267,255.86349945004477,255316300
2020-03-12,226.15708923339844,243.06577765843556,225.76512864095778,233.3489770719644,392220700
2020-03-13,245.49041748046875,247.4593027706441,226.5308107156286,239.81164146550884,329566100
2020-03-16,218.62791442871094,234.16930770515287,216.3582263151674,219.84022288446778,297240000
2020-03-17,230.43212890625,233.50395903282416,216.09393128193696,223.35872879137676,262070500
2020-03-18,218.7646484375,226.39406110097966,207.8446502974257,215.34645080566406,327597100
2020-03-19,219.22952270507812,225.49167035009614,211.67303310856974,218.08101328487268,289322000
2020-03-20,209.781982421875,224.14947908525951,209.50691583930976,222.3707310405341,347158800
2020-03-23,204.41824340820312,210.58883736917826,200.11807712080454,209.22269612416616,326025200
2020-03-24,222.93922424316406,223.81027088011052,214.36641010403872,214.9348708645978,235494500
2020-03-25,226.27667236328125,235.0420516206146,219.8218472180857,224.51626550550066,299430300
2020-03-26,239.48890686035156,240.9558914934752,228.34881392408727,228.77974835482536,257632800
2020-03-27,232.3555908203125,239.13132946268587,230.1825909794387,232.21806449765097,224341200
2020-03-30,239.9014434814453,240.61660815727984,232.45638865585167,234.44601489405457,171369500
2020-03-31,236.32566833496094,241.44184313996882,234.92284395447982,238.90209724302795,194881100
2020-04-01,225.6898651123047,236.2431562593995,223.62688640381754,227.3677561407306,189554600
2020-04-02,230.897705078125,231.67704405266247,224.2594942177443,224.80962736839078,177660400
2020-04-03,227.56031799316406,232.26391415318625,224.83718484688495,229.9166909570072,135561200
2020-04-06,242.84461975097656,244.8067547366427,227.54191713385043,236.4081376209245,188061200
2020-04-07,243.09219360351562,252.16929234238347,242.87215154323118,251.41744466183374,201427200
2020-04-08,251.25241088867188,253.05866406664575,243.20221247709344,245.68694732221695,153774500
2020-04-09,255.07582092285156,257.8264586985217,252.57273047385536,254.5073322785615,189999200
2020-04-13,252.74697875976562,254.44321124594032,248.85024130979565,254.10397034489313,114839100
2020-04-14,260.2012023925781,261.21892505517496,252.60944238232008,257.6247736197147,134143400
2020-04-15,254.67234802246094,260.33865415065725,252.56350930181182,254.49813875481382,121775000
2020-04-16,255.901123046875,256.7538144297248,252.83874828819563,255.94695583827448,131798300
2020-04-17,262.8143310546875,263.41944685021514,258.92674327686353,261.6590540286196,146684800
2020-04-20,258.1840515136719,262.95183530213035,257.96400942467557,259.11925837284326,100109300
2020-04-21,250.34475708007812,254.92915404106213,249.40952219223675,253.7280442757594,126385700
2020-04-22,255.901123046875,257.64318883426245,253.893154318908,255.2134632901999,92951600
2020-04-23,255.8826446533203,260.3386922865704,255.58008681730885,257.1754477326912,104709700
2020-04-24,259.4493408203125,260.1186727932332,255.35088916404356,257.39554010912246,85063200
2020-04-27,263.190185546875,264.3087793852271,260.96217561684955,261.420615255831,77896600
2020-04-28,261.9798889160156,267.17857801356905,261.6773031279873,266.83015946053325,105270000
2020-04-29,268.8381652832031,270.36936598916276,266.27091449702925,267.2978148114988,118745600
2020-04-30,266.3350524902344,268.93898579069054,264.6021375509596,267.46279588157535,122901700
2020-05-01,259.2843017578125,266.5001372793607,258.1198471539412,261.5948274910563,125180000
2020-05-04,259.9994812011719,260.30203907180845,255.92853469244014,257.4046969992286,80873200
2020-05-05,262.4017333984375,265.20738229155137,260.1278622774751,262.81434034545913,79569900
2020-05-06,260.6229553222656,264.4830095523587,260.192020908388,264.09793589455825,73632600
2020-05-07,263.7679138183594,265.6933665541511,263.2636412360793,263.8321021051062,75250400
2020-05-08,268.1321716308594,268.5997890049133,265.7666074831052,266.89437904014466,76452400
2020-05-11,268.18719482421875,269.56251377203523,265.7849755389823,266.2067321816507,79514200
2020-05-12,262.8417663574219,269.78252047171196,262.70421209592996,269.36994163003214,95870800
2020-05-13,258.1932067871094,263.31855852406073,255.77263209509584,262.2824804769914,144721100
2020-05-14,261.2831115722656,261.41146013220174,250.29888679853764,255.7635079143885,121977900
2020-05-15,262.4842529296875,262.53008571070245,257.954866120157,258.89925085277906,111146300
2020-05-18,270.4793701171875,272.0839087534759,268.37055910186746,268.6914444443786,119703800
2020-05-19,267.7012939453125,271.58885385664627,267.68296642946405,269.8834715117107,95189300
2020-05-20,272.2489929199219,273.1108617924765,271.00205036955106,271.23127021904025,85861700
2020-05-21,270.369384765625,272.92748596370774,269.278296110494,272.1206276660374,78293900
2020-05-22,270.8828430175781,271.0570523361643,268.8473696991475,270.08516244349306,63958200
2020-05-26,274.22021484375,277.07172366444183,270.90111666487996,276.833326122004,88951400
2020-05-27,278.3003845214844,278.3370675296901,272.19396476879547,277.007581296367,104817400
2020-05-28,277.7869567871094,281.3352756373356,277.1176247426951,279.32730748503195,90405200
2020-05-29,279.0247497558594,279.61153803025144,274.577879005406,277.3193394971249,119090800
2020-06-01,280.1524963378906,280.7576401144218,277.8694755298853,278.38292576798335,55758300
2020-06-02,282.4722900390625,282.5181508133415,279.74000639855393,281.0694651955747,74267200
2020-06-03,286.2313232421875,287.1848853825561,284.1775229222528,284.45257547191164,92567600
2020-06-04,285.47955322265625,286.9832488519643,283.38906933428206,285.2503333753304,75794400
2020-06-05,292.7962951660156,294.565865879508,290.797504578311,290.86169285851645,150524700
2020-06-08,296.33544921875,296.52798606844794,293.062182869184,293.60313838658124,73641200
2020-06-09,294.1257629394531,296.4087837876376,292.8146040767573,293.67647298750563,77479200
2020-06-10,292.4844055175781,295.5926388064312,291.7692410057691,294.7032650434573,95000800
2020-06-11,275.6231384277344,286.2039358982989,275.0730331017828,285.5712867925123,209243600
2020-06-12,278.9238586425781,283.38905659074294,273.7801789307393,282.6188812960742,194678900
2020-06-15,281.52777099609375,282.6555425806839,272.07474788246594,273.24835223856235,135782700
2020-06-16,286.9465637207031,289.4038217313861,282.0962919334156,289.25711767246935,137627500
2020-06-17,285.7546081542969,288.25769873534205,285.0210879201945,287.96429064170104,83398900
2020-06-18,285.8645935058594,286.34136061280276,283.78328781211144,284.2417274083413,80828700
2020-06-19,284.23095703125,289.5169952642536,282.2878135586834,289.323611161699,135549600
2020-06-22,286.0544128417969,286.45039927000624,282.49047877976056,283.6324035882066,74649400
2020-06-23,287.3712463378906,289.6274972240298,286.9660418676936,288.69736494870455,68471200
2020-06-24,280.040771484375,285.95305250280444,278.20816137818287,285.3360276763805,132813500
2020-06-25,283.0429382324219,283.3100111754416,277.45298321689944,279.4697872300513,89468000
2020-06-26,276.3202819824219,282.1589024781775,275.7401296700566,281.94708210428337,127961000
2020-06-29,280.38153076171875,280.5196622715444,275.28887633629,277.5727536803356,79773300
2020-06-30,283.9730224609375,285.66752892214726,279.79209321079117,279.94863284970944,113394800
2020-07-01,285.9623107910156,287.2239870444669,284.6270018602195,285.0874590303027,72396500
2020-07-02,287.5370178222656,290.7325908541107,286.8739585501112,289.38803604130976,69344200
2020-07-06,291.975830078125,292.55601050927066,290.6036769406393,291.3496151795207,61713800
2020-07-07,288.96441650390625,292.4086261412663,288.58683836174674,290.43788464051073,82910000
2020-07-08,291.1745910644531,291.2850962513282,287.96982822881216,289.7287492933504,54638600
2020-07-09,289.5169677734375,292.0218551502653,286.1095744969354,291.78240850045916,83354200
2020-07-10,292.47308349609375,292.74015643400605,288.0250810957527,289.45248660102106,57550400
2020-07-13,289.94061279296875,297.18820278628755,289.2867716039281,294.8122566026346,102997500
2020-07-14,293.6978759765625,294.4714402869831,287.3251393658656,288.5223162049318,93657000
2020-07-15,296.3962097167969,297.4920997478603,294.02023559241456,296.9119193662305,87196500
2020-07-16,295.4200439453125,295.87128286396967,293.85447872341933,294.49912983927373,54622500
2020-07-17,296.2765197753906,297.0593024720893,294.45309952821765,296.4238694209868,62774900
2020-07-20,298.6708984375,299.4168366870497,295.26350467471246,296.0094429242622,56308800
2020-07-21,299.3062744140625,301.07441359288947,298.3208896684092,300.6323928502155,57292200
2020-07-22,301.0099792480469,301.32311478404205,298.83663538971115,298.94714058873586,57792900
2020-07-23,297.4183654785156,301.35068608523807,296.055430800531,300.6507824803938,75738000
2020-07-24,295.5028991699219,296.52510025578465,294.001804800679,295.56736989715625,73766600
2020-07-27,297.6579284667969,297.8329044364121,295.40167713485863,296.1936780663919,48293000
2020-07-28,295.76995849609375,298.04461717526414,295.4752592743561,296.93029101258077,57495000
2020-07-29,299.4075622558594,299.96933442324314,296.60797576059025,296.64482019059875,48454200
2020-07-30,298.33935546875,298.7537780991364,294.36102749576685,296.44227447076116,61861700
2020-07-31,300.69677734375,300.79809248040425,295.91723225907924,300.12581525879375,84986800
2020-08-03,302.7874450683594,303.5517916334194,301.81127807969176,302.3546141881708,53077900
2020-08-04,303.9569091796875,303.9569091796875,301.9308868941844,301.9308868941844,41917900
2020-08-05,305.8447265625,306.1026094552458,304.98828331124287,305.25535623296946,42697700
2020-08-06,307.88916015625,308.008883470918,304.94225226748324,305.26457778295924,43679400
2020-08-07,308.1102294921875,308.39571060773704,306.0197365507583,306.9222424636981,57308300
2020-08-10,309.0311279296875,309.21529387333,306.62752769620295,308.5614527808773,44282100
2020-08-11,306.4801940917969,310.8453459347755,305.7526922046899,310.2099129722672,69601100
2020-08-12,310.7532653808594,311.526829875344,308.8838108265044,308.91143712616207,53774400
2020-08-13,310.1915588378906,311.4992695414481,309.2706445155212,309.9889565628064,41816100
2020-08-14,310.20074462890625,310.73489061846544,309.07722814860483,309.80475825655594,47260400
2020-08-17,311.18609619140625,311.5820825212489,310.2099294645962,311.2137224910681,35481000
2020-08-18,311.8583679199219,312.281980541681,309.98888529540005,311.58207682428633,38733900
2020-08-19,310.55987548828125,312.7516274630557,309.9981032669653,312.23591780968894,68054200
2020-08-20,311.52691650390625,312.00578186582436,308.70892073892423,308.8378341384851,42207800
2020-08-21,312.6319274902344,312.85293788001695,310.8545419255064,311.1953037485117,55106600
2020-08-24,315.7998046875,315.87346543318415,312.60423235327005,315.06305671035,48588700
2020-08-25,316.9049987792969,316.9878776871024,315.2013018413242,316.3616627587458,38463400
2020-08-26,320.08209228515625,320.34913711570266,316.9509902417963,317.4943261404444,50790200
2020-08-27,320.7819519042969,322.2277935871301,319.1243179942383,320.947737778554,58034100
2020-08-28,322.8540344238281,322.9829758804368,320.61622003326073,321.80420702373715,48588900
2020-08-31,321.68450927734375,323.51711938437126,321.4542807471516,322.64226783208227,66099200
2020-09-01,324.7143249511719,324.8156120146118,321.6200388879637,322.51332671022755,54908700
2020-09-02,329.4109802246094,330.3779287745175,325.47865908576307,326.6206116646277,69540000
2020-09-03,318.0745544433594,328.19539204398836,315.4959779391516,327.72571683022153,148011100
2020-09-04,315.47760009765625,320.3215899223895,308.38654915956926,318.75605256613443,139156300
2020-09-08,306.85784912109375,315.5420924165605,306.553959764829,310.08104920352173,114465300
2020-09-09,312.9174499511719,315.37627517454166,309.98892137932586,310.8545829924272,91462300
2020-09-10,307.4840393066406,315.4407229555937,306.5262807206502,314.78688177765224,90569500
2020-09-11,307.6405944824219,310.32045816888535,304.8225992871863,309.26141246287096,84680200
2020-09-14,311.69256591796875,313.46073328485505,307.78789928384793,310.7992781526269,65605700
2020-09-15,313.26739501953125,314.97106380213984,311.70182964170226,314.14224664496544,52920900
2020-09-16,312.0241394042969,315.92880641145365,311.74784829653964,314.5014007189514,82096000
2020-09-17,309.27984619140625,310.9927613539666,306.65523489152685,307.18016277231743,91523300
2020-09-18,305.71917724609375,310.19424068358853,303.2412544546544,310.0832931282361,105877900
2020-09-21,302.31658935546875,302.4645288032245,297.47169236186676,301.14235702314835,99450800
2020-09-22,305.3955993652344,305.9503654275353,301.2903700074111,303.79605821576513,63612100
2020-09-23,298.313232421875,306.22781345736723,297.813940061172,305.95041627183053,93112200
2020-09-24,299.1082763671875,302.1594468796686,295.6872430633771,297.0001882528296,76681300
2020-09-25,303.9439392089844,304.7298270780176,297.38852490576954,298.25762343564503,71069400
2020-09-28,308.9921875,309.7041195983492,307.1059949203024,308.0953240484511,64584600
2020-09-29,307.30938720703125,309.5284222115875,306.61593700457234,308.78875328225575,51304000
2020-09-30,309.6395568847656,312.7831937729049,307.78110035892524,307.9752586146386,104081100
2020-10-01,311.62738037109375,313.1991843917802,309.7504423645945,312.22836509125534,88698700
2020-10-02,308.66864013671875,311.59963625667905,306.2184543549931,306.69000965854815,89431100
2020-10-05,314.1423034667969,314.3272066536649,310.675051276602,310.7212700191764,45713100
2020-10-06,309.67645263671875,316.37057974539914,309.16793362544905,314.28097349200937,90128900
2020-10-07,315.06689453125,315.87129250041943,312.5981986311307,312.62593551915137,56999600
2020-10-08,317.85919189453125,317.9239207082548,316.08394633419226,316.99932011187576,45242500
2020-10-09,320.6976318359375,321.15993200343445,318.88542307998716,319.50488950315776,59528600
2020-10-12,325.85693359375,327.3270449402805,322.74103455582997,323.23107167134015,80388500
2020-10-13,323.7303466796875,325.89390825718806,322.7687543508322,325.7182319216309,73255500
2020-10-14,321.6963195800781,325.39472243527376,320.96590533211065,324.30370036496896,57727900
2020-10-15,321.2986755371094,321.7794576418191,317.2581758442864,317.79443172197927,60357700
2020-10-16,321.1045227050781,324.30363260576735,320.92884634883575,322.648589773227,89501900
2020-10-19,316.2226257324219,322.99067994136914,315.3257621196153,322.36195837394564,68425600
2020-10-20,317.48931884765625,320.72542054305353,316.8051235185024,317.56327447111846,60051900
2020-10-21,316.88836669921875,319.6066946596672,316.58323270677243,317.4431044735385,63575000
2020-10-22,318.62652587890625,319.2090286374741,314.9651162463488,317.1009408833877,55399300
2020-10-23,319.7083740234375,319.9025322364598,317.258188232449,319.84705846131055,49143900
2020-10-26,313.8001708984375,317.1194832403807,310.31440902526583,316.333567187947,91473000
2020-10-27,312.7184753417969,314.475211171502,312.5058070055164,314.1423684363601,65994100
2020-10-28,302.02996826171875,312.74608344828266,301.5399311812828,307.0597966652632,127094300
2020-10-29,305.0997314453125,308.26184985459844,300.5784207406355,302.2612006889962,90597700
2020-10-30,301.9190979003906,304.8315842442729,298.27616915749184,303.52789396877716,120287300
2020-11-02,305.3031311035156,307.3002435800331,302.566292996373,305.3031311035156,86068300
2020-11-03,310.69354248046875,312.7461569674992,305.3863439975958,308.5299804346644,93294200
2020-11-04,317.6372375488281,321.70547377095147,313.9850545875487,315.15928696801785,126959700
2020-11-05,323.83209228515625,325.63507467035436,322.55613899305547,322.907491721787,82039700
2020-11-06,323.7581481933594,325.0063646417054,321.43739166729375,323.5454798982403,74973000
2020-11-09,327.8263244628906,336.90590740925865,327.3640242503452,336.5268178489835,172304200
2020-11-10,327.3455505371094,328.39958037530033,324.0817120840673,326.8370033607283,85552000
2020-11-11,329.77728271484375,330.60016251209254,328.2886611922482,329.5276225136965,58649000
2020-11-12,326.5781555175781,329.8235125087104,324.7752013576145,328.76945432758134,67546200
2020-11-13,331.09942626953125,331.83909534174575,327.9650172049905,328.48279119885393,62892200
2020-11-16,335.232421875,335.42658008620566,332.4771021299016,333.762310414162,74541100
2020-11-17,333.4294128417969,334.6314103678308,331.32132492500256,332.82842818706325,66111000
2020-11-18,329.4167175292969,334.24313403742127,329.3797256027603,333.6976230414402,70591300
2020-11-19,330.8035583496094,331.1733928980095,327.44725409515723,328.7879360767462,59940900
2020-11-20,328.5382995605469,330.7481084092092,328.46434393216515,330.5446951604477,70417300
2020-11-23,330.5076904296875,331.7651617960009,328.1129784945893,330.34126910985094,63230600
2020-11-24,335.8333435058594,336.3788543316512,332.19967086716787,333.05028739612465,62415900
2020-11-25,335.3156433105469,335.77794359169803,334.2246214190069,335.75020670349176,45330900
2020-11-27,336.2494812011719,336.7210082758483,335.24164181075275,336.40664748720786,28514100
2020-11-30,334.7608642578125,335.7409385582566,332.08878340971694,335.47279650501997,83872700
2020-12-01,338.4222412109375,339.9570813197066,337.4144301223281,338.00618794494244,74231400
2020-12-02,339.13421630859375,339.2913825881508,336.7395044630417,337.3127522431998,45927000
2020-12-03,339.0417785644531,340.4286793920205,337.94150165059074,339.03252352963375,62882000
2020-12-04,341.9635009765625,341.9635009765625,339.5317971440086,339.6242628374325,50749900
2020-12-07,341.2608337402344,341.75087093197277,339.9941354266788,341.1961049259402,48944300
2020-12-08,342.25933837890625,342.82333107219165,339.9478374066258,339.99405613944555,42458900
2020-12-09,339.1897888183594,343.0730950159463,338.357653791489,342.91592869063794,74098300
2020-12-10,339.07879638671875,340.12357138803657,336.95219802540623,337.82132486772645,57735400
2020-12-11,338.68115234375,339.0879788216525,335.8703871356922,337.38671728522763,57698600
2020-12-14,337.164794921875,341.91722644158915,336.98911858351033,340.8447147774003,69216200
2020-12-15,341.72308349609375,341.72308349609375,338.32981558066564,339.6982062143582,63865300
2020-12-16,342.25933837890625,343.1746837346286,341.05734094338163,341.93572259947405,58420500
2020-12-17,344.1733093261719,344.3767225815223,343.07303238358134,343.8959404400441,64119500
2020-12-18,342.79913330078125,344.6283621984902,340.7934791537867,344.46123143712066,136542300
2020-12-21,341.57342529296875,351.4159755487242,336.1600382375715,338.88995381488303,96386700
2020-12-22,340.9976501464844,342.0097572148125,339.87412260631737,341.8983367429737,47949000
2020-12-23,341.30413818359375,343.20763766131074,340.9791428653168,341.96339496968784,46201400
2020-12-24,342.63189697265625,342.6597520909689,341.1926686317637,341.77762611632846,26457900
2020-12-28,345.5754089355469,345.96538061700096,344.5540073036612,345.17611443159626,39000400
2020-12-29,344.9161682128906,347.27467258670123,344.33118227864804,347.09824735774396,53680500
2020-12-30,345.4082946777344,346.4389909289521,345.0183229457008,345.7332900123292,49455300
2020-12-31,347.1632080078125,347.8874694685123,344.7025779385661,345.2132645868987,78520700
2021-01-04,342.4368896484375,348.6209805572402,338.7505780933009,348.4909711220461,110210800
2021-01-05,344.79547119140625,345.88187774542536,341.7498547168132,341.7962988166081,66426200
2021-01-06,346.8567810058594,350.04170094295614,342.743347597711,343.29118386394964,107997700
2021-01-07,352.0101623535156,352.75298437501374,349.0481120785787,349.2245372676321,68766800
2021-01-08,354.015869140625,354.22941562712896,350.1531317059406,353.3937336428552,71677200
2021-01-11,351.6295166015625,353.3844459686813,350.72882987062206,350.84954484541544,51034700
2021-01-12,351.7038269042969,352.71593423715626,349.46603738716954,351.815275742109,52547700
2021-01-13,352.6509704589844,353.64448885267797,350.8495967307079,351.6295686022009,45303600
2021-01-14,351.4159240722656,353.89514316325904,351.0816626236897,353.39372265354797,49989100
2021-01-15,348.8531188964844,350.59875344385847,346.9960355450777,349.8002212044383,107160000
2021-01-19,351.5923767089844,352.1309468672761,349.82815280679114,351.3045309935299,51233300
2021-01-20,356.4580078125,357.2936899587992,353.48666202915456,353.8766338068959,61836100
2021-01-21,356.7828063964844,357.44209131852733,355.86355930325504,357.0149417906809,47840100
2021-01-22,355.5200500488281,356.6807271719311,354.5543587480902,354.9350642448892,52860500
2021-01-25,356.9222106933594,357.27503278883,351.4159360582794,356.25365943655754,70402000
2021-01-26,356.3651123046875,358.2779063977357,356.1329768241054,357.8693456849632,42665300
2021-01-27,347.6553955078125,353.14308184233016,345.4269004912862,353.05022197979747,123351100
2021-01-28,350.64520263671875,354.6379205656578,349.02954916525357,349.46593655582046,94198100
2021-01-29,343.62542724609375,349.75380801800657,341.9540352154757,348.7881167338835,126765100
2021-02-01,349.34527587890625,350.375943628793,343.9133009262217,347.01462699809997,75817600
2021-02-02,354.2850646972656,355.83574176244537,349.42880987347587,352.52084118245415,64450700
2021-02-03,354.563720703125,356.28152883956943,353.29162286803046,355.11155700905664,52427100
2021-02-04,358.5935363769531,358.63995212915546,354.67508910571235,355.59433635934124,47142600
2021-02-05,360.0048828125,360.71058354923707,358.54709392712255,360.4598874996903,48669800
2021-02-08,362.6048583984375,362.6512741525483,360.59920475972706,361.4534473259199,38365200
2021-02-09,362.3633728027344,362.9576530503986,361.3605603058533,361.76909255507013,35551100
2021-02-10,362.2055969238281,364.24840035419544,359.8099713889872,364.09983025590975,59154400
2021-02-11,362.79058837890625,363.70056961850463,360.36710768462626,363.28271443963257,42913300
2021-02-12,364.5826416015625,364.82404318438233,361.9177030106144,361.9920022182859,50593300
2021-02-16,364.2669372558594,366.0033342269587,363.55197027023985,365.8083200461877,50972400
2021-02-17,364.3504943847656,364.60119044464864,361.5091306885375,362.5212660866274,52290600
2021-02-18,362.79974365234375,363.542565533249,360.0326797228207,361.75048720135726,59712800
2021-02-19,362.1591796875,364.34125872083973,361.71346939446187,364.05341301185115,83241000
2021-02-22,359.3735046386719,361.77842431901905,359.1042196026477,359.4013597570989,67414200
2021-02-23,359.8099060058594,361.15630279532843,353.0315629822929,357.1728509983925,107284100
2021-02-24,363.7748107910156,364.20196042155277,357.7392890909114,358.72354113198065,72433900
2021-02-25,355.0093078613281,363.87689740324714,353.57007967389603,362.51194007778116,146670500
2021-02-26,353.1800842285156,358.027072717846,351.20231434028005,356.88498463738966,152701600
2021-03-01,361.74127197265625,362.9855428178806,353.3751303176071,358.03639956573255,105348800
2021-03-02,358.9185485839844,362.19629994312015,358.41712808705853,361.9641644974679,79595300
2021-03-03,354.1643981933594,359.1877840030245,354.06224386816876,358.22212100889243,119940200
2021-03-04,349.7817077636719,356.5600515760826,345.306129482108,353.9787065028338,183433000
2021-03-05,356.216552734375,357.26580967154143,346.0118857739026,353.27306228530506,152039600
2021-03-08,354.4429931640625,359.977094609663,354.16444194612137,357.17290844727864,123149200
2021-03-09,359.5036315917969,362.0478276958883,357.7765286742585,358.27794930668625,113633600
2021-03-10,361.74127197265625,363.4312247093334,360.4320530796693,361.84342629734385,109899400
2021-03-11,365.4089660644531,367.37746967595956,363.74686870548334,364.2018733477641,86245000
2021-03-12,365.90118408203125,366.0404596864284,363.2455681020347,364.05339494438545,64653600
2021-03-15,368.0832214355469,368.3432119800072,364.0162042253978,366.151838816547,73427200
2021-03-16,367.6190185546875,369.40180309295295,366.8483129268186,368.6961305342788,73722500
2021-03-17,368.87249755859375,369.67102984650717,365.19545189698175,366.3375684287189,97959300
2021-03-18,363.5055236816406,368.37107323916246,362.8276780230335,366.291148848804,115349100
2021-03-19,362.8330078125,364.7800131432064,360.6624031983592,363.20563537867605,113624500
2021-03-22,365.73016357421875,367.10891663764517,363.28942068287944,363.3453133880508,73778600
2021-03-23,362.8515930175781,366.54065388487237,362.06906667782835,365.09671154896347,90686600
2021-03-24,361.0069885253906,365.8791772373448,360.9604207531097,364.2489071923662,97588600
2021-03-25,363.03790283203125,363.82972563036685,357.63470442840975,359.5724129695901,116128600
2021-03-26,368.8882141113281,369.28878794295866,363.587505033435,364.18370331754596,114409100
2021-03-29,368.70184326171875,369.60547972425456,365.935041179905,367.4162544356728,108107600
2021-03-30,367.7237854003906,368.39452632963565,366.13075792489735,367.43499693096027,76262200
2021-03-31,369.2142333984375,370.76998933005086,368.26402908759354,368.2919754370403,112734200
2021-04-01,373.2014465332031,373.25736766767085,370.93770669938243,371.14265609357545,99682900
2021-04-05,378.5580139160156,379.0983479190761,375.7819150666603,375.8564291896752,91684800
2021-04-06,378.33447265625,379.3778410378448,377.663731778131,377.9991164320186,62021000
2021-04-07,378.7723083496094,379.1169894924743,377.7103185696919,378.16678511784755,55836300
2021-04-08,380.57025146484375,380.62614416673193,379.08903800549706,380.02062094317336,57863100
2021-04-09,383.3370361328125,383.50474266034735,380.3280415787718,380.4491519037927,61104600
2021-04-12,383.47686767578125,383.74700629608895,382.1353857837753,382.74090909191403,56704900
2021-04-13,384.61334228515625,385.2375154018544,382.9923969687516,383.37434940887186,56551000
2021-04-14,383.2998352050781,385.63808919365846,382.7595011466084,384.58539585907903,61659900
2021-04-15,387.41741943359375,387.6875864651336,385.3865753074208,385.43314308577106,60229800
2021-04-16,388.7123107910156,389.31783402254797,387.28699001478793,388.70298586402646,82037300
2021-04-19,386.80255126953125,388.2278720552796,385.4797193923822,387.78073043129933,78498500
2021-04-20,383.9705810546875,386.6907875184191,382.4986639809094,385.59152639170094,81851800
2021-04-21,387.6037292480469,387.80867863656937,383.2159530341772,383.3557132219947,66793000
2021-04-22,384.0636901855469,388.2651383615414,383.0017004125384,387.43604432459205,97582800
2021-04-23,388.2278747558594,389.6345741269456,384.54813911119874,384.6226532391619,73209200
2021-04-26,389.03839111328125,389.60667156779255,388.2931360312582,388.8800379124394,52182400
2021-04-27,388.95452880859375,389.53213415675737,387.8179963971385,389.33648125494796,51303100
2021-04-28,388.84271240234375,390.342575715046,388.3769209336228,389.2246648182536,51238900
2021-04-29,391.3207092285156,391.93555735176267,387.94838369193803,391.56292987909427,78544300
2021-04-30,388.74957275390625,389.90475500080083,387.8552610382918,389.057011063111,85527000
2021-05-03,389.5880432128906,391.1158246327663,389.0943053331574,390.73387217038277,68128300
2021-05-04,387.1844787597656,388.0974402326931,383.5047433776642,387.6037024349062,101591200
2021-05-05,387.3056945800781,389.05707545067736,386.7467390041926,388.82417966319684,60162200
2021-05-06,390.3984680175781,390.528874845266,385.3772223436678,387.3801199711882,74321400
2021-05-07,393.2397766113281,393.89189602548134,390.48229913565626,391.16236490015007,67733800
2021-05-10,389.34588623046875,393.8174742340862,389.2247758653033,393.5939033628043,81852400
2021-05-11,385.8708801269531,386.8583555604407,382.00481742833864,384.83683692816203,116888000
2021-05-12,377.673095703125,384.3618553205323,376.3595601632733,383.0949159919616,134811000
2021-05-13,382.2098693847656,384.1382530041698,379.1728997288725,379.21949593633536,106394000
2021-05-14,388.078857421875,388.9266014154042,384.9114807136324,384.9394270681594,82201600
2021-05-17,387.09136962890625,387.90187074432333,385.0791468765085,386.97028771615726,65129200
2021-05-18,383.7563171386719,387.59443468838975,383.5979355139091,387.3522140021612,59810200
2021-05-19,382.75018310546875,382.9271861523255,377.5985301803542,379.0797721892408,106467100
2021-05-20,386.8677978515625,388.1254406224363,383.5047967743601,383.62587868681237,78022200
2021-05-21,386.551025390625,389.58799485674376,386.09455884988506,388.3489736323711,76578700
2021-05-24,390.49169921875,391.563014094204,388.54466552821737,388.78688623089147,51376700
2021-05-25,389.6252746582031,391.9262858634761,389.0476977323679,391.57227976579446,57451400
2021-05-26,390.3984680175781,390.9015023339306,389.1780966451499,390.2121400584183,43088600
2021-05-27,390.6033630371094,391.9355196277636,390.32387113726895,391.42316045586614,56707700
2021-05-28,391.3020935058594,392.42930086674016,391.069197778342,392.1684587891069,58520200
2021-06-01,390.9574890136719,393.79880607447905,390.5196438229263,393.6590742965092,54216600
2021-06-02,391.5722351074219,392.41068247668926,390.6034093428114,391.60950638441597,49097100
2021-06-03,390.1190185546875,391.2555509981351,387.7993858877597,389.26197808041053,58138800
2021-06-04,393.68701171875,393.985125124761,390.1842502722685,391.9635773504691,55938800
2021-06-07,393.3050537109375,393.85468430384935,392.3734706525122,393.67768124837585,51555000
2021-06-08,393.38885498046875,394.25522031845156,391.56296032167944,394.1620563356279,47134300
2021-06-09,392.8019104003906,394.301773600504,392.57833960967673,394.22723105049744,48436300
2021-06-10,394.62786865234375,395.5781015257895,392.7088099094243,394.0223453765083,51020100
2021-06-11,395.2799987792969,395.3917841957337,393.8919491424424,395.17753829078254,45570800
2021-06-14,396.1650085449219,396.26746903201445,394.1527857880061,395.3917787091995,42358500
2021-06-15,395.43841552734375,396.35134879576736,394.56272511460134,396.31410594008616,51508500
2021-06-16,393.2304382324219,395.8016160944157,391.19029786804174,395.5780452993392,80386100
2021-06-17,393.10003662109375,394.07818729216916,390.63134762723126,392.8205731235447,90949700
2021-06-18,387.79693603515625,390.5166859456781,387.5913161649363,389.8250684379665,118676300
2021-06-21,393.3486633300781,393.53560087943845,388.7409408172673,389.5540649639203,72822000
2021-06-22,395.4515686035156,396.28340358966534,392.6196388178262,393.33932268734105,57700300
2021-06-23,394.9749450683594,396.3301424887815,394.8908317268986,395.5263737663793,49445400
2021-06-24,397.31146240234375,397.7320290467191,396.8628294590152,397.1151979683019,45110300
2021-06-25,398.7228698730469,399.1715029679371,397.73216341250156,398.0592899281921,58129500
2021-06-28,399.5266418457031,399.69486854958024,398.0499376849995,399.2462640059079,53159600
2021-06-29,399.7415771484375,400.5453458904214,399.20883078354126,399.9098038354574,35970500
2021-06-30,400.0780029296875,400.75093815402226,399.25552337520446,399.2835611544407,64827900
2021-07-01,402.2930908203125,402.4519905914438,400.76963819499144,400.83506919032,53441000
2021-07-02,405.3680419921875,405.72320623377107,402.3772122424309,403.45206040174946,57697700
2021-07-06,404.629638671875,405.6390557421083,401.90053315862076,405.4240804253988,68710400
2021-07-07,406.0596618652344,406.34006819983387,403.3025183056718,405.3119686849688,63549500
2021-07-08,402.7510681152344,403.5081166897468,399.57330096190816,400.75094475455643,97595200
2021-07-09,407.05035400390625,407.3494426746745,402.55478259875076,404.2558173257462,76238600
2021-07-12,408.5083923339844,408.76076088893643,406.5363351584208,406.9662573135737,52889600
2021-07-13,407.11578369140625,409.2187027689948,406.85408823599073,407.72328794262097,52911300
2021-07-14,407.72332763671875,409.29352904474496,406.48028123314407,408.8075027783235,64130400
2021-07-15,406.3307189941406,407.05972983900836,404.43341971053184,406.38679455738685,55126400
2021-07-16,403.1436462402344,407.55510476141916,402.75111727654803,407.50838463044124,75874700
2021-07-19,397.1900329589844,403.20905730096297,394.38614069493224,398.3302836206056,147987000
2021-07-20,402.88189697265625,404.15300952398457,397.05913759218004,397.85357937142714,99608200
2021-07-21,406.1437683105469,406.28398573679834,402.83519609526724,404.07824240394586,64724400
2021-07-22,406.9942321777344,407.2372452604418,405.33994628759945,406.32129700633567,47878500
2021-07-23,411.181396484375,411.51784981607466,408.2373157413509,408.9195778381852,63766600
2021-07-26,412.19085693359375,412.20021236866125,410.5459261537889,410.5926462837905,43719200
2021-07-27,410.3122253417969,411.18142503169713,407.4896224241449,411.15338725210887,67397100
2021-07-28,410.1439208984375,411.5178289786352,408.7232926987571,410.93836258827423,52472400
2021-07-29,411.8450622558594,412.9198819868287,411.05997579525564,411.0693312306445,47435300
2021-07-30,409.844970703125,411.29363706752343,409.15332449973266,409.2841865056366,68951200
2021-08-02,408.985107421875,412.1067710167303,408.6299431376853,411.5553422417352,58783300
2021-08-03,412.31231689453125,412.43382344600275,407.59244339115173,409.7794757496443,58053900
2021-08-04,410.2842102050781,412.2843051456388,410.0505525213927,411.0319033838049,46732200
2021-08-05,412.8824768066406,412.96659014888616,411.12536648595767,411.4431375086628,38969700
2021-08-06,413.5647277832031,413.9853230057107,412.9198303207797,413.20023664333985,46930000
2021-08-09,413.2283935546875,413.8545803292005,412.461989317138,413.5368092234863,41222600
2021-08-10,413.7423400878906,414.4526685963435,412.9946468851688,413.67690908891893,43339300
2021-08-11,414.7704162597656,414.8638850355054,413.6862412110491,414.80780947459465,44034300
2021-08-12,416.0134582519531,416.1536756754447,413.7236301446858,414.6208676326382,38909400
2021-08-13,416.7705383300781,416.7892206760995,415.9760965228515,416.4620942233985,39470300
2021-08-16,417.75189208984375,417.8827255582406,413.9199004513762,415.4713908619817,73740000
2021-08-17,415.013427734375,415.87327201338974,412.0319534928369,415.2003367624512,92673900
2021-08-18,410.47119140625,415.5649412152269,410.2282067679095,414.00409506381163,89351900
2021-08-19,411.1066589355469,412.3030136509168,407.61114913490746,407.7513380397817,92812200
2021-08-20,414.37786865234375,414.7049951138694,410.96647217681397,411.4524984131377,72008700
2021-08-23,418.02288818359375,418.9294809997778,414.4525924726287,416.06015823361497,54973000
2021-08-24,418.6864318847656,419.21917812240434,418.1723965118818,418.6864318847656,38744700
2021-08-25,419.5650329589844,420.0790683883611,418.4995403666085,418.8734154308783,40529700
2021-08-26,417.08831787109375,419.5183349461485,416.9948490937456,419.2846772641112,57829600
2021-08-27,420.8175048828125,421.19135148689224,417.83603043980827,417.8921060042868,77235100
2021-08-30,422.6680908203125,423.4531772582027,421.24743377041483,421.4904469021432,48357400
2021-08-31,422.0418701171875,422.9110698917558,421.4437212534849,422.5746165039233,59300200
2021-09-01,422.2661437988281,423.4905077483613,422.03248612109024,422.9764722664043,48721400
2021-09-02,423.5652770996094,424.3690457877398,422.3689509787344,423.6867836507604,42501000
2021-09-03,423.46246337890625,423.9765273755303,422.0324795543075,422.43439243098885,47170500
2021-09-07,421.94830322265625,423.21006017897633,421.2753680807963,423.1165914187561,51671500
2021-09-08,421.4344177246094,422.144746327745,419.518407287907,421.41573537498465,56181900
2021-09-09,419.6305236816406,422.9858446456514,419.38751055980504,421.23808970978325,57970400
2021-09-10,416.3218994140625,421.9764037145198,416.2003928599835,421.5558370150139,89948200
2021-09-13,417.3874206542969,419.57448188147487,415.07888137909265,419.31278639177305,83738600
2021-09-14,415.13494873046875,419.03234294728094,414.2470381175579,418.82672304337876,78197100
2021-09-15,418.6024475097656,419.0978006931455,414.45268447355176,415.55554197274927,78792200
2021-09-16,417.9388427734375,419.0510271190857,414.99473310868217,418.07903168064803,77786700
2021-09-17,413.8677062988281,417.59007902636665,413.5114041887088,417.1681649070518,118425000
2021-09-20,406.9667663574219,409.3295710757895,402.10984707082173,407.75436793021106,166445500
2021-09-21,406.58233642578125,410.59537031179264,406.05726871090457,409.30144322368784,92526100
2021-09-22,410.5484924316406,412.5831513891095,406.6948671942367,408.85139337293356,102350100
2021-09-23,415.53662109375,417.1399803704705,412.17993634176355,412.41434258074156,76396000
2021-09-24,416.2211608886719,416.9337651199925,413.6895616772255,413.90522575092706,62094800
2021-09-27,415.0303649902344,416.35239112758217,414.33650299714867,415.1897452245322,61371100
2021-09-28,406.66668701171875,412.5924834545763,405.9353407086728,412.2643090052773,130436300
2021-09-29,407.3511962890625,409.77964162679973,406.7886155612909,408.045029638689,82329200
2021-09-30,402.3724670410156,409.52652283633495,402.03490711070083,408.82330398006496,140506000
2021-10-01,407.1543273925781,408.8326843876151,400.58159468725086,404.0976889255961,129240100
2021-10-04,401.9035949707031,406.89173823936943,399.7657824946463,405.9916262485337,128570000
2021-10-05,406.0853576660156,408.3262663404989,402.6067772325321,403.4037355215152,90682500
2021-10-06,407.7730712890625,407.97934991567206,400.8721656243834,402.4942384202276,113032200
2021-10-07,411.298583984375,414.13020116989895,410.86728449835147,411.0454355366307,72437500
2021-10-08,410.5484924316406,412.45189876084635,409.9202996692927,412.0674690550003,74557400
2021-10-11,407.57623291015625,412.79881127574237,407.5105922896659,409.89216791478833,65233300
2021-10-12,406.5728759765625,408.89819586614095,405.785274549618,408.4950240548549,71181200
2021-10-13,408.0356140136719,408.8513431322092,404.6226741156243,407.594929147859,72974000
2021-10-14,414.8990173339844,415.0490407513381,411.2235151439211,411.69232759288604,70236800
2021-10-15,418.0588684082031,418.42455590539737,416.38989699593026,417.0087329506892,66260200
2021-10-18,419.2964172363281,419.63394841400134,415.62091559990085,416.27726437520323,62213200
2021-10-19,422.5313415527344,422.59695355572194,420.3091462784129,420.91862541650084,46996800
2021-10-20,424.19085693359375,424.4909037495053,422.8781878815295,422.99069828398655,49571600
2021-10-21,425.2973937988281,425.52241468121287,423.15960957402535,423.5909091366126,41305400
2021-10-22,424.85662841796875,426.30996431243693,422.91573783259383,424.86601382430814,58845100
2021-10-25,427.1351013183594,427.46327582498486,424.1722311934104,425.9443277467125,45214500
2021-10-26,427.51947021484375,429.8916602272119,427.144425952367,428.68214462677764,56075100
2021-10-27,425.62548828125,428.6446418796485,425.55046225853243,427.9789361517596,72438000
2021-10-28,429.7322692871094,429.8072666921166,427.04129028806375,427.05064707991323,51437900
2021-10-29,430.6043395996094,430.89500109987233,427.1445005916558,427.4351620919187,70162400
2021-11-01,431.344970703125,431.96380657611127,429.61974430603044,431.5887337216653,48433600
2021-11-02,433.0889892578125,433.398421537022,431.38250486096626,431.51378609797507,48908400
2021-11-03,435.7330627441406,436.1362346004919,432.0856879971298,432.5263728629684,52509800
2021-11-04,437.7864685058594,437.87085131761023,435.9862160130472,436.33313266603705,52847100
2021-11-05,439.3053894042969,441.29314959663833,437.7958270632598,440.00860807313694,66390600
2021-11-08,439.6805114746094,440.8994412181432,438.9960634954237,440.40250108208477,50405200
2021-11-09,438.2272033691406,440.2806045314554,436.8207657847632,440.0461982673925,51149100
2021-11-10,434.70172119140625,438.2272005366199,433.2202862022842,436.53945827784827,69429700
2021-11-11,434.8423156738281,436.2675239203641,434.8235734757579,436.1924978999976,34848500
2021-11-12,438.1239929199219,438.67718819768925,435.161094692695,436.1081050332003,53466700
2021-11-15,438.2740783691406,439.56800554034606,437.14894545673525,439.40862530276064,46980500
2021-11-16,440.00860595703125,441.1431240587056,437.93646296807935,438.0114603688836,48857500
2021-11-17,438.9397277832031,439.9242224676994,438.32089192487604,439.74607145027005,47858300
2021-11-18,440.43060302734375,440.69313688366196,437.25204053194824,439.97114731825366,50625600
2021-11-19,439.64300537109375,441.5651251990252,439.27731788187225,440.31806790988196,57315600
2021-11-22,438.4053955078125,444.00301876282515,438.1991168315422,441.5183178536928,72762000
2021-11-23,438.9866027832031,439.83984487309516,435.47989482517465,438.0771054886185,73206500
2021-11-24,440.15869140625,440.2805872370219,436.17378507370955,436.98951426235885,61858800
2021-11-26,430.3417663574219,434.96425094373944,429.21660486222436,433.50155816840993,112669600
2021-11-29,435.62054443359375,437.45828126856935,432.9295654860119,435.12360436955294,86268800
2021-11-30,427.1444396972656,435.08612453579684,426.90064804249147,433.1827469437874,148559600
2021-12-01,422.4000244140625,435.68618205628803,422.2031311937479,432.8451797070104,131939200
2021-12-02,428.86962890625,430.43547509903107,422.2218717157111,422.61568676881933,127637800
2021-12-03,425.1379699707031,431.5888063882985,420.9186571741517,430.52931409962997,137331600
2021-12-06,430.1729736328125,432.0482235973753,425.2691846744251,427.6788877462588,98977500
2021-12-07,439.07098388671875,439.63356454550274,430.04165158605986,435.44238012792107,95484700
2021-12-08,440.23370361328125,440.68377393878586,437.71148993714627,439.4648728181905,72238800
2021-12-09,437.26141357421875,440.3368223530035,437.06452034105865,438.94912708653544,61272600
2021-12-10,441.3775634765625,441.52758690349503,437.41142821807136,439.9617692478392,77159800
2021-12-13,437.4676818847656,441.20879629669554,437.1863772299923,440.86187964178026,87724700
2021-12-14,434.4579162597656,436.6894683893485,431.5419161774256,434.20476780499797,97264100
2021-12-15,441.2463073730469,441.49007040259744,432.00131048296834,434.51416709666717,116899300
2021-12-16,437.35528564453125,443.3748233999685,435.8081811744976,443.093547285808,116568600
2021-12-17,432.7004699707031,437.2827414785998,430.9974086651927,434.28120719660683,135511600
2021-12-20,428.099365234375,428.4945351603184,424.4862394814665,427.62890570329984,107134800
2021-12-21,435.7019958496094,435.84312797159805,429.3507919289712,431.5148943716561,69806300
2021-12-22,440.05853271484375,440.1714384321497,435.250420345999,435.4480340658615,58890200
2021-12-23,442.7965087890625,444.2925666264492,440.9523154989883,441.0558028110541,56439700
2021-12-27,449.0630798339844,449.11011430535285,444.1232543282057,444.17028879957417,56808600
2021-12-28,448.6960754394531,450.52146074512336,447.9339332846144,449.4958623974338,47274600
2021-12-29,449.27008056640625,450.28626060152465,447.8022490075834,448.7996209971791,54503000
2021-12-30,448.028076171875,450.70028317333333,447.5670349664784,449.693492768275,55329000
2021-12-31,446.8988342285156,448.6865744017013,446.62598842107235,447.5386809057687,65237400
2022-01-03,449.4864501953125,449.61819265083415,445.8545162929149,448.15975083339737,72668200
2022-01-04,449.3358459472656,451.6223008842784,447.48223441413006,450.9071932731494,71178700
2022-01-05,440.70770263671875,449.7405319442751,440.61360498167255,448.9689713732978,104538900
2022-01-06,440.2936706542969,443.0035221624816,437.9319546066855,440.2466361867598,86858900
2022-01-07,438.5529479980469,441.479221117935,437.1980222953608,440.3030723284207,85111600
2022-01-10,438.00726318359375,438.2236562011222,429.62367048499374,435.36328278709937,119362000
2022-01-11,441.9967346191406,442.0908322693714,434.75164626994354,437.7437907456816,74303100
2022-01-12,443.1917419433594,445.24296757937765,441.2346426828555,443.7280727675989,67605400
2022-01-13,437.08514404296875,444.9418241930247,436.05954567988096,444.29258772329274,91173100
2022-01-14,437.263916015625,437.6120514809011,432.7286791584299,433.94247281173614,95890900
2022-01-18,429.5201416015625,432.7851319574491,428.4098639787604,432.578128611285,109709100
2022-01-19,425.0601806640625,432.455790611051,424.7873060995941,431.0632487949444,109357600
2022-01-20,420.3556213378906,431.6372325182061,418.2385532953383,426.9420552480534,122379700
2022-01-21,412.103759765625,421.58821170548157,412.0755333410702,419.2359139440063,202271200
2022-01-24,413.85382080078125,414.3619251147175,395.901098425589,406.50524550753806,251783900
2022-01-25,408.8011474609375,413.7409730372485,401.9136123373261,407.4744480032651,167997300
2022-01-26,407.7755126953125,417.80571346524874,403.5225401054795,414.6818552495206,186391100
2022-01-27,405.7619323730469,415.50045053402,404.0777079047049,412.3672026513168,149878300
2022-01-28,415.83917236328125,415.88620682845203,402.54398201671927,407.1168346707988,164457400
2022-01-31,423.3289489746094,423.6770844746201,413.82565957531546,415.17116710249303,152251400
2022-02-01,426.1893005371094,426.8291186076498,420.5343677869096,424.053395889453,123155400
2022-02-02,430.3293762207031,431.05387362428513,426.28340667304684,428.58867006151223,117361000
2022-02-03,420.2144775390625,426.20812763649417,419.37704575360794,424.3074813838875,118024400
2022-02-04,422.1903381347656,426.02927475983387,417.60803879549576,419.9791728919079,118454400
2022-02-07,420.8354187011719,424.3450280068108,419.50871953612705,422.95248633834746,84472900
2022-02-08,424.298095703125,425.2202068332441,418.9160368655322,420.3368340105605,81012000
2022-02-09,430.5081481933594,430.8280572528607,428.1276239352286,428.3252089130967,92589900
2022-02-10,422.7738037109375,430.66810052892527,420.7790596867854,424.6744500762086,140103700
2022-02-11,414.4372863769531,424.92853031107984,413.0070994488103,422.85852518202387,153214600
2022-02-14,413.0822448730469,415.5098319487012,409.6196698794952,413.92909493615394,123006300
2022-02-15,419.7440490722656,419.91340763201026,416.99655245102997,417.51407522523783,88482700
2022-02-16,420.2144775390625,421.588211390658,415.82979106919817,417.70221089727113,84863600
2022-02-17,411.23809814453125,420.186247943638,410.63592485416507,417.0341632264874,102259100
2022-02-18,408.5753173828125,412.74358216810356,406.3076988713617,411.49214366579196,132642900
2022-02-22,404.19061279296875,409.7702560003978,400.6997823601273,406.37355193227506,124391800
2022-02-23,397.0208435058594,407.6626367061376,396.45628627766916,407.0980794779474,132578000
2022-02-24,402.99560546875,403.4284488931798,386.3790008159794,386.7365259239518,213942900
2022-02-25,411.88726806640625,411.9719473256861,402.5815659197891,404.22817407311,121804500
2022-02-28,410.83355712890625,412.3108071724536,405.2539131340016,406.50532304240727,145615000
2022-03-01,404.5765075683594,411.3417199103922,401.87604494619796,409.337557124743,137785900
2022-03-02,412.0191345214844,413.7410040742673,406.07251810917666,406.8252420057272,117726500
2022-03-03,409.9678649902344,415.0488225356622,408.1707060110163,414.44664922565886,105501700
2022-03-04,406.6369934082031,407.76607902539786,402.600442693899,406.2417947777143,113978200
2022-03-07,394.64959716796875,406.75921850465255,394.58372595517,406.05352934783355,137896600
2022-03-08,391.6575622558594,401.9700272063481,390.5943191141427,394.82845492231417,164772700
2022-03-09,402.158203125,404.13413881650297,397.8393882545467,400.02232727972273,116990800
2022-03-10,400.34222412109375,401.2360799371363,395.5999843486872,397.55708322285636,93972700
2022-03-11,395.25189208984375,403.4378710075181,394.7437877372273,402.82627933719436,95636300
2022-03-14,392.3632507324219,399.4671781987032,391.2247467020312,396.0234396841189,95729200
2022-03-15,400.99151611328125,401.62191584683524,393.6993928949382,394.969610741959,106219100
2022-03-16,409.8832092285156,409.9396620822366,399.7024567937387,404.49176069614015,144954800
2022-03-17,415.0111999511719,415.0111999511719,407.5967527483876,407.9731146505722,102676900
2022-03-18,419.55670166015625,419.8776045343294,412.6666654946888,413.40286121868064,106345500
2022-03-21,419.43402099609375,421.3877523283893,415.93234592986585,419.3868116069883,88349800
2022-03-22,424.34197998046875,425.27637447242336,420.8214384644653,420.8214384644653,74650400
2022-03-23,418.8770446777344,423.30366571474093,418.7921023589323,421.81240811171034,79426100
2022-03-24,425.1914978027344,425.2009454427064,419.78329999434203,420.897026967389,64736900
2022-03-25,427.2679138183594,427.5416361124458,423.2471369609336,425.8238364518409,77101300
2022-03-28,430.3070068359375,430.3070068359375,424.7855254116311,426.6732093991703,68529800
2022-03-29,435.6303405761719,436.12115693733773,431.5057549157547,434.18626321308204,86581500
2022-03-30,432.9404296875,435.30003519309184,430.83565120715195,434.4883159212036,79666900
2022-03-31,426.2769470214844,432.99709953880534,425.82389235149907,432.1759613525289,121699900
2022-04-01,427.4850158691406,427.99466991123313,423.91729355560483,427.8530993439852,89048800
2022-04-04,431.1470947265625,431.2509323439472,426.86207198374484,427.683210068739,59601000
2022-04-05,425.7010498046875,432.1191637881486,424.55900906665335,429.6557500304338,74214500
2022-04-06,421.4443664550781,423.71902938512,418.5656595556562,421.793612229182,106898000
2022-04-07,423.568115234375,425.38030519520004,418.62239060537553,420.5667035154226,78097200
2022-04-08,422.4354248046875,425.32357938924946,420.89695753959705,422.8129558921499,79272700
2022-04-11,415.21502685546875,420.0097320215141,414.7147916975716,419.16969873165914,89770500
2022-04-12,413.6766662597656,420.71772203401963,412.1287510001065,418.197650318671,84363600
2022-04-13,418.4146728515625,419.16973507105604,413.25185499529334,413.4311873130841,74070400
2022-04-14,413.2046813964844,419.7549485147844,413.1008437773758,418.64119283709516,97869500
2022-04-18,413.37451171875,415.0545494478205,411.14702946006696,412.2796514632989,66002500
2022-04-19,420.0475158691406,420.76481631207815,413.10082271070314,413.2707073837323,77821000
2022-04-20,419.73602294921875,422.4354264021452,418.57511557097627,421.82193478222695,65224400
2022-04-21,413.45947265625,424.7383973991878,412.55339229515056,423.3509483444846,85417300
2022-04-22,402.11456298828125,413.4784030168014,401.54825187367607,412.37412370691203,132471800
2022-04-25,404.4458312988281,404.61571598232445,395.31886452951045,399.87763849644267,119647700
2022-04-26,392.7326965332031,402.1144891433886,392.7043824228615,401.9162615672227,103996300
2022-04-27,393.8369445800781,399.16967497196913,391.703881227094,393.80863047196954,122030000
2022-04-28,403.7851257324219,405.51237307337215,394.1485050200903,398.5751272035263,105449100
2022-04-29,388.8630065917969,401.95409397695,388.11736315002133,399.8021348013602,145491100
2022-05-02,391.2037353515625,392.56287045835074,382.2749671742883,388.929072135393,158312500
2022-05-03,392.9969787597656,395.40376459664327,390.1465571793375,391.7039196895496,100028200
2022-05-04,404.9649353027344,405.53124638806986,390.4769516548114,393.65769528593023,144247900
2022-05-05,390.5712890625,401.132884248546,386.4467037789483,400.7081437907731,172929100
2022-05-06,388.2400207519531,391.50570647733946,382.9450801949944,388.01350785652954,151770800
2022-05-09,375.8096618652344,383.5869123846669,374.23343271582064,382.3504814055953,155586100
2022-05-10,376.677978515625,383.2754262479383,372.6477827083813,381.7747206128694,132497200
2022-05-11,370.69403076171875,381.35001745771194,369.94838734516037,375.7152782695393,142361000
2022-05-12,370.3070373535156,373.5727232304534,363.5208097766853,367.5038249274551,125090800
2022-05-13,379.1602478027344,380.5382491972758,373.39335762056186,374.4315896864937,104174400
2022-05-16,377.6217956542969,381.28390774009296,375.271637959596,377.51798684544667,78622400
2022-05-17,385.3896484375,385.62560898408395,379.9719747013643,383.70016285890136,83029700
2022-05-18,369.85400390625,381.12348248197793,368.6175728842904,380.84034133335325,117674500
2022-05-19,367.58880615234375,372.00600991179766,365.3707710345012,366.79598209392395,98510700
2022-05-20,367.7491760253906,374.7336013107162,359.1696553995638,371.1658795771667,131432200
2022-05-23,374.6298828125,375.39439273940906,368.45714636210454,370.7695426186861,76414900
2022-05-24,371.76995849609375,372.9591798912348,365.2291112058376,370.5146324408455,91448800
2022-05-25,375.0545959472656,377.0178039870792,369.8823587734453,370.2787563943249,91472900
2022-05-26,382.5486755371094,384.18153289436907,376.073931942696,376.2815783765453,82168300
2022-05-27,391.9399108886719,392.0531673410909,384.80446634850006,385.0026651402334,84768700
2022-05-31,389.7406921386719,393.07245343451956,387.0035559449801,390.3258696030877,95937000
2022-06-01,386.58831787109375,392.8648626531449,384.07769419751776,391.8549734040455,86585800
2022-06-02,393.9503479003906,393.99752849345634,384.18157442197986,386.42792368449955,79609600
2022-06-03,387.4849853515625,390.78843305581245,386.5128290364629,389.2405180200075,71874300
2022-06-06,388.6647644042969,393.21406164588547,387.4943805595861,391.48684319664267,57508900
2022-06-07,392.3929138183594,392.8459684053957,384.7194727728496,385.1819749982957,59272400
2022-06-08,388.1268310546875,392.4685113875746,387.3340069805782,390.68463561799285,64350000
2022-06-09,378.89599609375,388.6175587452947,378.89599609375,386.3523433395128,86289800
2022-06-10,367.9096984863281,373.55388552538324,367.86251789521714,372.7044332589276,132893900
2022-06-13,353.94085693359375,360.3684205912054,352.33631352731584,358.5184977773577,170004900
2022-06-14,352.87432861328125,356.71577382349307,349.7785269115855,355.68698913644283,104011800
2022-06-15,357.9049987792969,362.3410401471121,351.2225794060758,356.1683036625761,125666800
2022-06-16,346.0597229003906,350.10881384000515,343.63404163139757,349.702968623294,134473300
2022-06-17,346.8056640625,350.14235777027204,343.30786923756034,346.4739155238614,111113900
2022-06-21,355.5361022949219,356.92005638665404,352.44587608946637,352.521725834006,76811900
2022-06-22,354.8915710449219,358.9960494687862,350.9008093965039,351.3178962620308,90059400
2022-06-23,358.3703308105469,359.1002181811548,353.4696047412398,357.02430174493765,79292100
2022-06-24,369.7643737792969,369.7738622299875,361.5080041964566,361.53644062032527,98050300
2022-06-27,368.3519592285156,370.9776852889989,367.2618578134948,370.683832618729,66009600
2022-06-28,360.8254699707031,372.68394948048416,360.71172428504013,369.9065529188097,86548900
2022-06-29,360.5316162109375,362.36109348225904,358.7116273894593,361.3752782573753,65676000
2022-06-30,357.6025085449219,360.8349164010324,353.1567653026987,356.64510092174794,112508300
2022-07-01,361.3847961425781,361.8208599109863,354.3322732319177,356.94854012954494,74839700
2022-07-05,362.0672607421875,362.08623764291843,353.4791138897527,356.3039239194396,81438000
2022-07-06,363.2900390625,365.7735827766986,359.83013971421116,362.2093972721212,70426200
2022-07-07,368.7311706542969,369.52741950591667,363.30907034528104,365.06272708039626,64525900
2022-07-08,368.4278259277344,370.2952282014979,365.5745794315864,367.10071569720793,72397800
2022-07-11,364.21905517578125,366.72154716840924,363.52706364959664,365.7546798643806,58366900
2022-07-12,360.9960632324219,366.04848886653093,359.2518953418649,363.6692023712076,62219200
2022-07-13,359.1002197265625,362.02931552702955,355.1474128412304,355.56449960571507,84224600
2022-07-14,358.22821044921875,359.30882348190096,351.71600904471353,354.1521398256336,89704800
2022-07-15,365.0721435546875,365.1858892356065,360.7211976903377,362.62649570213034,79060400
2022-07-18,362.0577697753906,368.825898190188,360.8349458407432,368.1528836213448,63203600
2022-07-19,371.8403015136719,372.40905889172745,365.31864088700104,365.97267860433266,78506000
2022-07-20,374.21014404296875,375.62256366890966,370.66493462160037,372.02994091898177,71843800
2022-07-21,378.0207824707031,378.0681668690259,371.233676151968,373.6319110568227,64903900
2022-07-22,374.5134582519531,379.3383643459128,372.29533041038957,378.1440056178114,72197300
2022-07-25,374.96844482421875,375.8215664094441,372.73134023128426,375.13906335562353,53631500
2022-07-26,370.5321960449219,373.5370840827539,369.64114957187473,373.328540675696,52946400
2022-07-27,380.1535339355469,381.8977018374365,373.52755888438156,373.8214115297532,82342100
2022-07-28,384.9216613769531,385.61362406746434,377.41412653876154,380.9593649840049,73966600
2022-07-29,390.5332946777344,391.51913892921795,385.58515437514285,386.3529667558723,87003700
2022-08-01,389.3768310546875,391.8793520889404,387.1302667656035,387.84120629648845,69997500
2022-08-02,386.80792236328125,391.49064571833276,385.63251176391105,387.8127144423944,63435400
2022-08-03,392.8651428222656,394.0310649800449,388.6468906090099,388.93125481134643,67820600
2022-08-04,392.5997314453125,393.4718009620609,390.9598207163616,392.78929793981433,45656600
2022-08-05,391.9361877441406,392.5807659148732,388.26774474140564,388.3246175842232,56814900
2022-08-08,391.48114013671875,395.8700106498597,390.3815503961838,393.6234467801919,53886100
2022-08-09,389.92657470703125,391.25365582181684,388.85542136603334,390.7512597952123,44931800
2022-08-10,398.11663818359375,398.2588492285253,395.01695232609546,396.96966387104465,68665700
2022-08-11,398.11663818359375,402.81833898357877,397.37726224840134,400.9603962309802,59489700
2022-08-12,404.85638427734375,404.9606415265143,399.1025065374671,400.05042594390983,61694500
2022-08-15,406.5246887207031,407.0460617331619,402.5908291054767,402.6477019536426,54048300
2022-08-16,407.3209228515625,409.2451978170758,404.64778356108576,405.4535207281274,59289000
2022-08-17,404.4297790527344,407.1313549468698,402.42968313864895,403.7283280008868,63563400
2022-08-18,405.6051940917969,406.28766820146114,403.33965312992564,404.628809463559,49023200
2022-08-19,400.1546325683594,403.1121358999802,399.2825341593999,402.8467196760706,68016900
2022-08-22,391.8224182128906,395.5003494416631,390.92188337608326,395.329701995395,77695600
2022-08-23,390.8745422363281,393.7846615275958,390.32473282411485,391.3958862975145,49105200
2022-08-24,392.12579345703125,393.49077064865355,389.96453858867704,390.6470127203874,49177800
2022-08-25,397.6616516113281,397.7090360070508,392.52391605971974,393.614017515164,50942300
2022-08-26,384.201171875,398.0881839321778,384.1442990308555,397.547891912805,103087000
2022-08-29,381.6607666015625,384.70357956798847,380.30524889484775,381.2531682301508,65370800
2022-08-30,377.4709167480469,383.0541750206006,375.3760233037477,382.81719520790887,85652400
2022-08-31,374.5987243652344,380.3431127380741,374.46603071215685,379.10134082789193,76029700
2022-09-01,375.7742004394531,376.1154375189932,369.7264703742915,372.428046300128,78740100
2022-09-02,371.8118591308594,380.64647400085363,370.0013297859772,379.4331384469464,99632100
2022-09-06,370.40899658203125,373.5939919026862,368.19086864195987,372.6555609471726,76637400
2022-09-07,377.0633239746094,377.8311362647998,369.8781086762223,370.0961115930664,70964200
2022-09-08,379.5278625488281,379.9828452131677,373.5938795903689,374.79775538889095,80821700
2022-09-09,385.42401123046875,386.28662130528346,381.49961125899546,381.7650275183075,76706900
2022-09-12,389.56640625,390.2868341942052,387.1871194866291,387.49046061347366,69256300
2022-09-13,372.6270446777344,382.10623671263886,371.5085069603833,380.90236081015905,122947100
2022-09-14,374.04901123046875,375.5656880974877,370.75024121431795,373.925777076594,85023700
2022-09-15,369.8022766113281,375.33812191068284,368.53206820723454,372.49436398050875,87633800
2022-09-16,366.9810791015625,367.63783250475103,363.6973120856197,365.6295206827052,103084800
2022-09-19,369.82696533203125,369.82696533203125,363.76392058262684,363.84008189633505,73278500
2022-09-20,365.58197021484375,367.51415006942193,362.8312448574466,366.505230286068,77274900
2022-09-21,359.2048034667969,370.5504007332188,359.19527603958755,367.504586823731,106746600
2022-09-22,356.18756103515625,360.0709463739704,355.4451478506608,358.4338263970015,89472600
2022-09-23,350.2196350097656,352.76095967141856,345.7841825636604,352.7228790149844,122346900
2022-09-26,346.75506591796875,352.3707580104209,345.53674617910787,348.7538794551558,92581200
2022-09-27,345.869873046875,352.5515910179344,343.4808127042095,350.2862710344236,108294100
2022-09-28,352.67529296875,354.3599916328385,345.1274223526463,346.82164844241146,110802200
2022-09-29,345.3083190917969,349.42013004160674,342.3672197883283,349.13459770031216,112952300
2022-09-30,339.9686279296875,348.2779675279083,339.8353891876637,344.36600021604005,153711200
2022-10-03,348.9442138671875,350.7907337489844,341.90080218718504,343.6806881754969,89756500
2022-10-04,359.7568054199219,359.7853586515844,348.90614168269303,354.4551993806732,103602800
2022-10-05,358.91925048828125,361.1750432151708,353.0751323104993,355.3975589353477,88065700
2022-10-06,355.21673583984375,360.4707348086878,354.7217743328191,357.52010776378955,82333500
2022-10-07,345.3083190917969,355.30235769557754,343.547458861724,351.19051769873397,107789500
2022-10-10,342.6717529296875,346.659852271921,340.43501530969775,346.42189898919605,76042800
2022-10-11,340.50164794921875,345.5367479558779,338.56946829764377,340.9775545535183,92482800
2022-10-12,339.3784484863281,342.4813682302242,339.1309678057882,340.91088255478394,76991800
2022-10-13,348.3349914550781,349.8007915522085,331.3355968205085,332.38259688988734,147254500
2022-10-14,340.3968811035156,352.4182837032228,339.7591536254395,350.7906625915619,123737000
2022-10-17,349.14410400390625,350.24821073516875,340.0637984886666,346.4695113964719,93168200
2022-10-18,353.24639892578125,357.35823847132036,349.81033854515664,357.0536513093477,97162900
2022-10-19,350.7431640625,353.93174409065676,347.93530350478727,351.2095432352664,79746900
2022-10-20,347.8020324707031,354.71220495349155,347.0405645534775,350.29577817467606,88283100
2022-10-21,356.254150390625,356.7395553428867,346.0221590756883,347.5260110650035,131038400
2022-10-24,360.6134338378906,361.7460937798273,355.1309809456278,357.77704931693273,85436900
2022-10-25,366.37200927734375,366.68609490370255,360.42317581037906,360.53738876541865,78846300
2022-10-26,363.6117248535156,368.903804746197,362.9740261765085,363.2310053236107,104087300
2022-10-27,361.6699523925781,366.44804370025827,361.0512506396155,364.61105138754175,81971800
2022-10-28,370.2742919921875,370.7501985039981,361.3843618372089,361.5652086354592,100302000
2022-10-31,367.5997619628906,369.68423516133385,366.69555686556424,367.81868945232327,96631300
2022-11-01,365.9911804199219,371.5783479860967,364.8204688405162,371.34039469961164,85407600
2022-11-02,356.8061828613281,369.9031408055681,356.70149735976,365.4010542504777,126990400
2022-11-03,353.1321716308594,356.1684576069525,351.0191454820897,353.56999750398336,87100100
2022-11-04,358.21490478515625,360.61346359996287,352.170885136249,358.8335775577456,103505200
2022-11-07,361.6414489746094,362.23156853069116,357.43442171013305,359.50936758378657,68286900
2022-11-08,363.5926208496094,366.5622732100706,359.5188617569453,362.745493209243,84641100
2022-11-09,356.1019287109375,362.7741495038233,355.60696718518795,361.6224344512429,78495500
2022-11-10,375.671142578125,376.00428299719744,367.0572450041489,369.35108918360226,141455800
2022-11-11,379.3070983886719,380.1066180137116,374.64319033872147,376.5277909851231,93839900
2022-11-14,376.0804748535156,380.8966479353896,375.80444085717625,377.54627550144517,71903500
2022-11-15,379.28802490234375,382.9239582221826,375.4807721813481,381.8198514474499,93194500
2022-11-16,376.39453125,378.61224316456577,375.76633106956126,377.6604299906343,68508500
2022-11-17,375.2427978515625,375.91860608551974,371.34038726892305,371.6449453937852,74496300
2022-11-18,376.946533203125,378.640759324959,374.10062138676545,378.57412543802,92922500
2022-11-21,375.5760192871094,376.74676014271114,373.7390265271548,375.6236273819445,51243200
2022-11-22,380.6300964355469,380.7919174617573,376.1089836932025,377.5176776993283,60429000
2022-11-23,383.0287170410156,383.5141220670557,380.0685626038953,380.2969884985024,68261600
2022-11-25,382.9429931640625,383.49506108811516,382.1910816475926,382.46708656258517,30545400
2022-11-28,376.8323669433594,381.4962458070925,376.0708989562592,379.8591259436192,67881600
2022-11-29,376.1850891113281,378.1553200852392,374.34806781537714,376.9655537509073,52310000
2022-11-30,388.0351867675781,388.0351867675781,374.51945716113363,376.4325818837763,144566700
2022-12-01,387.7496643066406,390.24341023181614,385.2463909544575,389.0726695441886,76398200
2022-12-02,387.30230712890625,388.20651222768515,382.76216868711776,382.86685419503635,85342700
2022-12-05,380.3350830078125,385.41776267708946,378.98352435280736,384.48500420879964,77289800
2022-12-06,374.85260009765625,380.7157732131678,372.76815579992063,380.1732617355015,77972200
2022-12-07,374.2148742675781,376.5753814167961,373.0822142567911,374.0054742055746,65927900
2022-12-08,377.14642333984375,378.212449392276,374.3195371968257,376.0994521400108,60737900
2022-12-09,374.3291015625,378.459967446831,374.20536119651905,375.90911499149865,81447700
2022-12-12,379.7258605957031,379.7258605957031,374.4528077117335,375.119059475854,75405800
2022-12-13,382.600341796875,390.70977956297014,379.8400894083029,390.45280046353844,123782500
2022-12-14,380.1542053222656,385.9602719426471,377.2131058725146,382.2577044665144,108111300
2022-12-15,370.85498046875,376.20416598654884,369.1988348015829,375.2999318308924,117705900
2022-12-16,366.4765930175781,369.6415593936089,364.34432159505855,368.302907769073,119858000
2022-12-19,363.3689880371094,367.00250429400353,361.70523742151596,366.6678340994925,79878100
2022-12-20,363.8662414550781,365.482194633709,361.2941043449694,362.61364283927566,74427200
2022-12-21,369.30694580078125,370.4352358837999,365.92204637130624,366.4575070608886,78167400
2022-12-22,364.0383605957031,369.28780122976565,358.3490543275083,366.2662563964438,100120900
2022-12-23,366.13238525390625,366.2758070046261,361.4662030943732,363.01521636298173,59857300
2022-12-27,364.68853759765625,366.3618594408892,363.0152157544233,366.01764723973866,51638200
2022-12-28,360.15618896484375,366.59131636080116,359.9267141935356,364.6215509122238,70911500
2022-12-29,366.6391906738281,367.5093216045126,362.4702133125497,362.9961320141737,66970900
2022-12-30,365.67340087890625,365.8168226274327,361.8486652893112,363.9618527124626,84022200
2023-01-03,364.1339111328125,369.49808808826083,361.27490181125125,367.52835185196017,74850700
2023-01-04,366.94512939453125,368.9722345195995,363.34986872415914,366.3905264117615,85934100
2023-01-05,362.7570495605469,365.1092537639918,362.16422021646383,364.9945163658359,76970500
2023-01-06,371.0758056640625,372.19455357778276,362.785708249104,365.84547897836046,104189600
2023-01-09,370.8655090332031,376.44964922378716,370.6838609207569,373.2655401902277,73978100
2023-01-10,373.46630859375,373.5332484725184,369.34515816722075,370.2822289287242,65358100
2023-01-11,378.18988037109375,378.26639143115705,374.231293835196,375.04405606095594,68881100
2023-01-12,379.5667419433594,381.0297021014003,375.2256881711222,379.2894696301709,90157700
2023-01-13,381.03924560546875,381.6129617235171,376.10533367891514,376.37306397661587,63903900
2023-01-17,380.34124755859375,382.69348088927234,379.66236518124305,381.0201591163604,62677300
2023-01-18,374.3364562988281,382.58832869980466,374.1356658339176,381.52697849057256,99632300
2023-01-19,371.6112976074219,373.9443593060729,370.2917592534764,372.2997219516563,86958900
2023-01-20,378.5340881347656,378.68708106087394,371.36270886328373,373.00734634342695,91806400
2023-01-23,383.07598876953125,385.0074698849866,378.3811219727352,379.3373059432333,84178800
2023-01-24,382.6648254394531,383.57318267652687,380.21699688122226,381.40265563212273,59524900
2023-01-25,382.80816650390625,383.14283664930235,376.31567073270514,378.600963880045,84800300
2023-01-26,387.0154113769531,387.1779754700334,382.5022224600164,385.4663982164665,72287400
2023-01-27,387.9046936035156,390.2760402786123,385.7628509166012,385.97321255052447,68346200
2023-01-30,383.0377502441406,387.37883383343035,382.7413355345612,385.1509087422322,74202000
2023-01-31,388.6696472167969,388.7174447402499,383.20981606709955,383.5540574493801,86811800
2023-02-01,392.80035400390625,395.54462644508357,384.7206171548962,387.45528923844535,101459200
2023-02-02,398.518310546875,399.98127069479483,394.78919930515946,396.6824246845757,101654500
2023-02-03,394.282470703125,398.70003602985804,393.0776695484089,393.5557615392747,94736800
2023-02-06,391.87286376953125,393.2689133762878,390.2186841761235,391.834637420615,60295300
2023-02-07,396.9980163574219,398.24104381969875,389.7118993305467,390.9549267928235,90990700
2023-02-08,392.6569519042969,396.36695047559357,391.9684982603406,395.02829871801737,76227500
2023-02-09,389.2529296875,396.4051963035193,388.0290153704697,396.2522033663381,78694900
2023-02-10,390.16131591796875,390.5437836705012,387.2640796514173,388.0768126828916,70769700
2023-02-13,394.74139404296875,394.875273798094,390.3525133608386,390.81149214644563,64913500
2023-02-14,394.5597839355469,396.8641617211256,390.6107393049538,393.2211029770664,88389300
2023-02-15,395.84100341796875,395.9174852871057,391.52860488743005,392.3700513500147,61555700
2023-02-16,390.3907470703125,394.8178830322616,390.25689650308516,390.87841017898984,76431500
2023-02-17,389.4154968261719,389.6545428210452,386.34612524209655,388.2680643786122,89257800
2023-02-21,381.6033935546875,386.45125247879577,381.34523443071777,385.3994444508215,82655900
2023-02-22,381.0775451660156,383.55405800104023,379.624126941612,382.01458672604707,83742300
2023-02-23,383.1046447753906,384.577176151522,378.88787027584414,383.965204449082,96242400
2023-02-24,379.0121765136719,379.84405183245593,376.3922419822525,378.0942481460913,108194400
2023-02-27,380.30303955078125,383.7070519585176,379.365968807818,382.3492579579314,80444700
2023-02-28,378.8974914550781,381.785156708453,378.79229603840645,379.82499112745273,96438600
2023-03-01,377.4440002441406,379.3085704071732,376.14360422634064,378.08465625730815,99706800
2023-03-02,380.3795471191406,381.2209936912257,375.1396483986959,375.4743186281051,85127800
2023-03-03,386.4800109863281,386.7286281625777,381.54609807414363,382.1962961869598,90120000
2023-03-06,386.7476806640625,389.5971190249731,386.3078442662089,387.30225445436355,72795900
2023-03-07,380.81939697265625,386.9389980101572,380.2074543771584,386.69995200651795,108310600
2023-03-08,381.4408874511719,382.19625170885286,379.212962662717,380.9341111603913,74746600
2023-03-09,374.4033203125,383.8886762938207,373.41845218171284,382.22489666616246,111945300
2023-03-10,369.0009765625,375.9333106680976,367.4806474809918,373.85837851710613,189253000
2023-03-13,368.4749755859375,373.28460811867615,363.9713580532645,365.0805347641921,157790000
2023-03-14,374.5659484863281,376.21058604424246,370.0909854321958,373.3898317252391,149752400
2023-03-15,372.2232666015625,372.4240570496017,366.89731528704147,368.98181836154816,172996900
2023-03-16,378.75396728515625,379.0982086417623,369.3642641428275,369.8710404113854,143254200
2023-03-17,374.3254089355469,378.558277638752,372.94324653075375,377.42568128509345,140553400
2023-03-20,377.9247131347656,378.33746367070916,374.40214170963634,375.1028011958168,93055800
2023-03-21,382.88702392578125,383.3669404738883,379.6907633119906,381.28408976671983,91524200
2023-03-22,376.3601989746094,386.3232727268631,376.3218267349629,382.71431965042825,111746600
2023-03-23,377.377685546875,383.25186087562724,374.6709485097319,379.2205491483167,119351300
2023-03-24,379.8539733886719,379.9403548581303,373.75902695920195,376.1010222149094,107682400
2023-03-27,380.5643005371094,382.8967177472465,379.671662586895,382.12883352250185,74010400
2023-03-28,379.71002197265625,380.5642582938647,377.8767370350477,379.8731772141997,62871700
2023-03-29,385.22906494140625,385.4690232440617,382.6662973806607,383.8660888939379,77497900
2023-03-30,387.48468017578125,388.10856590647154,385.62260139743574,387.8589998974814,69840000
2023-03-31,392.9461364746094,393.24368242982905,388.30051790737826,388.4061147934353,112062600
2023-04-03,394.4434509277344,394.84656445369103,392.03426030988214,392.42779542260035,67391100
2023-04-04,392.2550354003906,395.3744932102715,390.8824517022873,395.0865256835199,66601500
2023-04-05,391.22802734375,392.28384974684195,389.57711302940226,391.5255732993779,65200200
2023-04-06,392.7541198730469,393.03247968178334,389.3850962213968,390.43131081559227,63743300
2023-04-10,393.1572265625,393.23402961478297,389.66344926995697,390.2777272293107,63681000
2023-04-11,393.26287841796875,394.66422675434245,392.4950235384784,393.7811965721071,59297900
2023-04-12,391.6599426269531,395.6144801885437,391.07445840947173,395.32651264091214,86420400
2023-04-13,396.8621826171875,397.21731616818573,391.60228682213693,392.7444905245143,85814800
2023-04-14,395.89276123046875,398.41712702758065,393.5891675964206,396.22870868146754,78161500
2023-04-17,397.3133850097656,397.3325711300684,394.5778543396015,395.80643975007484,66436400
2023-04-18,397.5725402832031,399.0218979297028,396.1999857035815,398.8875072085601,63560000
2023-04-19,397.5053405761719,398.4075568472331,395.60486027089866,395.6624479202901,55227300
2023-04-20,395.3360595703125,397.0829628319808,393.79071305675006,394.6929585087422,75840400
2023-04-21,395.64324951171875,396.10395069254025,393.6947893230702,395.6336418065236,73457400
2023-04-24,396.0559997558594,396.47832873039835,394.1075394245126,395.44169241406223,64332100
2023-04-25,389.7690124511719,394.6449810037149,389.71142480850085,394.08826140218645,97766700
2023-04-26,388.1181640625,391.4583943618871,387.56147365849546,390.3833857943013,80447000
2023-04-27,395.8447570800781,396.1135091660831,390.4024907237528,390.65205669353617,92968400
2023-04-28,399.2234191894531,399.23302689490464,394.9041697532796,394.9617574024191,89433100
2023-05-01,398.82025146484375,400.8454851986158,398.5898716077984,398.78184994003936,62122300
2023-05-02,394.337890625,398.1580375216088,391.4392047424731,398.11002828382885,103998500
2023-05-03,391.63116455078125,397.24619509986604,391.3912062306647,394.837004192524,91531800
2023-05-04,388.85723876953125,390.91126663739385,387.52305652796423,390.5849268562114,94901900
2023-05-05,396.0559997558594,397.102214486308,392.2262744508848,392.48541888407567,87891800
2023-05-08,396.16156005859375,396.64147667611564,394.76021173712985,396.3823322476967,50046800
2023-05-09,394.4242858886719,395.53769601743005,394.19393527299343,394.61626426292884,49220100
2023-05-10,396.2671203613281,397.8892407221348,392.44697389350114,397.2557473304781,96142900
2023-05-11,395.5760498046875,395.8639880395315,393.5028066384593,395.4032868637811,70157100
2023-05-12,395.05767822265625,397.02535353372895,392.638909501974,396.814189092828,70481500
2023-05-15,396.4206848144531,396.8237983199805,393.75234992228525,395.66240845072787,54289400
2023-05-16,393.7715759277344,396.2383543170176,393.761968222226,395.31689334176326,57705500
2023-05-17,398.5515441894531,399.1562144912637,394.14591338269895,395.78721992832476,87287000
2023-05-18,402.390869140625,402.8131980774416,398.01403224251106,398.23477512417634,97177200
2023-05-19,401.8053283691406,403.82098374117817,400.58635087495577,403.29308725192675,103793300
2023-05-22,401.9685363769531,403.50427528786696,400.586374286309,401.8245672616326,60745400
2023-05-23,397.45733642578125,401.9013689419868,397.0638012887145,400.32722839371974,86383500
2023-05-24,394.57781982421875,396.2383417764392,393.4164298740769,395.85441436146004,89213700
2023-05-25,397.994873046875,399.44423070710803,395.84485582251955,398.0812545290906,90961600
2023-05-26,403.1491394042969,403.86901432087706,398.5707454798897,398.6475192492727,93830000
2023-05-30,403.30267333984375,405.60626696953454,401.9205113036728,405.0783704702366,72216000
2023-05-31,401.0663757324219,402.38134275024066,399.50184266738273,401.479097047602,110811800
2023-06-01,404.8768615722656,405.9326839874396,400.0489015795839,401.2966730663804,88865000
2023-06-02,410.7317810058594,411.5188218630449,406.92124253883765,407.4491390116575,91426200
2023-06-05,409.94476318359375,412.36353228842165,409.2440744066445,411.0773593229492,65460200
2023-06-06,410.8374328613281,411.3653294424387,408.87936479133043,409.5320736758542,64022200
2023-06-07,409.4168395996094,412.3635345526036,408.9945106484148,411.2309384070294,85373300
2023-06-08,411.89324951171875,412.34437231335727,408.71620378018724,409.48405866767195,61952800
2023-06-09,412.63232421875,414.63837227354514,411.6436971048215,412.6899118726264,85742800
2023-06-12,416.37567138671875,416.45247445367045,412.89150113320926,413.6113761039967,76104300
2023-06-13,419.12078857421875,419.76386044542505,417.1723282571571,417.8346155400201,95899700
2023-06-14,419.6198425292969,421.4243335080621,416.1740450929453,419.4566872999007,100612100
2023-06-15,424.8222351074219,426.07000671204355,418.70810151955646,418.8040614185362,110303100
2023-06-16,423.3751525878906,427.3732510116979,422.9030966686289,426.80484934957235,114165800
2023-06-20,421.1785583496094,422.3250049416328,419.107257409602,421.4386947666536,76160400
2023-06-21,419.0205993652344,420.99555478179644,418.4329109170005,420.1959468611093,76982300
2023-06-22,420.5331115722656,420.6390713007603,417.72961825633774,418.06681362984074,70637200
2023-06-23,417.3539123535156,419.1362056994903,416.64100677536294,417.08416191308544,92074500
2023-06-26,415.648681640625,418.70263864501453,415.4078319979814,416.7854848977608,72823600
2023-06-27,420.20550537109375,420.8220650768467,416.07251788188415,416.525316319169,72813700
2023-06-28,420.4175109863281,421.4290677123489,418.509971256602,419.1265310456325,75636000
2023-06-29,422.07452392578125,422.2383146152685,419.59861200085055,420.0032229268465,67882300
2023-06-30,427.05535888671875,428.0380149404403,424.9647708481831,425.2827088718478,104964000
2023-07-03,427.5466613769531,427.82602579498047,426.4291155030701,426.70850932168867,32793400
2023-07-05,426.910888671875,427.64308112300023,425.72589763659545,425.73554103219334,58418400
2023-07-06,423.56781005859375,423.9917077726785,421.06296794825374,423.3366038147622,80658300
2023-07-07,422.4984436035156,426.438769743823,422.2575939538954,422.5755319557256,86134200
2023-07-10,423.56781005859375,423.7412147414674,421.5735680037754,422.1419696202549,62443500
2023-07-11,426.2653503417969,426.7566930521444,423.3558970583311,424.32893908451956,64463800
2023-07-12,429.6950378417969,431.1016209821125,428.62567949600117,430.0515200243212,91924500
2023-07-13,433.10540771484375,433.89540150524687,431.0726510840857,431.5061627491208,72425200
2023-07-14,432.83575439453125,434.83961069702235,432.07466121110787,433.9918445617416,69815800
2023-07-17,434.338623046875,435.3887239970372,432.6430320958501,432.6912196663996,52680200
2023-07-18,437.5660400390625,438.2115006773749,433.5775554716282,434.01109662916457,80668200
2023-07-19,438.5390625,439.724023983291,437.48893213427476,438.35601441060516,65891700
2023-07-20,435.62957763671875,438.44271452207744,434.91667207150675,437.5467608684042,70591600
2023-07-21,435.62957763671875,437.5467608684042,435.61996364299455,437.3444259913096,71275600
2023-07-24,437.5756530761719,438.38490436691495,435.74517222742827,436.7760157789645,54023400
2023-07-25,438.7702331542969,440.02263949533193,437.2576903912355,437.30587795856155,55191200
2023-07-26,438.83770751953125,440.263518637083,436.7856637889011,437.83576473919794,71052900
2023-07-27,435.9281921386719,442.62382369326946,435.0225951669556,442.2191833737535,92194400
2023-07-28,440.19610595703125,441.0246146496096,435.92822776892785,439.1941631701477,80011800
2023-07-31,441.0342102050781,441.39066294813205,439.3578768125751,440.6681140687776,62040400
2023-08-01,439.772216796875,440.51402315707037,438.81843216166044,439.5698819163366,55291500
2023-08-02,433.6546325683594,436.9205386548979,432.9031828085776,436.66043160748643,93933400
2023-08-03,432.4118347167969,434.2904737931767,430.9956375639887,431.64112757810364,64276100
2023-08-04,430.45611572265625,436.32320952695244,429.9358722590493,434.2230076857938,100128900
2023-08-07,434.21337890625,434.36752621178806,431.59293351328745,432.28658168791264,58357500
2023-08-08,432.3251037597656,434.2037427118271,428.9724661870649,431.6796137883657,71361300
2023-08-09,429.43487548828125,432.7586120279548,428.6737824515494,432.59482134894097,78789600
2023-08-10,429.5890808105469,435.16716703483127,428.42337671620794,431.7856284811605,93005500
2023-08-11,429.3385314941406,430.35011754971424,427.1227267257981,427.7200290859293,68690900
2023-08-14,431.7085266113281,431.7085266113281,428.1150686990038,428.4233633029166,47867400
2023-08-15,426.6795654296875,430.29230971707324,426.11113445595447,429.93582758422366,75707500
2023-08-16,423.5485534667969,427.9223617239687,423.44256433778145,426.2653150386881,80107200
2023-08-17,420.3211669921875,425.273020314269,419.8009235363625,425.01291328665195,95711300
2023-08-18,420.5234680175781,421.5543115245304,417.1612164787308,417.5080258452247,98852000
2023-08-21,423.2595520019531,424.00135836533855,419.3867000805202,421.5350602162778,68719000
2023-08-22,422.113037109375,425.0321333206804,421.5542789285874,425.0321333206804,64994200
2023-08-23,426.81451416015625,427.4311034249485,423.0283644204359,423.17286834168584,68441000
2023-08-24,420.8992614746094,428.9243595057039,420.87033128977225,428.4137593836846,88517300
2023-08-25,423.866455078125,425.14776219480035,419.07836317797603,422.62366273446645,102325100
2023-08-28,426.55438232421875,427.1709421526019,423.8664919427265,426.05339622552776,61595400
2023-08-29,432.72015380859375,432.9995476574254,426.2653709047112,426.44841900560834,83081900
2023-08-30,434.50238037109375,435.13822692888783,432.35399106524045,433.057282576268,69053900
2023-08-31,433.8665466308594,436.2557562391773,433.6834985527266,435.1189529964718,66084600
2023-09-01,434.6758117675781,437.06505085275637,433.2210704898494,436.5833515582069,58944100
2023-09-05,432.79718017578125,434.55057269413254,432.72976461783867,434.23266409054196,55166200
2023-09-06,429.8877258300781,432.093916863234,427.56593166865076,431.9879277285903,70758500
2023-09-07,428.5677795410156,429.24214077345874,426.54463704251503,426.89144635052827,70355400
2023-09-08,429.2132873535156,430.74508743408427,428.2595322506645,428.6159849900901,61659700
2023-09-11,432.0361022949219,432.34436749416994,430.12856253408137,431.83376742594476,60180100
2023-09-12,429.66607666015625,432.1131170199776,429.0880610953536,430.59096036501694,67565400
2023-09-13,430.1671142578125,431.3231749266096,428.78943192828973,429.8877204342684,60199300
2023-09-14,433.87615966796875,434.56980780447236,431.33280276784916,432.63339669886733,83430800
2023-09-15,428.64874267578125,432.62229333118586,428.21370176743056,432.2935859212208,111848900
2023-09-18,428.90008544921875,430.1955896700722,427.86560575276553,428.3393267614431,55752200
2023-09-19,428.0106506347656,428.57140936349316,425.33263382268484,427.9816479077142,66514600
2023-09-20,424.07574462890625,429.6831540306982,423.87269606637597,429.26743850526196,82562600
2023-09-21,417.06646728515625,421.4943834516094,416.91177626347593,421.2333589486901,104095800
2023-09-22,416.1287536621094,419.68655933537104,415.7130085528767,418.0913502784636,100829700
2023-09-25,417.87860107421875,417.9172517040119,414.485134786977,414.920205158679,70874500
2023-09-26,411.73944091796875,415.54862280920696,410.90798029741677,414.84285049792544,96168400
2023-09-27,411.90380859375,413.4700443597365,408.26867230252077,412.9092856337623,104705800
2023-09-28,414.2917785644531,415.964347748709,410.76297593705533,411.3527373620953,92258300
2023-09-29,413.2862548828125,417.5111516485618,411.76837701603733,417.33713532740484,115111300
2023-10-02,413.1219177246094,414.3690937958554,410.36654108063146,412.4548256054054,83798600
2023-10-03,407.59185791015625,413.1799422139496,406.22867088652805,410.94664397430034,103760600
2023-10-04,410.5599670410156,411.3043900178651,406.59609392791054,408.0559666596498,87453000
2023-10-05,410.4053039550781,411.2464125781848,407.1858831038249,410.2699382204488,70142700
2023-10-06,415.27789306640625,416.8150963910029,406.63472757769614,407.9592344326086,113273300
2023-10-09,417.9366149902344,418.5070215863633,412.8319288458573,413.3829806224,80374400
2023-10-10,420.11187744140625,422.70288570856627,418.1686064888882,418.5649967058061,78607300
2023-10-11,421.8327941894531,422.08414129890025,418.79703802262225,421.17537943505704,62451700
2023-10-12,419.2611389160156,422.8189443567332,416.91182957643576,422.4419089154139,81154200
2023-10-13,417.1728210449219,421.9584770278049,415.60661494268294,420.7596289275812,95143100
2023-10-16,421.5621643066406,422.6256468877368,419.17417458084833,419.41587382635646,75433200
2023-10-17,421.54278564453125,423.5924199141401,418.0913430371363,418.43937576892034,75324700
2023-10-18,415.9256591796875,420.73064064200355,414.8428514424272,419.77352121429993,93559800
2023-10-19,412.27117919921875,418.4490253157197,411.59443909771255,416.64111990263626,121323000
2023-10-20,407.20513916015625,412.37750784711915,407.0987761718527,411.83610400929126,123919900
2023-10-23,406.4993591308594,410.3568982821464,403.9276761980999,405.67757598059893,92035100
2023-10-24,409.56414794921875,410.7146385432617,406.7700909338865,408.61667642933105,78564200
2023-10-25,403.68597412109375,407.9109007331841,403.17357302000806,407.8818980106432,94223200
2023-10-26,398.8520812988281,403.4733696714875,397.9336418727087,402.6226131148312,115156800
2023-10-27,397.0440979003906,400.83395429205797,395.6229054415524,400.43756406837696,107367700
2023-10-30,401.7910461425781,402.844851029009,398.5329459102298,399.8284499771529,86562700
2023-10-31,404.3144226074219,404.6334525608876,400.4568834170143,402.3614742415841,79665200
2023-11-01,408.6263732910156,409.43847913059346,404.7495083565733,405.2812643437381,98068100
2023-11-02,416.4573974609375,416.612088488878,412.3968391143164,412.41616442869764,94938900
2023-11-03,420.2569274902344,421.80380835994043,418.63271585397734,418.75840416588386,100167800
2023-11-06,421.22369384765625,421.66841210779677,419.2804228673673,421.0109973746679,67831700
2023-11-07,422.4225158691406,423.0606052933152,420.0828841514639,421.22369728667144,64256100
2023-11-08,422.73193359375,423.5440394282341,420.43095231056213,423.02196085453033,61746000
2023-11-09,419.43511962890625,423.9113935278032,419.0097266771128,423.8727133946502,83174400
2023-11-10,425.9803771972656,426.28975929301595,419.4254952530958,421.50413223667414,89462200
2023-11-13,425.5742492675781,426.67638218285714,423.863029699829,424.6461326803493,52236100
2023-11-14,433.830810546875,435.1166375219735,431.2784524100305,431.50082633241226,97176900
2023-11-15,434.7491455078125,436.3927117469104,433.8983596665992,435.16486101976614,77327600
2023-11-16,435.2809143066406,435.59994425440004,433.24095780816333,434.30444014118734,66665800
2023-11-17,435.8223876953125,436.43147446982493,434.37219232906403,435.2906316917746,83133200
2023-11-20,439.1770935058594,440.01820194313484,435.5612536604329,435.57093106914016,69936200
2023-11-21,438.2200012207031,439.0514618608499,436.9534996970191,438.13299304399567,49244600
2023-11-22,439.911865234375,441.22672421241435,438.81940964411666,439.87321460582723,59394900
2023-11-24,440.1826171875,440.3759883694041,439.63156537724313,439.96027278304024,29737400
2023-11-27,439.3898620605469,440.3663068584605,439.0031197003399,439.55420100976517,50506000
2023-11-28,439.8249206542969,441.12042500107185,438.4424081242647,439.00313736224456,62115000
2023-11-29,439.5154724121094,443.10230972873876,439.1191116939092,441.97114450802434,63146000
2023-11-30,441.24609375,441.59415597189025,438.2876976332808,440.35665713551293,79752700
2023-12-01,443.8564453125,444.3881717849613,440.0472633152973,440.6369952391435,89183400
2023-12-04,441.5264587402344,443.8757680204174,439.25448022667734,440.47265370720123,72430900
2023-12-05,441.439453125,442.3965725770802,439.76688393206007,440.14394887033336,69793500
2023-12-06,439.6605529785156,443.60507121667763,439.225482586349,443.57606849081975,69124700
2023-12-07,443.0152587890625,443.6629960502869,441.1396708462714,441.73908007461404,66995400
2023-12-08,444.9198913574219,445.4516177863762,442.02914891320626,442.2708481089666,83194400
2023-12-11,446.6504821777344,446.8245280398024,444.21416465607524,444.4268611503367,65002200
2023-12-12,448.6904296875,448.7871152745883,445.30664066950123,446.3024402574832,68327600
2023-12-13,454.8778991699219,455.12927578193285,448.709730800554,449.0674408996175,93278000
2023-12-14,456.3378601074219,458.0007521228424,453.66949095366965,456.8115811946913,119026000
2023-12-15,455.58642578125,456.91633245678577,453.74207009746453,455.7417439978948,141553700
2023-12-18,458.14910888671875,459.12954211953263,456.13003141968665,457.18810894495897,70375300
2023-12-19,460.9350891113281,461.0127630324847,458.61509172941334,458.69273602664884,55761800
2023-12-20,454.5476989746094,461.9639573235186,454.12058136235686,460.08076502147327,102921000
2023-12-21,458.8577575683594,459.1295570366737,455.1107760152546,457.5278509164755,86667500
2023-12-22,459.7799072265625,461.45925759296136,457.8870276491879,459.98374941589714,67160400
2023-12-26,461.7213439941406,462.62410332069675,460.1099508863103,460.1876248035588,55387000
2023-12-27,462.5561828613281,462.7017844285322,460.98362668768385,461.5175089754055,68000300
2023-12-28,462.7309265136719,463.5657286208665,462.3135254600746,462.91536504878167,77158100
2023-12-29,461.3913269042969,463.06096072132885,459.4401769650659,462.5367654374911,122283100
2024-01-02,458.8092041015625,459.7993540123723,456.7124526493962,458.3335624378489,123623700
2024-01-03,455.062255859375,457.3919698393569,454.4604162904711,456.6542157231931,103585900
2024-01-04,453.5964660644531,457.16869615612853,453.37319057475315,454.5865863632777,84232200
2024-01-05,454.21771240234375,456.6639075045455,452.77132456262234,453.80028176128866,86118900
2024-01-08,460.7021179199219,460.84771948944723,454.5865853845721,454.71278328613425,74879100
2024-01-09,460.0032043457031,461.02244496424106,457.54729244084217,458.05205442710235,65931400
2024-01-10,462.6047058105469,463.4686578138975,459.9934757568045,460.27499186871785,67310600
2024-01-11,462.4008483886719,464.1190060691037,458.43062113494074,463.6045274671268,77940700
2024-01-12,462.7212219238281,464.5850109920546,461.31370050606375,463.847256832393,58026400
2024-01-16,461.0224609375,462.6532578332319,459.2072255045687,461.3428140279713,85014900
2024-01-17,458.4597473144531,458.9451056102245,456.11060012839494,458.0035093314712,68843900
2024-01-18,462.5367431640625,463.09005873569527,458.58594911701266,460.12938495584103,91856200
2024-01-19,468.30279541015625,468.5843115147551,462.5852901238366,463.66277131466796,110834500
2024-01-22,469.2929992675781,471.01115715758357,468.64260604571103,469.83659824827777,75844900
2024-01-23,470.6616516113281,470.9043307691421,468.7493682867175,469.836566173897,49945300
2024-01-24,471.1761474609375,474.45714470411593,470.6810725123754,473.52526505734005,81765000
2024-01-25,473.7388916015625,474.0106911050473,471.17621480069516,473.30205721699724,72525000
2024-01-26,473.1369934082031,474.79691054106985,472.29247468488353,473.3117152908374,76641600
2024-01-29,476.88397216796875,477.0296033689382,472.90405748370506,473.4476564539632,61322800
2024-01-30,476.5150451660156,477.22364926399433,475.757857843928,476.1946921260682,58618400
2024-01-31,468.73968505859375,474.7581108271003,468.72025176527393,474.3115894395865,126011100
2024-02-01,474.8745422363281,474.90366254751126,469.63264923202524,470.43836054795435,91891600
2024-02-02,479.8737487792969,481.523949196212,474.97161226030033,475.31136898916844,99228200
2024-02-05,478.1264343261719,479.9028622372628,475.8743943997294,479.24278207992484,75757100
2024-02-06,479.5146179199219,479.84465802363434,477.6411122849623,479.0680669349689,55918600
2024-02-07,483.5139465332031,483.93134756331705,480.8541628931194,481.75695184930976,70556500
2024-02-08,483.7275390625,484.10610316011065,482.69858176017516,483.51398020972,52343600
2024-02-09,486.523193359375,486.9599980744067,483.8925299274153,484.2322866772762,63979400
2024-02-12,486.3096008300781,488.7557959365899,485.59125041968997,486.4940393494017,56502300
2024-02-13,479.61163330078125,482.5334996770295,476.35003982173856,480.04846760997253,113099200
2024-02-14,483.9701843261719,484.4555426281319,479.9222830533005,482.2423099561509,68387800
2024-02-15,487.3094482421875,487.4938867654942,484.19342663721847,484.6690979139186,61683000
2024-02-16,484.8826904296875,488.1442842020213,484.144936285217,487.00856229426716,75532900
2024-02-20,482.21319580078125,483.8148722929186,479.970842787005,483.14507545774694,71736700
2024-02-21,482.6499938964844,482.80531210783914,479.10688422021883,480.9124325062878,59293400
2024-02-22,492.638671875,493.5996718242251,488.2898508655614,489.25088043870596,76402500
2024-02-23,492.9783935546875,495.19162604856547,492.250356160334,494.35679443193635,61321800
2024-02-26,491.1728820800781,493.8520693709636,491.0466841824756,493.4152350521733,50386700
2024-02-27,492.0853576660156,492.30863314805396,489.9692025931845,491.86211180789684,48854500
2024-02-28,491.4350280761719,492.01743437576624,490.17307863790023,490.5322390639573,56506600
2024-02-29,493.2016906738281,494.8130838290683,490.5516532421677,493.1920036518268,83924800
2024-03-01,497.8320007324219,498.25911842016706,493.6676477127876,494.0753617325155,76844800
2024-03-04,497.2981262207031,499.1425115484434,497.00692307628157,497.03607301464484,49799300
2024-03-05,492.3280334472656,495.7449748064334,490.1245174506037,495.29842384541166,72855600
2024-03-06,494.8227844238281,497.0748540345267,493.53174438668293,495.5993458504527,68382400
2024-03-07,499.7345886230469,500.78297909459656,494.88100583529064,498.1135085613306,58652100
2024-03-08,496.73504638671875,503.0446739851337,496.16232720910017,500.3655462250619,86532500
2024-03-11,496.3080139160156,496.8904498381802,493.6094227797772,495.53145243574386,62557200
2024-03-12,501.64697265625,502.22937893995004,495.90028750048145,498.41446966211043,73114400
2024-03-13,500.86065673828125,502.14200986510485,499.4240150117718,501.9672879725168,55104100
2024-03-14,499.87054443359375,501.9866995940405,496.8321966177629,501.831351753217,110171800
2024-03-15,496.4381103515625,498.2590153922283,494.7730358188075,496.80813351794416,107646300
2024-03-18,499.3885192871094,501.93969410963876,498.97956820958467,500.4985887866016,88893300
2024-03-19,502.1636962890625,502.44605736767124,497.6942371868493,498.6972103635703,60755300
2024-03-20,506.8083801269531,506.94471696954355,501.5502591703246,502.22213711517423,69594600
2024-03-21,508.4831237792969,510.34292670569124,508.2007033176528,509.64186783246885,60256100
2024-03-22,507.5191345214844,508.8823243537427,507.2853888001489,508.39545810681153,79070800
2024-03-25,506.1170349121094,507.2660322991133,505.96120440733904,506.1462159868013,48512100
2024-03-26,505.1822814941406,507.87954020766836,504.7830772199743,507.5386980888141,65463700
2024-03-27,509.4277038574219,509.4666912006187,505.8443747669276,508.00609219695343,82999800
2024-03-28,509.33038330078125,510.829910300913,509.04802220619024,509.46672014586477,96294900
2024-04-01,508.44415283203125,510.6058699579784,507.2854087415083,510.07032895168504,62477500
2024-04-02,505.2115478515625,505.34782527414643,502.9134932946272,504.62727251731803,74230300
2024-04-03,505.7664794921875,507.266065898289,504.0721940901131,504.1208688391064,59155800
2024-04-04,499.5929870605469,510.10928714568735,499.29113233493734,509.76850451197106,96858100
2024-04-05,504.81219482421875,506.7694068986325,500.5083132867227,500.9465048519071,74546500
2024-04-08,505.0945739746094,506.51624504555883,504.28641866242464,505.5133313161047,48401800
2024-04-09,505.6788330078125,507.0712635271461,500.8393509659492,506.8278303713481,68049200
2024-04-10,500.6154479980469,502.6018412987628,498.6388015333815,499.9922448100833,82652800
2024-04-11,504.3935546875,505.8346601112469,498.6290735605831,502.1344876196163,70099000
2024-04-12,497.4313659667969,502.27081877394835,495.70784003413945,500.85889444352966,92561100
2024-04-15,491.1994323730469,501.7644075343254,490.3522600316743,501.59888962975333,92101400
2024-04-16,490.3036193847656,493.19560665785394,489.01828510429004,491.6765860412786,73484000
2024-04-17,487.40185546875,492.9229325491744,486.00942494137024,492.75738492725213,75910300
2024-04-18,486.3989562988281,490.8878795783521,485.46418121059236,488.794360179131,74548100
2024-04-19,482.1534423828125,487.31421332567436,480.8875721611567,486.3210167619427,102212600
2024-04-22,486.5937194824219,489.18385210193054,482.41639776348796,484.7533503648902,67961000
2024-04-23,492.367919921875,492.7963646750655,486.4086807205422,488.5995792337359,64633600
2024-04-24,492.1342468261719,494.0427545951939,489.914137461728,493.2540334865075,55928100
2024-04-25,490.2646789550781,491.0241892900092,484.4222826199273,486.0678932982719,69122400
2024-04-26,494.9093322753906,496.4867743057136,492.41657923952914,493.04949947545424,64306100
2024-04-29,496.6621398925781,497.33401788873596,493.925953155284,496.69135068736904,46415400
2024-04-30,488.79437255859375,496.1752536684076,488.79437255859375,495.2015209263445,77483600
2024-05-01,487.2071533203125,494.841213980312,486.7397509352648,488.2100967940072,80242800
2024-05-02,491.7641906738281,492.60161619088024,486.4281251448712,490.90730120185356,62550200
2024-05-03,497.85980224609375,499.08668524553275,495.20150126804214,497.73321224009646,72756700
2024-05-06,503.0010986328125,503.0400265445959,499.8169737447077,500.2551653379584,47264700
2024-05-07,503.55615234375,504.9485829994704,502.8842743906612,503.9651034446084,52561300
2024-05-08,503.6047668457031,504.14030789046143,501.60862689782874,501.7254700555243,42047200
2024-05-09,506.5065002441406,506.54548758690595,503.13742328274043,503.78980752288453,43643700
2024-05-10,507.15899658203125,508.91170366265516,505.9418306327187,508.1034888313709,52233200
2024-05-13,507.22711181640625,508.94089100323504,506.0878611147721,508.8337946620412,36716400
2024-05-14,509.5542907714844,510.0703976103099,506.88627278339663,507.42181386177714,57535900
2024-05-15,515.8641967773438,516.1563047340521,511.38499019072265,512.0179402902028,59504900
2024-05-16,514.8026733398438,517.5583531460086,514.6565896819933,515.9614174721102,50244800
2024-05-17,515.5427856445312,515.6109540647997,513.4687302561026,514.9195824580145,59187600
2024-05-20,516.13671875,517.5973177042522,515.2700824401487,515.6595992673854,37764200
2024-05-21,517.4026489257812,517.5584794564415,515.1728221981522,515.3773274826686,33437000
2024-05-22,515.9127807617188,517.4220544657823,513.741316563043,516.7112486575287,48390000
2024-05-23,512.14453125,519.0677572803991,510.9370526401655,518.9606609347318,57211200
2024-05-24,515.5330810546875,516.3412958961842,513.0403275362747,513.9848197975488,41291100
2024-05-28,515.893310546875,516.5749353115505,513.2642204156563,516.3412489766735,36269600
2024-05-29,512.28076171875,513.4589997088932,511.56995584928654,511.871810616093,45190300
2024-05-30,508.8824157714844,511.4044095336918,507.6360688600374,510.7422784507473,46377600
2024-05-31,513.517333984375,513.6439239713764,504.7439941340697,509.8366558224101,90785800
2024-06-03,513.9360961914062,515.4064420460951,508.87267437322015,515.1240809646227,46835700
2024-06-04,514.5106811523438,515.2507275789484,511.17078482758455,512.6313840068518,34632700
2024-06-05,520.6256713867188,520.6451650598835,514.84169649016,516.8281493311971,47610400
2024-06-06,520.6159057617188,521.3559521321091,518.6879340097541,520.9275073614583,30808500
2024-06-07,519.9829711914062,522.787325920015,518.5515533208824,519.6421291117942,43224500
2024-06-10,521.589599609375,521.9109480214009,518.5807990347079,519.1747616812378,35686100
2024-06-11,522.8458862304688,522.904307826486,518.0745713052842,520.0415307577631,36383400
2024-06-12,527.1399536132812,529.8274655446977,526.1077992631506,527.4028804771598,63251300
2024-06-13,528.2012939453125,529.0581834417079,525.4164327979901,528.8829186945259,44760900
2024-06-14,528.5226440429688,528.5518251182958,525.6695550365463,526.6725282080745,40089900
2024-06-17,532.7291259765625,534.1216160104203,527.3833430672393,527.8410283318889,55839500
2024-06-18,534.0825805664062,534.2091705580833,532.3688016931667,532.7874995764366,41376400
2024-06-20,532.6318359375,535.6698774866474,530.8596351285086,535.0077463215187,70328200
2024-06-21,531.9176635742188,533.0313142277637,530.4621308750893,531.810221745453,64338600
2024-06-24,530.1886596679688,534.3013212499749,530.0714395414016,531.7419157804823,45528700
2024-06-25,532.2302856445312,532.5917242597523,529.8955424418219,531.4096852385123,37936200
2024-06-26,532.8945922851562,533.6076912884868,530.4719636310322,531.1166742934914,38550600
2024-06-27,533.7347412109375,534.311123211826,532.0154331135317,532.7578670304722,35041500
2024-06-28,531.6343994140625,537.5543137581463,530.3938098387125,534.5064116818106,76144500
2024-07-01,532.7285766601562,533.2560672380866,529.973784394742,533.0118486999152,40297800
2024-07-02,536.3135986328125,536.3135986328125,531.0775683576217,531.126400132376,40434800
2024-07-03,538.7069091796875,539.068347757372,535.9618958708759,536.000949362856,32789900
2024-07-05,541.8134765625,542.213968717536,538.3748605783948,539.0098526062544,41488400
2024-07-08,542.4386596679688,543.3861988920726,541.3738407022457,542.5949332840256,36110500
2024-07-09,542.9662475585938,544.2947822161125,542.6731972111517,543.3960746093994,27289700
2024-07-10,548.3389892578125,548.6808713510104,543.8942239279161,544.1872742397521,38701200
2024-07-11,543.6109008789062,549.3256503566656,542.9759684638211,548.4562180647349,53054200
2024-07-12,547.0397338867188,550.6346235261244,544.2654447499774,544.7343252522627,53084400
2024-07-15,548.5441284179688,551.7775792240066,546.6880438244344,549.0325654558818,40584300
2024-07-16,551.7970581054688,552.090108393895,549.1008762046278,549.8530882979716,36475300
2024-07-17,544.0601806640625,547.5476278240299,543.7377955656038,545.8771519032762,57119000
2024-07-18,539.879150390625,546.580551242634,537.7007404833427,545.593898977862,56270400
2024-07-19,536.2940673828125,541.2663824595259,535.2390267295067,539.644738170822,65509100
2024-07-22,541.8232421875,542.4288993582354,538.277184442637,540.2113760766848,43346700
2024-07-23,540.9733276367188,543.8648365993427,540.484890622907,541.7157018138391,34439600
2024-07-24,528.7135009765625,536.4698829953903,527.7952370228695,536.1670544374522,74515300
2024-07-25,525.958740234375,534.7994982405838,525.0209792890996,528.8307523766035,61158300
2024-07-26,531.8493041992188,534.5357078065754,528.9675138593225,529.7392825093052,53763800
2024-07-29,532.161865234375,534.3988851266782,530.169004207153,533.3927359573876,39515800
2024-07-30,529.4658203125,534.6823548134623,526.0663171509535,533.6273139750385,46853600
2024-07-31,538.0719604492188,540.6997538692295,534.9166765387299,536.2842643515584,65663400
2024-08-01,530.4523315429688,542.0380422456446,526.955106117804,539.7912440920945,76428700
2024-08-02,520.5762329101562,524.5716145988897,516.3756265717791,523.3603002519518,82789100
2024-08-05,505.4151916503906,511.471823774319,498.4696004036764,499.807943134795,146267400
2024-08-06,510.0747375488281,517.4989554385519,505.8936885816187,507.2124445147762,84826300
2024-08-07,506.66546630859375,519.2965001883216,506.06958745039486,516.248598311969,70698300
2024-08-08,518.378173828125,519.0033278281719,509.7719169059722,511.79399346845105,63276600
2024-08-09,520.6640014648438,522.1488688468696,516.3364573171235,517.5575496711185,45619600
2024-08-12,520.9376831054688,523.3407552909962,518.6713279832952,521.8559471668351,42542100
2024-08-13,529.5048217773438,529.7393216479126,523.878076980635,524.1222955084382,52333100
2024-08-14,531.1751708984375,532.3572097547438,527.6291139531684,530.2959605592147,42446900
2024-08-15,540.2797241210938,540.5629961238054,536.1866195717042,536.7922766972661,60846800
2024-08-16,541.490966796875,542.1845687274085,538.51151333941,538.667786928332,44430700
2024-08-19,546.6685791015625,546.6685791015625,541.0515522219238,541.9014280407754,39121800
2024-08-20,545.779541015625,547.8700657821756,544.4412283435015,546.2191462607274,33732300
2024-08-21,547.6551513671875,549.1106842316043,541.9013486274712,546.8248322343893,41514600
2024-08-22,543.3568115234375,550.155875826028,542.1454973391976,549.5502187339081,56121500
2024-08-23,549.1301879882812,550.0680084955276,544.4020915801096,546.5903394303513,50639400
2024-08-26,547.8211669921875,550.8690092024209,546.1214157161334,550.1559102385648,35788600
2024-08-27,548.5734252929688,549.0618623501647,545.4083627021253,546.5512887213379,32693900
2024-08-28,545.3887939453125,548.661357929549,542.204174863817,548.2315309438809,41066000
2024-08-29,545.4375610351562,550.6443160255352,544.294635177053,547.3522554939839,38715200
2024-08-30,550.6444091796875,551.1524028130747,544.2556737558524,547.8017316610252,62700100
2024-09-03,539.3126831054688,547.8407751289367,536.8021094517958,547.5086116923438,60600100
2024-09-04,538.2088012695312,541.6083040829072,536.7532683896355,537.4761456891545,47224900
2024-09-05,536.8997802734375,540.9928852935313,534.4478166491117,538.1502077884983,44264300
2024-09-06,527.86376953125,538.8438268549829,526.9650618918539,537.2222417910504,68493800
2024-09-09,533.7737426757812,535.0437266855093,530.1300214174476,532.054494369654,40445800
2024-09-10,536.0986938476562,536.4504138231891,530.8138314182086,535.6786451567546,36394600
2024-09-11,541.5984497070312,542.5167136236998,527.4728902611638,536.0107592184578,75248600
2024-09-12,546.1604614257812,546.4632899534062,539.957276313442,542.1747991721596,51819600
2024-09-13,549.012939453125,550.0093699640063,546.5121445202687,546.7661412876428,39310500
2024-09-16,549.8238525390625,550.0875680057417,546.9518402590558,548.7492552395013,36656100
2024-09-17,550.0484619140625,553.477299266029,547.8211605278194,552.0314851715059,49321000
2024-09-18,548.4171752929688,555.5385664291312,547.8603498689396,550.7030274298603,59044900
2024-09-19,557.7755737304688,559.6316584337985,554.9426745171918,557.8049085738365,75315500
2024-09-20,556.8112182617188,557.8498782387624,553.7932014239487,556.4094978111054,77503100
2024-09-23,558.2027587890625,558.8495067502496,556.6643550711399,557.8794446150124,44116900
2024-09-24,559.7999267578125,559.8587165873663,556.1743944512203,558.9964258828836,46805700
2024-09-25,558.565185546875,560.3779812951763,557.4579274397835,559.6430786474534,38428600
2024-09-26,560.7798461914062,563.1413674659622,558.428192996937,562.8179934718497,48336000
2024-09-27,559.9664916992188,562.6611352170194,558.9376397719122,561.8478858705382,42100900
2024-09-30,562.21044921875,562.8179640810873,556.6447925339722,558.9376557740085,63557400
2024-10-01,557.1739501953125,562.5044480240527,554.6066943100618,561.857759819067,72668800
2024-10-02,557.4089965820312,558.4280999557304,553.8912957466886,556.2821816369686,38097800
2024-10-03,556.3900146484375,558.3301388916863,554.106899883147,555.9392527365582,40846500
2024-10-04,561.4461669921875,561.8185225581165,556.6643942780399,560.828843806913,42939100
2024-10-07,556.3704223632812,560.4467168743025,555.22399069742,559.7999688939893,49964700
2024-10-08,561.63232421875,562.2300906410503,558.0656412646009,558.9376805045769,37398700
2024-10-09,565.5223999023438,566.0809331902332,561.0247685875196,561.6224751598685,37912200
2024-10-10,564.53271484375,565.9535388259317,562.9257131010544,564.1799758679994,44138100
2024-10-11,567.9132690429688,568.6481717987969,564.3171018304082,564.4542980317323,42268000
2024-10-14,572.5579223632812,573.4888112745962,569.0401610478535,569.520288010914,36217200
2024-10-15,568.1093139648438,573.1262458468478,566.8942243784207,572.8224884018784,54203600
2024-10-16,570.5785522460938,571.097912292803,567.3058184280349,568.1093193754714,30725400
2024-10-17,570.6275024414062,574.3216329805343,570.4413246734956,574.1158386665669,34393700
2024-10-18,572.8224487304688,573.6063330690159,570.8528997080355,572.3128969974695,37416800
2024-10-21,571.8818359375,573.0772492638474,568.9127995570122,572.0973787445921,36439000
2024-10-22,571.5779418945312,572.7341816541917,568.6971208640092,569.3536172092114,34183800
2024-10-23,566.3552856445312,570.0004346494243,562.8571411229607,569.5594810059998,49314600
2024-10-24,567.5801391601562,568.3836400907534,564.9639018539431,568.3052337104026,34979900
2024-10-25,567.3841552734375,572.6950960929863,566.4435179318251,569.8044663478088,47268200
2024-10-28,569.1381225585938,570.9802836348513,568.8343651367928,570.8528957024953,30174700
2024-10-29,570.0592041015625,571.1762108700161,566.7864107519835,568.1778099310847,42899700
2024-10-30,568.3346557617188,571.5780244818477,567.6291179550885,569.5888588084969,41435800
2024-10-31,557.1935424804688,564.0428273008541,556.9975564307639,563.9742291931302,60182500
2024-11-01,559.545166015625,563.9643910438907,559.1336371976272,559.8195584319851,45667500
2024-11-04,558.3399047851562,560.9757583388703,556.4585705161212,559.6823223393656,38217000
2024-11-05,565.0912475585938,565.1304208425688,559.0356559214524,559.251198693126,39478300
2024-11-06,579.142578125,580.0146771322202,573.6063462638446,577.3396500855225,68182000
2024-11-07,583.6206665039062,584.6397701216673,581.063218798349,581.1416251858423,47233200
2024-11-08,586.148681640625,587.5695056932594,584.1693242787533,584.1693242787533,46444900
2024-11-11,586.7071533203125,588.0887441353201,584.9825720146739,587.7360051791314,37586800
2024-11-12,584.8846435546875,587.2264882691159,582.4055428293386,586.6287817012992,43006100
2024-11-13,585.1688232421875,587.1677373847895,582.9837313260188,585.3451927424278,47388600
2024-11-14,581.4060668945312,585.7763103260314,580.7202054727688,585.296183408181,38904100
2024-11-15,573.9591064453125,578.3195418358689,572.1071369723535,577.8491633593196,75988800
2024-11-18,576.310791015625,577.6237838402152,573.5573576252949,574.4195885423085,37001700
2024-11-19,578.41748046875,579.142574989824,572.2737337790142,572.9400384688264,49412000
2024-11-20,578.6134643554688,578.8976052377521,572.8616299600318,578.495884693383,50032600
2024-11-21,581.7196655273438,583.1404896221547,575.6249001169805,581.455141177832,46750300
2024-11-22,583.5225830078125,584.1497143652956,581.2101034094488,581.7097870344509,38226400
2024-11-25,585.501953125,588.7648782973704,583.2188384863542,587.4518855330788,42441400
2024-11-26,588.5591430664062,589.2254477201681,586.0310608458545,586.7463470552605,45621300
2024-11-27,586.7757568359375,588.7550542016285,585.256969810655,588.3729502321648,34000200
2024-11-29,590.4209594726562,591.204843913549,587.3147867247623,587.5891193661275,30177400
2024-12-02,591.4791870117188,592.1552999944694,590.3425038316959,590.8324390421951,31746000
2024-12-03,591.7534790039062,591.9984465923378,590.2151351783115,591.2439870884159,26906600
2024-12-04,595.427978515625,595.6729460981672,592.7725681970518,593.438872844782,42787600
2024-12-05,594.4481201171875,596.2314913306755,594.0953811448159,595.4279904670244,28762200
2024-12-06,595.5750732421875,596.8097196143469,594.8009970944031,595.212525949607,31241500
2024-12-09,592.5079956054688,595.6239761392873,591.9200973185369,595.4574149257465,34742700
2024-12-10,590.6658325195312,593.6054435570935,590.0093361336401,593.184106485161,37234500
2024-12-11,595.2319946289062,596.1824400499527,593.311427437485,593.5858198104879,28677700
2024-12-12,592.1651000976562,594.9380902901107,592.1651000976562,594.3698085144841,31543800
2024-12-13,592.0475463867188,594.9087513561514,590.6757038334936,594.1934650654297,35904700
2024-12-16,594.5755615234375,595.5456834945226,593.0274092921627,593.8014854078001,43695200
2024-12-17,592.1258544921875,592.9881452170704,590.7540718346318,592.0278913761272,55773500
2024-12-18,574.4784545898438,594.2031909866316,574.0962907751041,591.822113059209,108248700
2024-12-19,574.3020629882812,581.0631932062172,574.0570953688857,579.456191269411,85919500
2024-12-20,581.199951171875,585.7225012446567,571.132257605004,571.9778279294948,125716700
2024-12-23,584.6803588867188,585.2800771480029,577.7686569320756,580.9443313472664,57635800
2024-12-24,591.1790771484375,591.2184422848073,585.4471892507113,586.0272849416975,33160100
2024-12-26,591.218505859375,592.3392722176656,588.0133673077331,589.4094496188982,41219100
2024-12-27,584.9949340820312,587.7183292627742,580.8164691334702,587.4823184826345,64969300
2024-12-30,578.3192138671875,581.7799853973963,574.5733451400716,577.9948115421023,56578800
2024-12-31,576.2153930664062,580.6986388843645,574.5832998036092,579.9808850967214,57052700
2025-01-02,574.799560546875,581.1803135593343,570.7292291618253,579.4696102256324,50204000
2025-01-03,581.9864501953125,582.6254735449975,576.5593423217554,577.6408633877121,37888500
2025-01-06,585.3390502929688,589.6060270134918,583.608664526265,586.2337670283534,47679400
2025-01-07,578.7222900390625,587.6887790314382,576.903452910936,587.3643167301589,60393100
2025-01-08,579.5678100585938,580.6394897953063,575.3500401020275,578.7911287868388,47304700
2025-01-10,570.7193603515625,576.0874809051687,568.8120114375996,576.0186519228087,73105000
2025-01-13,571.6041870117188,571.9581131697737,565.6658125456092,566.0787864044993,47910100
2025-01-14,572.3908081054688,575.1535088845837,568.6154150795988,574.5242667122994,48420600
2025-01-15,582.802490234375,583.9429389739179,579.2827311805529,580.3937160773642,56900200
2025-01-16,581.6817016601562,584.34604932179,580.9836305712422,584.1690862304802,43319700
2025-01-17,587.521728515625,589.2717368825727,585.5848557638515,586.9121689712896,58070600
2025-01-21,592.8995361328125,592.9093774154856,588.5932548694913,590.5595911538271,42532900
2025-01-22,596.232666015625,597.5894432517595,595.1708273073808,595.7213992287225,48196000
2025-01-23,599.48681640625,599.48681640625,595.3280340779654,595.6032899728609,41152100
2025-01-24,597.73681640625,600.4995770008244,596.5865262707722,599.54587252364,34604700
2025-01-27,589.2816162109375,589.5962372876534,584.6312490621345,584.7983708814467,70361100
2025-01-28,594.3449096679688,595.1805787054238,587.1972570477369,590.5105293609671,44433300
2025-01-29,591.6805419921875,593.9614997638901,589.1341095636221,593.5583671362218,37177400
2025-01-30,594.8561401367188,596.3898803192325,590.6088457833347,593.7943615542468,39281300
2025-01-31,591.6903076171875,599.6933113603776,590.9332488823969,597.2746959271392,66566900
2025-02-03,587.70849609375,590.1860392450765,580.5510025263411,582.6943020815504,65857200
2025-02-04,591.6510620117188,592.1622687341741,587.2268045597665,587.767535135661,33457800
2025-02-05,594.0498657226562,594.1973649569587,588.5048426365228,590.5301667443101,30653100
2025-02-06,596.1146850585938,596.2425017541303,592.4867911796968,595.7902226770135,35771500
2025-02-07,590.6580200195312,597.8941240756534,589.9501076619601,596.6750050236558,50788500
2025-02-10,594.6693115234375,595.3083949100401,592.5948408497425,593.8631663388722,26048700
2025-02-11,595.1216430664062,595.6623736678141,592.2901133629294,592.408088766588,30056700
2025-02-12,593.2044067382812,594.3743794070193,588.4360645213627,589.1144530437037,45076100
2025-02-13,599.4671630859375,599.6736500230521,593.0471055616473,594.3055297285264,40921300
2025-02-14,599.4378051757812,600.7060708506282,598.8184042628043,599.6737559982794,26910400
2025-02-18,601.1976318359375,601.1976318359375,598.1399925315113,600.5979135172886,26749000
2025-02-19,602.6134033203125,602.9083418402669,599.3001305958442,599.81139736899,31011100
2025-02-20,600.106201171875,601.3843078099816,596.8027704742943,601.2466498622931,36554000
2025-02-21,589.8419799804688,600.0275889538111,589.3798596850504,599.8899309928074,76519800
2025-02-24,587.1580200195312,592.8800672914438,586.4501075695626,591.8870576091449,50737200
2025-02-25,584.2379760742188,587.8265647106925,579.6367551973434,587.0990297013516,58266500
2025-02-26,584.5328369140625,589.488043359785,581.8979531727184,585.8994552001853,43321600
2025-02-27,575.2025756835938,587.9542991571739,574.809344386224,586.8039490929929,74196700
2025-02-28,584.1788940429688,584.70978328648,572.636508577737,575.7039886670112,88744100
2025-03-03,573.9441528320312,587.2857532860544,570.1392964764723,586.1452445030724,74249200
2025-03-04,567.150390625,575.5368441329807,562.6179996474549,569.952455985737,109648200
2025-03-05,573.24609375,575.035467216836,563.434093538414,566.9833166199888,71230500
2025-03-06,563.0703125,570.4047092717689,560.5238803180225,565.7936477589768,80094900
2025-03-07,566.2262573242188,567.6715458955733,556.1094773560538,561.2907933786839,81158800
2025-03-10,551.1444702148438,559.9536192631458,546.2384702857362,558.0364891964213,99326600
2025-03-11,546.56298828125,554.5266887361913,542.7286673284324,549.9844552948313,88102100
2025-03-12,549.463134765625,553.6317577833393,544.3703313613182,552.7075773967466,69588200
2025-03-13,542.1386108398438,549.6991769603108,540.4279077137791,549.0896174558009,74079400
2025-03-14,553.3369750976562,554.3398260143258,542.2075022062043,546.7497351697265,62660300
2025-03-17,557.6039428710938,560.1208513978755,552.8846868765244,553.3172833424321,49008700
2025-03-18,551.5770874023438,555.5097605205915,549.6500559715837,555.2934322950165,66041400
2025-03-19,557.5842895507812,561.3399999727566,552.1768634471969,553.3566775077279,66556000
2025-03-20,555.9718627929688,560.966374832501,553.1304918485869,553.848245552193,62958200
2025-03-21,556.1552124023438,557.0526205906217,550.2878120115934,551.5204692681951,83763000
2025-03-24,566.1151733398438,567.1703352751009,562.2890000340255,562.880651498493,58766800
2025-03-25,567.4760131835938,568.4127846067184,565.73055113845,567.3181993393742,38355700
2025-03-26,560.7012939453125,568.3338979913931,559.3206937528307,567.2097001365158,51848300
2025-03-27,559.2122192382812,562.9792269072261,557.1018956425098,559.3108077400744,42164200
2025-03-28,547.9507446289062,558.413587192946,547.3689639965595,557.6838635858104,71662700
2025-03-31,551.62890625,552.9305994826874,539.282592409213,542.201546342058,95328200
2025-04-01,553.1869506835938,555.1296497708261,545.998115405224,549.7158288612504,54609600
2025-04-02,556.687744140625,559.547472787333,547.1124411566806,547.3491017135567,76014500
2025-04-03,529.2537231445312,540.3673198616506,529.2537231445312,537.5470145495102,125986000
2025-04-04,498.2696838378906,518.5740121118964,498.05273494035157,516.404523136506,217965100
2025-04-07,497.3821716308594,515.9114550791749,475.115432610906,482.40291724281104,256611400
2025-04-08,489.5918273925781,517.6963871548359,482.37337814369187,514.6196789750944,165816600
2025-04-09,541.0084228515625,541.0084228515625,486.20939567811143,486.59399925019795,241867300
2025-04-10,517.3019409179688,526.0981670837639,502.25365007002944,524.7866027854379,162331200
2025-04-11,526.5321044921875,528.9875485351057,512.8545420601603,515.7537548286505,97866300
2025-04-14,531.6401977539062,536.7286411738348,526.453165817952,536.5017912856171,68034000
2025-04-15,530.151123046875,535.6931457102869,529.3622343758641,532.1825399641931,56892900
2025-04-16,518.366943359375,530.4273047249436,513.0714517926509,524.3034408726064,83484800
2025-04-17,519.1065063476562,523.800475242003,516.6411916080497,520.3194821276195,79868100
2025-04-21,506.7503356933594,514.4618467446136,501.40552056556845,513.9293002870572,69368100
2025-04-22,519.9349365234375,521.956482797522,511.9867633247528,512.9235950678715,75948100
2025-04-23,527.9915161132812,537.8626460694973,526.4729038847668,532.9320165359907,90590700
2025-04-24,539.1051025390625,539.8348259826943,528.0210584541512,529.2733972607866,64150400
2025-04-25,543.0003662109375,543.4046513367819,536.1467793425768,539.0657336001437,61119600
2025-04-28,543.2073974609375,545.8699492792146,537.4583271221219,543.7399439376,47613800
2025-04-29,546.6293334960938,547.7436606136026,540.9393676118534,541.2943585019403,47775100
2025-04-30,546.84619140625,548.7987614609631,534.0068741379372,539.9729233205555,93101500
2025-05-01,550.7216796875,556.2440206119321,550.1201573586014,552.595342895286,63186100
2025-05-02,558.8966674804688,560.4941864598073,554.5774316657111,556.894803218062,60717300
2025-05-05,555.6918334960938,558.788283367358,553.9069479669498,554.7648727126054,38659200
2025-05-06,551.0471801757812,555.5340413030556,549.2327420958744,550.1892553966732,48264700
2025-05-07,553.3645629882812,555.9975022415719,548.3254139860352,552.3784371058738,55588000
2025-05-08,557.2202758789062,562.3974366423718,553.9069074354913,557.3977713110521,65130800
2025-05-09,556.5103149414062,559.6264462916283,554.9522191721212,558.6205786168767,37603400
2025-05-12,574.9014892578125,574.9113601462691,569.0340285188223,573.402558732667,78993600
2025-05-13,578.6981201171875,580.9070323903663,574.7536167184122,575.3156554869938,67947200
2025-05-14,579.437744140625,580.8084133986617,577.4161378946785,579.6546629482465,66283500
2025-05-15,582.2678833007812,582.770756919371,576.9822030720642,577.4358426248243,71268100
2025-05-16,585.9559936523438,586.2518193704545,581.1042713102905,583.0469103495059,76052100
2025-05-19,586.5969848632812,587.27741416191,579.9406348417033,579.9406348417033,68168500
2025-05-20,584.6246337890625,585.8079967408526,581.4197250633151,584.8613545300925,60614500
2025-05-21,574.7733154296875,584.3584902721909,573.7477661832594,580.2759146876367,95197700
2025-05-22,575.0001220703125,578.4811148637216,573.3433777523152,574.5760350084579,70860400
2025-05-23,571.075439453125,573.7379918121957,567.6141274051689,567.9888601173233,76029000
2025-05-27,582.9483032226562,583.1060568711622,570.4047514802384,577.9387671986972,72588500
2025-05-28,579.5757446289062,584.545857588394,578.8460211072919,583.3526236048898,68445500
2025-05-29,581.8635864257812,584.9699071457442,577.9388245287198,584.8318350718904,69973300
2025-05-30,581.2127075195312,582.92855680446,575.148009692676,580.7590679776305,90601200
2025-06-02,584.4867553710938,584.5656021144322,576.9428674958667,579.605419698203,61630500
2025-06-03,587.81982421875,588.7960792462304,583.6385997733717,584.1218520308094,63606200
2025-06-04,587.6619873046875,589.6539808386906,587.2280895107962,588.6777258495218,57314200
2025-06-05,584.8218994140625,590.6893600195378,582.8496477946317,589.3383724752952,92278700
2025-06-06,590.8274536132812,592.4940086999786,588.5790577947733,590.3540722792903,66588700
2025-06-09,591.3599243164062,592.9081490758875,590.1864321834666,591.3993476813894,53016400
2025-06-10,594.7128295898438,595.0973729509094,590.7781968461302,591.8924637491524,66247000
2025-06-11,593.0166625976562,596.6653405011278,590.9556931519085,595.8074157747775,73658200
2025-06-12,595.3734741210938,595.3734741210938,591.2021810906274,591.6853731206485,64129000
2025-06-13,588.7171630859375,593.499849631983,587.218232455665,590.1963519379123,89506000
2025-06-16,594.318359375,596.0638215052488,591.8924679557008,592.0700235861916,79984100
2025-06-17,589.2398681640625,593.401290785268,588.480531921813,591.8826784891205,82209400
2025-06-18,589.1510009765625,592.8785252065284,588.1944276516227,590.1371267775953,76605000
2025-06-20,587.7673950195312,592.8906208578056,586.3629131433069,591.8224395288368,94051400
2025-06-23,593.5730590820312,593.9587392448562,585.4035696790836,588.5190130228361,87426000
2025-06-24,600.13037109375,601.1885919192599,596.7972471416377,597.7072083922786,67735300
2025-06-25,600.4666748046875,601.940336500435,598.903972841808,601.247995602986,62114800
2025-06-26,605.1646118164062,605.5997923429508,601.7029677445283,602.3161684365299,78548400
2025-06-27,608.1713256835938,609.6351477759472,604.1360808658505,606.1636033457827,86258400
2025-06-30,611.0791015625,612.4340832221852,608.2998981128763,610.6142811588834,92502500
2025-07-01,610.8812866210938,612.0483479268365,608.7746241554748,609.6053849111585,70030100
2025-07-02,613.6505737304688,613.6901136433279,609.8526292762224,610.4757300098587,66510400
2025-07-03,618.4869995117188,619.4167005776212,615.6088560521965,615.628656191773,51065800
2025-07-07,613.8780517578125,617.1913758193931,611.0988485499288,616.5286747873084,74814500
2025-07-08,613.5418090820312,615.2923708557059,612.7307881009865,614.5406899285775,59024600
2025-07-09,617.2210083007812,617.8737488887257,614.1055045789822,615.945166968477,66113300
2025-07-10,618.9617309570312,620.0002120765442,616.1825277796053,617.3594891460615,57529000
2025-07-11,616.7857666015625,618.0121678287132,614.7187046395575,615.9154056597896,63670200
2025-07-14,617.9627075195312,618.3088477245484,614.985684437804,616.3307657158283,51898500
2025-07-15,615.322021484375,620.9793073894895,615.2428812967698,620.6430672331502,74317300
2025-07-16,617.3792114257812,617.8836320494379,611.276844692317,616.9044910111767,88987500
2025-07-17,621.1573486328125,621.5134493059918,617.3396644874989,617.557284919235,68885700
2025-07-18,620.7024536132812,622.5716954836944,619.5947323692288,622.4035753929759,65621600
2025-07-21,621.87939453125,624.6189973413707,621.4541141003111,621.87939453125,63375000
2025-07-22,621.9684448242188,622.828905853138,619.3277216791315,622.2058050575365,60046300
2025-07-23,627.2598266601562,627.2598266601562,622.8288811376781,624.6289433239532,70511000
2025-07-24,627.4674682617188,629.1785504969665,627.0421878119985,627.6454884244192,71307100
2025-07-25,630.1181030273438,630.5928838363332,627.8829206987424,628.1301809903662,56865400
2025-07-28,629.9598388671875,631.0477599275997,628.5751571845921,630.4938993278172,54917100
2025-07-29,628.2982788085938,631.6708825055948,627.3883778702398,631.3543820995848,60556300
2025-07-30,627.5070190429688,630.6917023127537,624.6189756546709,628.9509803708415,80418900
2025-07-31,625.1531372070312,632.8379457731452,623.8574957354674,632.4522656090571,103385200
2025-08-01,614.9066162109375,619.476041722763,612.5032535330552,619.4364414435403,140103600
2025-08-04,624.2530517578125,624.3024917393647,618.7243458354196,618.813325728958,73218000
2025-08-05,621.088134765625,625.6773001361546,620.1683337507773,624.866279158634,68051400
2025-08-06,625.845458984375,626.4981995520814,621.2463937026511,622.1562946160922,64357500
2025-08-07,625.3212280273438,629.9993730574174,622.2156245224251,629.2674923107387,74205800
2025-08-08,630.1972045898438,630.6620853000642,626.7949007710238,627.1114011688534,64051600
2025-08-11,628.9510498046875,631.947873553624,627.70484826023,630.4742118551501,58742300
2025-08-12,635.6469116210938,635.8051316570012,629.8115442075018,631.2951060550639,64730800
2025-08-13,637.8228149414062,639.1085564704525,635.6370120856271,637.8425547169825,60092800
2025-08-14,637.882080078125,638.5447207235369,635.300697252298,635.7457174616427,59327500
2025-08-15,636.3886108398438,639.0095939138803,635.4787099260534,638.9106535836406,68592500
2025-08-18,636.2501220703125,636.942462907598,635.1424008771667,635.814941575414,43804900
2025-08-19,632.7984008789062,637.0512656505922,631.4829592777961,636.0721245937336,69750700
2025-08-20,631.1170043945312,632.6500060324975,626.013578858981,632.3929060531275,88890300
2025-08-21,628.5850830078125,630.9785456585483,626.864161086776,629.3071240874224,54805800
2025-08-22,638.2381591796875,639.4151205943501,630.2664897119097,630.7709103705197,84083200
2025-08-25,635.42919921875,638.2183023325629,635.3105191174199,636.9820009718095,51274300
2025-08-26,638.0897827148438,638.4359833484747,634.5391586749303,635.1622594491828,51581600
2025-08-27,639.543701171875,640.2755819843173,637.3578984386413,637.5062787617181,48341100
2025-08-28,641.8085327148438,642.3623933153343,638.267809046051,640.146950913372,61519500
2025-08-29,637.98095703125,640.7404203673219,636.0919150690585,640.374419619015,74522200
2025-09-02,633.2533569335938,633.4709169972102,627.9619508913343,630.5136938017484,81983500
2025-09-03,636.6853637695312,637.1502445176759,633.4413400681225,635.6270824559713,70820900
2025-09-04,642.0062866210938,642.0359868267901,636.4577811203425,637.3577818657208,65219200
2025-09-05,640.1469116210938,645.062476969223,636.2797877246134,644.3404359625918,85178900
2025-09-08,641.7195434570312,642.718484610511,640.1370415028089,641.5118230975241,63133100
2025-09-09,643.2031860351562,643.7273464852004,640.1272219983028,641.8580441132016,66133900
2025-09-10,645.0625,647.3768223058731,643.4997982019892,646.4570213518696,78034500
2025-09-11,650.4231567382812,651.1154976382888,646.4274520986086,647.0109525903231,69934400
2025-09-12,650.2055053710938,651.8868873722256,649.7011451004063,650.3934256012134,72780100
2025-09-15,653.6671752929688,653.795755474802,652.1144337731963,652.4111340519337,63772400
2025-09-16,652.76708984375,654.5276118800496,651.9857691498868,654.2209512044083,61169000
2025-09-17,651.9561767578125,654.4683196962441,647.1296508296768,652.7770978636573,101952200
2025-09-18,655.0023803710938,657.603563340362,653.0341982051615,654.6364399867887,90459200
2025-09-19,658.2465209960938,659.0895125014193,654.9438659954435,656.8877828567474,97945600
2025-09-22,661.3607177734375,661.8069717744121,656.7290467709187,656.7588293222589,69452200
2025-09-23,657.7606201171875,661.8566899635472,656.540685502851,661.2417286303936,81708900
2025-09-24,655.6678466796875,659.1490153831234,654.2496039734066,659.0498612769777,68082200
2025-09-25,652.6429443359375,653.9917550046746,649.0328388399253,652.5338627083877,89622100
2025-09-26,656.3819580078125,656.9274266555326,652.4743298182361,654.0909412604747,69179200
2025-09-29,658.2266845703125,659.8135740530697,656.4216318338509,658.9010899003678,73499000
2025-09-30,660.7061157226562,661.1722852976668,656.173659297658,657.4828203674869,86288000
2025-10-01,662.95751953125,663.8699431635192,657.611793334362,657.7208749627936,72545400
2025-10-02,663.7210693359375,665.0600128657511,661.3011766397112,664.9410037342527,56896000
2025-10-03,663.7113037109375,667.1527626006609,662.6698828508305,664.4848631838105,70494400
2025-10-06,666.0914916992188,666.9841207809839,663.9591941673339,666.1014192164715,54623300
2025-10-07,663.6219482421875,667.4601442579947,662.1838505424819,667.0138297258598,72020100
2025-10-08,667.5791625976562,667.6783772359653,663.919480237528,664.7426772273783,60702200
2025-10-09,665.6452026367188,668.4023890582872,663.7112737749407,667.9957845708525,66501900
2025-10-10,647.6542358398438,668.4122493878771,647.4757221413303,666.6071968358344,159422600
2025-10-13,657.5919189453125,659.664772492732,654.3488290056752,655.2216030747315,79560500
2025-10-14,656.78857421875,660.3590300864076,647.8030207789583,651.7701536094826,88779600
2025-10-15,659.7044067382812,664.7228272522149,653.5156893256119,661.3408732132422,81702600
2025-10-16,655.2116088867188,663.2153058553965,651.7105854492366,661.340821247798,110563300
2025-10-17,658.9308471679688,660.2895852935891,652.7322022395391,654.0810128478913,96500900
2025-10-20,665.7840576171875,666.6866142382812,661.7872027532737,661.8367798071084,60493400
2025-10-21,665.7741088867188,667.4601523988813,664.4748753427003,665.9229005771253,56249000
2025-10-22,662.3128051757812,666.4783066993808,657.8497808005621,666.4783066993808,80564000
2025-10-23,666.2402954101562,667.1825015615415,662.3128121266341,662.6301900162397,65604500
2025-10-24,671.6851806640625,672.8951271271609,670.0983517375236,670.9016937183009,74356500
2025-10-27,679.6095581054688,679.9070809796764,676.515199146416,677.1201724129126,63339800
2025-10-28,681.41455078125,683.2493254549719,679.2028936555786,681.4046232640447,61738100
2025-10-29,681.7418823242188,684.0328991417463,677.2590027977353,683.0609104229828,85657100
2025-10-30,674.2440185546875,680.3037996369978,674.2440185546875,678.2805836148408,76335800
2025-10-31,676.4556274414062,679.4508319897004,673.6587916341136,679.4111219213156,87164100
2025-11-03,677.72509765625,680.1648453676048,674.3530108656404,680.0359087204932,57315000
2025-11-04,669.691650390625,674.3728983771498,669.0371001406891,670.5544968959969,78427000
2025-11-05,672.012451171875,675.2654684624238,668.6304366940664,669.4337786331213,74402400
2025-11-06,664.8021850585938,671.8140994484131,663.2252231578799,670.9115428502156,85035300
2025-11-07,665.4567260742188,665.5658682287408,655.7769731606511,662.4218719882706,100592400
2025-11-10,675.8406982421875,676.5746080726943,669.4833950163819,671.6751969912248,75842900
2025-11-11,677.387939453125,677.9532631527235,673.1530057317516,674.3630127379913,58953400
2025-11-12,677.7648315429688,679.3318660026857,675.3548055474994,679.1632192686196,62312500
2025-11-13,666.5180053710938,675.265541055433,665.0105359672095,674.9085136071693,103457800
2025-11-14,666.4088134765625,670.1081450818862,657.8199984349773,659.9126462553079,96846700
2025-11-17,660.2003173828125,668.1742931923078,656.7290761218832,664.1972328051172,90456100
2025-11-18,654.65625,659.6548153709225,650.4708935566339,656.6596108350068,114467500
2025-11-19,657.185302734375,661.856623370592,653.3371790986623,655.3505280387882,94703000
2025-11-20,647.1683349609375,670.0090710879778,646.5335791707308,667.3808213360044,165293500
2025-11-21,653.6148681640625,659.0894699034471,645.5020288545189,649.6675301260088,123956200
2025-11-24,663.2351684570312,664.5542570793402,656.1538823239337,657.2448196444445,80437900
2025-11-25,669.4735717773438,670.6537963067218,659.0201372218106,663.1360620641211,81077100
2025-11-26,674.09521484375,676.0986363282427,671.1595147067713,672.0620713400136,71879600
2025-11-28,677.7747192382812,678.0523870500939,674.9084513312986,675.2654787466182,49212000
2025-12-01,674.6803588867188,677.3779800628074,673.1629015749381,673.2323336611282,61201200
2025-12-02,675.9299926757812,678.2011542749951,673.748057660358,676.316742094939,62953800
2025-12-03,678.2706298828125,679.2822075879724,674.105128319461,674.9779023816353,57238500
2025-12-04,678.7664794921875,679.7384076011712,675.7415530139849,679.6689755171525,61970300
2025-12-05,680.0557861328125,682.7336127271673,678.9549213715281,679.8375623637357,79241000
2025-12-08,678.0126953125,680.997972172105,675.9696245182643,680.9483951231146,55231500
2025-12-09,677.4276123046875,679.7583392727543,676.9813582671167,677.5367544682442,58310100
2025-12-10,681.92041015625,683.3088703732143,675.711837383319,676.9515664343469,85671300
2025-12-11,683.5072021484375,683.5865617528303,676.5647198382891,679.51034738166,86173700
2025-12-12,676.1581420898438,683.2196338188487,673.5893968987631,682.5154459360199,113160300
2025-12-15,675.1365966796875,680.1252955149479,673.6687768311533,680.1054404790556,90811000
2025-12-16,673.2918701171875,675.4837328267965,669.4338188610296,673.6488975485244,122030600
2025-12-17,665.8832397460938,674.8489377460819,665.6848710067972,674.3034691132465,110625200
2025-12-18,670.9115600585938,675.1464937426624,669.3545136860721,672.0322799303326,108650100
2025-12-19,676.9923095703125,677.4896664833268,672.8940327515619,673.0134542661981,103599500
2025-12-22,681.2098999023438,681.7370666700199,676.9923229108747,680.3245900087294,69556700
2025-12-23,684.3233032226562,684.562024812114,680.2548972126992,680.3046207584179,64840000
2025-12-24,686.7305297851562,687.1781631452748,684.164151137988,684.313382495532,39445600
2025-12-26,686.660888671875,688.0037280321676,685.6264081645946,686.989161229118,41613300
2025-12-29,684.2138671875,685.5567672531378,682.4433081832867,683.9055083361335,62559500
2025-12-30,683.3783569335938,684.9201512250444,682.9506372729019,683.8160334465714,47160700
2025-12-31,678.3152465820312,683.726492314561,678.1063955310838,683.5076844111845,74144800
2026-01-02,679.55859375,683.2390468658663,676.2263268834449,682.0852055985325,89377200
2026-01-05,684.0845336914062,685.7855161168121,682.7516512212146,682.910778712987,71927200
2026-01-06,688.1529541015625,688.6602678554459,684.1442890432024,684.2934596862484,69273800
2026-01-07,685.9347534179688,690.2916046822218,685.6761181181482,688.5309418430683,75588300
2026-01-08,685.8651123046875,686.9692300361542,683.8557710289468,685.1787573638412,64019200
2026-01-09,690.4010009765625,691.6344363504869,685.5368360184962,686.9791831428475,80125500
2026-01-12,691.4852294921875,692.410366767912,686.979207477028,687.0289310253164,63976000
2026-01-13,690.1026000976562,692.4103433578374,687.6953490317495,691.813478661017,78309700
2026-01-14,686.7106323242188,688.0634285762314,682.4134612479594,687.3472637531122,94676700
2026-01-15,688.5806884765625,691.7737417111902,687.5959315038539,690.8983886882239,77862000
2026-01-16,688.0037231445312,690.5800586110835,686.4519720383781,689.9931507530615,79289200
2026-01-20,673.9981689453125,681.1501633341576,672.9934983300664,677.8874730475171,111623300
2026-01-21,681.77685546875,685.0991655259935,674.5452667925615,676.0572511802958,127844500
2026-01-22,685.3379516601562,687.476610793547,683.2888434897402,686.2033478813381,77112200
2026-01-23,685.5865478515625,687.3074439470811,683.5274830754288,684.5123006998919,63059600
2026-01-26,689.0680541992188,690.4606777697717,686.272910918868,686.8399050563427,60473800
2026-01-27,691.8134765625,692.8480177488461,689.9036431059924,690.5104039402848,55506100
2026-01-28,691.7438354492188,694.1510864943795,690.271678492269,693.3652237572153,61172200
2026-01-29,690.3711547851562,693.375209936545,681.2098793986574,692.7087686795362,97486200
2026-01-30,688.3120727539062,690.5402826440542,683.487735152998,688.1330315570439,101835100
2026-02-02,691.7339477539062,693.2459322689688,685.7756213682558,685.9348095869553,79286500
2026-02-03,685.885009765625,693.2757257351432,680.4140840721383,692.529690413304,107904600
2026-02-04,682.5626831054688,687.7948875474046,678.1561081391175,686.7006659106327,105204600
2026-02-05,674.0379638671875,680.0758839506523,672.2176206040476,677.3404209861714,113610800
2026-02-06,686.96923828125,688.6503070282812,677.2508650473027,677.8576866055596,89127600
2026-02-09,690.2816772460938,692.1915108078678,684.7013472083629,685.7755944360715,73885200
2026-02-10,688.4613037109375,692.8579216647231,688.0037135108784,691.276360737094,65185700
2026-02-11,688.3021850585938,693.4547952732178,685.5368515439336,692.7087599208829,76353900
2026-02-12,677.668701171875,691.6742279947084,676.7734344520502,690.5701102294341,118829000
2026-02-13,678.1461181640625,682.6522007204912,673.9384983110481,678.0864377658819,96267500
2026-02-17,679.2402954101562,681.31927396984,672.2077222570326,676.5446598627462,81354700
2026-02-18,682.662109375,685.507036973797,679.2204384959671,680.4041503420104,73570300
2026-02-19,680.8616333007812,682.5526587813481,677.9471293624403,680.225062656192,58649400
2026-02-20,685.7855834960938,686.4122580979458,678.126274472082,678.7131823752115,100034000
2026-02-23,678.7827758789062,686.3525334522094,676.7734345413753,684.1940214696967,90558100
2026-02-24,683.7164916992188,684.7112054782021,676.4053697086953,678.295350173768,73798700
2026-02-25,689.4859008789062,690.0130676270821,686.4519751919497,686.53156929616,56369500
2026-02-26,685.6561889648438,689.6350440416309,680.7323436648176,689.615191050754,71671000
2026-02-27,682.3637084960938,683.2291046432514,678.0367277603054,679.4790749097389,83308900
2026-03-02,682.751708984375,684.9798583327654,674.4359156260907,675.1123137702438,87477200
2026-03-03,676.7337036132812,679.0016196644848,666.1200629162043,671.4915420947397,105003100
2026-03-04,681.5082397460938,683.4579005621853,676.0273572426378,678.026741603972,79182200
2026-03-05,677.70849609375,681.9062201445739,672.0386149612469,678.474445192334,106606500
2026-03-06,668.82568359375,672.5359467168151,666.2195382406165,669.8502072585248,100687000
2026-03-09,674.6845703125,676.3258117079225,658.888509802078,662.8673651303956,102667700
2026-03-10,673.6002807617188,679.7476047325034,671.1930903760745,674.1374043547928,81505300
2026-03-11,672.7548217773438,676.4849986405864,669.7806371390539,673.9982140650914,68441700
2026-03-12,662.5390625,668.0995392824933,662.3500644519811,667.6120785283837,108882200
2026-03-13,658.7890014648438,668.7859240392634,657.863924887251,665.7321452917186,97200200
2026-03-16,665.493408203125,668.5173163233716,663.5934708305671,664.8468199428278,82023100
2026-03-17,667.2440185546875,670.8747480492216,666.1598145596139,668.8355969918504,87128000
2026-03-18,657.9335327148438,666.1796881508768,657.6948111200146,664.8268919718373,82062600
2026-03-19,656.3121948242188,659.4753776238247,651.7066647804095,653.4971375917409,111272500
2026-03-20,646.9034423828125,655.0025723674255,643.063298812559,654.8230422006715,163617500
2026-03-23,653.6959228515625,660.9173090129275,652.2596206790361,656.3790129905765,134802700
2026-03-24,651.5015869140625,655.3417305137531,648.2100787416998,649.6463809650626,96457500
2026-03-25,655.1322021484375,659.1917509309695,652.5588148295345,656.9774239230809,90653800
2026-03-26,643.432373046875,653.1672421520028,643.1630473705688,650.3844333840033,96494400
2026-03-27,632.4606323242188,641.0085567819559,631.4831091918358,640.8489947137006,103649400
2026-03-30,630.3460693359375,638.7245091624994,627.6630399662237,638.4651675144013,99275900
2026-03-31,648.6688842773438,649.865752001465,636.3405988140365,637.2981538716512,152534100
2026-04-01,653.5562744140625,656.8278752918841,651.3220400966815,652.219751792706,97841500
2026-04-02,654.144775390625,656.5086804928782,643.4522901873171,644.7589215344626,68358700
2026-04-06,657.23681640625,658.0247645183308,653.8356054757206,654.1746977251443,39105800
2026-04-07,657.5260009765625,657.9150134208243,649.386996170508,654.9626585699763,69980400
2026-04-08,674.27294921875,675.3402070755335,669.734652974974,674.6519776493207,93606100
2026-04-09,678.162841796875,679.4096297331154,672.0386657215836,673.1059235004034,57134400
2026-04-10,677.7140502929688,680.2774536083281,676.7066358948267,679.5692561407437,42253500
2026-04-13,684.3369750976562,684.536473353906,674.8414790590384,675.669302461078,54185800
2026-04-14,692.675537109375,692.7952238870419,685.8929616905456,685.9229138241225,63480500
2026-04-15,698.1414184570312,698.480571570673,692.4161778504387,693.4734516118131,58240400
2026-04-16,699.8569946289062,700.9741726960574,696.7350934539525,699.2585607342904,49972400
2026-04-17,708.3152465820312,710.5594650064761,703.9464965121796,704.3255249385737,70661900
2026-04-20,706.8988037109375,708.0857482546458,704.3254772575062,706.9587079747221,43546800
2026-04-21,702.2708129882812,709.4523240430285,700.8345107773317,708.4548936431559,58941400
2026-04-22,709.3825073242188,709.6218808832724,706.4001392457644,707.3278031045794,42518500
2026-04-23,706.6295776367188,710.5295037064266,700.4754491270062,707.6768673789517,56174000
2026-04-24,712.10546875,712.6340752101273,707.1881441382454,708.9236633096505,45182000
2026-04-27,713.332275390625,713.7911152864904,710.4696550399041,711.3374146094498,33135900
2026-04-28,709.8612060546875,711.0481506026886,707.4274735730012,709.9908768700561,43117400
2026-04-29,709.7515258789062,710.3699278433978,706.5497524472755,709.1729992133655,41859200
2026-04-30,716.8132934570312,717.9403946619685,708.6244289610544,712.7936806635566,67240900
2026-05-01,718.7982177734375,723.0073446973263,718.6186267345964,719.3966516418469,43049800
2026-05-04,716.1649780273438,720.2644021704073,713.152718877996,718.2196821209096,51950600
2026-05-05,721.9102172851562,723.1769124909786,719.6360467603954,719.9153564929043,36933200
2026-05-06,731.9443359375,732.7023927493656,725.9497697512824,726.288861980811,53288900
2026-05-07,729.7001342773438,734.238430329629,727.8748196364371,733.161188473549,51724600
2026-05-08,735.724609375,736.1834492768152,732.6824588199246,733.0415191543954,47227100
2026-05-11,737.4002685546875,738.8864300819614,734.5576163199453,734.5576163199453,44024000
2026-05-12,736.2831420898438,736.9414802248905,729.9494836014034,734.9964788307154,54185300
2026-05-13,740.4025268554688,741.9983910774667,733.5800764180441,736.5723674930287,44200200
2026-05-14,746.2474975585938,747.6040491923611,741.649357949993,741.7391534739264,45307600
2026-05-15,737.2706298828125,741.5496453663399,736.0637780312098,739.8838927249178,60410800
2026-05-18,736.751953125,739.5147938000424,731.5054597381557,737.9289136337939,47843900
2026-05-19,731.8446044921875,735.7545755811656,729.650306265128,732.8919551385734,54255900
2026-05-20,739.3452758789062,739.9636778498481,732.0042028263388,733.8195334397973,45768000
2026-05-21,740.8114624023438,742.9559620700644,735.1361419849363,736.7419902854853,43332200
2026-05-22,743.7239990234375,747.015507083493,742.566945697205,744.3224328967863,41762000
2026-05-26,748.6613159179688,750.1973368284331,746.4469887578754,748.0827892360243,41123600
2026-05-27,748.5316162109375,749.4492351039673,746.2973210478585,748.9505199197505,42106300
2026-05-28,752.6609497070312,753.2095851254732,747.3047533704411,748.3221518516883,41562600
2026-05-29,754.5361328125,756.1320579864754,752.7507543048832,753.9576670103595,55075700
2026-06-01,756.5908203125,758.3264003155792,752.7507376917755,753.4189990020213,43634900
2026-06-02,757.6182250976562,758.4461093852723,754.805464031348,755.0847737682097,31581900
2026-06-03,752.3018798828125,756.8501599793441,751.6336185743088,756.2018667594974,51402500
2026-06-04,755.1445922851562,756.3614281257201,749.5389775481502,750.1673635570705,49923000
2026-06-05,735.65478515625,750.8855669656407,733.6400171295905,750.3768677170906,93989400
2026-06-08,737.3204345703125,743.4247643242134,736.2931129658897,741.4498108327123,49319100
2026-06-09,735.1560668945312,744.9807928982774,720.7332622187009,741.7191759970133,87683500
2026-06-10,723.56591796875,736.4826536495077,723.4661992814284,731.5054857614351,60341300
2026-06-11,735.8642578125,738.0984921563339,722.5485255148498,726.8873842592473,86330500
2026-06-12,739.843994140625,742.5270843334097,733.1412911200548,738.8066884479139,57079500
2026-06-15,752.890380859375,754.7356026867302,749.8282623277308,749.9179969688896,60176400
2026-06-16,748.4019775390625,753.4988323298886,747.9531216783239,752.6111046530555,67093100
2026-06-17,739.0560302734375,750.217278570044,737.3204502885575,749.3594421826946,85945200
2026-06-18,746.739990234375,748.22998046875,743.8599853515625,747.760009765625,80875700
2026-06-22,744.3900146484375,750.1799926757812,743.1300048828125,747.7000122070312,46628100
2026-06-23,733.5800170898438,739.6300048828125,732.2999877929688,733.8099975585938,66846800
2026-06-24,733.239990234375,739.9500122070312,730.8400268554688,735.1699829101562,57439500
2026-06-25,734.2999877929688,739.3699951171875,729.5999755859375,738.9099731445312,53934400
2026-06-26,728.989990234375,736.530029296875,716.5800170898438,728.9500122070312,71034000
2026-06-29,741.0,741.5599975585938,732.0900268554688,736.530029296875,58035200
2026-06-30,746.77001953125,748.02001953125,740.8900146484375,741.2899780273438,55626000
2026-07-01,745.760009765625,749.4400024414062,742.3800048828125,745.0,47100900
2026-07-02,744.780029296875,751.3099975585938,740.030029296875,747.4000244140625,57447800
2026-07-06,751.280029296875,752.4099731445312,747.4099731445312,748.739990234375,50673300
2026-07-07,747.7100219726562,750.9600219726562,745.2100219726562,750.219970703125,43721500
2026-07-08,745.4000244140625,746.1500244140625,739.510009765625,743.1599731445312,43767400
2026-07-09,751.7100219726562,751.969970703125,745.5900268554688,747.3499755859375,41441700
2026-07-10,754.9500122070312,755.4199829101562,748.0999755859375,752.0499877929688,42191300
2026-07-13,749.1699829101562,753.9099731445312,748.0,752.469970703125,44013600
2026-07-14,751.8300170898438,753.3400268554688,748.6599731445312,750.9099731445312,35143100
2026-07-15,754.8099975585938,755.5800170898438,750.2000122070312,754.239990234375,43844800
2026-07-16,750.719970703125,754.5700073242188,747.8800048828125,752.760009765625,46409800
2026-07-17,743.2899780273438,747.2899780273438,740.7999877929688,742.0800170898438,62651000
2026-07-20,742.0900268554688,748.72998046875,741.510009765625,747.0599975585938,50422300
2026-07-21,748.280029296875,749.0399780273438,744.1799926757812,746.2899780273438,34324300
2026-07-22,747.4099731445312,750.02001953125,746.3699951171875,746.6199951171875,32836200
2026-07-23,738.1799926757812,742.5599975585938,735.2100219726562,739.3699951171875,55437300
2026-07-24,738.9299926757812,743.719970703125,737.2899780273438,738.510009765625,44782000
2026-07-27,739.0900268554688,745.530029296875,735.8699951171875,744.9099731445312,41461200
2026-07-28,740.8599853515625,742.7899780273438,735.97998046875,739.1900024414062,47322200
2026-07-29,729.4600219726562,742.6799926757812,729.0999755859375,739.969970703125,70697200
2026-07-30,741.6900024414062,742.4500122070312,734.5900268554688,736.0499877929688,66811300
2026-07-31,747.030029296875,748.9000244140625,737.6799926757812,744.6799926757812,62445900
2026-08-03,757.6699829101562,758.5800170898438,748.7999877929688,749.4400024414062,59927500
2026-08-04,771.3300170898438,773.4099731445312,760.52001953125,760.6300048828125,69154800
2026-08-05,769.7899780273438,776.8499755859375,769.510009765625,775.8499755859375,44689100
2026-08-06,768.5599975585938,771.8200073242188,767.4600219726562,770.2100219726562,38416900
2026-08-07,773.260009765625,773.9199829101562,769.6099853515625,771.02001953125,43586300
2026-08-10,773.030029296875,775.0499877929688,771.6199951171875,772.5999755859375,39249500
2026-08-11,770.5599975585938,774.6099853515625,769.2000122070312,774.530029296875,36740600
2026-08-12,772.489990234375,774.9000244140625,771.280029296875,774.7100219726562,33179100
2026-08-13,777.8800048828125,779.3699951171875,774.1099853515625,774.8699951171875,35634500
2026-08-14,776.3400268554688,778.7999877929688,775.4299926757812,778.5399780273438,31367900
2026-08-17,772.6699829101562,776.780029296875,772.510009765625,776.1799926757812,34356600
2026-08-18,767.4500122070312,769.5,766.9199829101562,768.7000122070312,43840200
2026-08-19,771.5,772.469970703125,768.1099853515625,770.3599853515625,13973389
