Date,5-Day Returns,20-Day Returns,20-Day Volatility,Volume Ratio,Tommorrow Up
2016-01-04,-0.022656802734258075,-0.0165049172146301,0.011616652340289932,1.602714141241114,True
2016-01-05,-0.01876143996964541,-0.03368781574835811,0.010620887668911758,0.823323159193949,False
2016-01-06,-0.04136935640657302,-0.04006092610830547,0.010862242423355397,1.1092060744018741,False
2016-01-07,-0.057689687873810125,-0.056753303024904334,0.011895836622227957,1.4963307888094228,False
2016-01-08,-0.05861548936070482,-0.05979217325551367,0.01198669076850235,1.4469110447120581,True
2016-01-11,-0.04432408837752422,-0.06128454205734102,0.0119528610184253,1.264737319664386,True
2016-01-12,-0.038239874045326694,-0.035008075838294905,0.011552918083059508,1.1750427854999472,False
2016-01-13,-0.050246619507547496,-0.0638056201192495,0.012533092161494461,1.4883696359509306,True
2016-01-14,-0.010925075946309204,-0.058322300443822805,0.012937309645175666,1.574502531804486,False
2016-01-15,-0.02141543114772393,-0.09182459513758123,0.01287761988547824,2.0388804404457357,True
2016-01-19,-0.021081562027637668,-0.07654372864653347,0.012697403025755543,1.2169805096461639,False
2016-01-20,-0.04136126109513938,-0.07184273974809152,0.012455864299280665,1.7667286223578866,True
2016-01-21,-0.011332905587299935,-0.07427985455918751,0.01233628079235487,1.1721165757651648,True
2016-01-22,-0.007346577195688764,-0.06378400195170386,0.013198776061740875,0.990757654757102,False
2016-01-25,-0.0009048220490938119,-0.08921452412656594,0.012918558829483041,0.7630367506822365,True
2016-01-26,0.011379017635441802,-0.07526311250655582,0.01353891130089567,0.8037023802729669,False
2016-01-27,0.013358506988789598,-0.08323195586095555,0.013623938272397117,1.0231921335055132,True
2016-01-28,0.012962704074341636,-0.08818718649612112,0.013361314642665944,0.7813841656774304,True
2016-01-29,0.016796320625006578,-0.059292198734901436,0.014816324015367316,1.0999932912360135,False
2016-02-01,0.03202907389886045,-0.05012992332796906,0.014731257944118718,0.7069948460806506,False
2016-02-02,-0.00020982668315971953,-0.05402436359501184,0.014924038730896184,0.9585411873531509,True
2016-02-03,0.016849898396295027,-0.049960396473901936,0.015020888752937459,1.0506387582417835,True
2016-02-04,0.013167308117287835,-0.03631399649228795,0.01484969959458382,0.7172300196856617,False
2016-02-05,-0.029785230656711792,-0.031435196369127505,0.014496969688955847,0.9371628937025731,False
2016-02-08,-0.04249917517891377,-0.0338683379560869,0.014592813805811867,0.9975572629375883,True
2016-02-09,-0.024874010942592673,-0.03477170779834271,0.014585502977188367,0.961886030228133,False
2016-02-10,-0.03152084843779468,-0.04332325250006008,0.014407392788479237,0.7775432458759963,False
2016-02-11,-0.045616341006369576,-0.031615793068558884,0.013638915405564072,1.1498372302378477,True
2016-02-12,-0.007022964629215034,-0.027614001847182545,0.01395819360996902,0.6904467536021041,True
2016-02-16,0.023514289850271153,0.010489633142796162,0.013673980436353185,0.6886223978671556,True
2016-02-17,0.040176942605901544,0.02563009843663977,0.014119875498270077,0.7923040032878319,False
2016-02-18,0.03681108714084047,0.03468910483515919,0.013789893453350898,0.6299851523241778,False
2016-02-19,0.04998369318038409,0.02844287198153017,0.013768517391532582,0.7246847997058661,True
2016-02-22,0.04366920132916552,0.022360165956813338,0.013390596863140276,0.6679142225071426,False
2016-02-23,0.013383373358550443,0.02494078219683793,0.013241967601474966,0.722683341864741,True
2016-02-24,0.0016589488650760043,0.015773066685013326,0.012949719712184582,0.9747867059027513,True
2016-02-25,0.01795997399440319,0.03938743000254186,0.012872581689005767,0.7334682848260119,False
2016-02-26,0.016093698727400296,0.0316217147170017,0.01288394279951224,0.8640194693316102,False
2016-02-29,-0.0062635875069830815,-0.0008259245379658164,0.011864879032547977,0.8622369442606624,True
2016-03-01,0.030106239490206965,0.023031154403703402,0.012972586682719658,0.9690839359338485,True
2016-03-02,0.030020627805127154,0.04648679270712108,0.01216689268211813,0.7196312149130157,True
2016-03-03,0.021683567803692627,0.04432823319361301,0.012142954612453419,0.6955922927933678,True
2016-03-04,0.027372119718511723,0.046085260849887844,0.012143892289030995,0.9485268146874579,True
2016-03-07,0.036319383463198296,0.0672518029756477,0.011068496504917777,0.75761951185291,False
2016-03-08,0.001464044305224066,0.07000316948114715,0.010878566467271,0.9617625850585534,True
2016-03-09,0.0019095251608021169,0.07523037775020902,0.010853237785124,0.7619557114026394,True
2016-03-10,-0.0012010356248347565,0.07702262469873111,0.01082282295585876,1.2562222423264302,True
2016-03-11,0.011624820941437797,0.10882641873042376,0.010398292469427747,1.142139727661211,False
2016-03-14,0.00952220428039019,0.08503455194196108,0.009830169392719175,0.6233353002735242,False
2016-03-15,0.019002015374942616,0.06528594370516227,0.009430368739929529,0.7980929189748831,True
2016-03-16,0.019861699592633286,0.05423052135604589,0.008939899814396137,1.1108107214206342,True
2016-03-17,0.025508591286288906,0.06528177441086958,0.00882741112224604,1.1379425408020474,True
2016-03-18,0.013188518438940644,0.06996918494659798,0.008785795183869223,1.1610361612817979,True
2016-03-21,0.015928303418047074,0.056194156252288296,0.00839762456126439,0.6198908804978119,False
2016-03-22,0.017040334817453928,0.06913020417090321,0.007630721299341541,0.8334832254188702,False
2016-03-23,0.004515041787167995,0.057236514896771506,0.007941044512567837,0.7143879554292074,False
2016-03-24,-0.0022596967152317404,0.044122153952470544,0.00765881135087207,0.7522894153847964,True
2016-03-28,-0.005577527920017422,0.04714890297676444,0.007596626059656436,0.5737755672954675,True
2016-03-29,0.002199363566701029,0.06518901581092096,0.007348997628942308,0.8674828300099923,True
2016-03-30,0.007137444843336116,0.045291272642324465,0.005602892621892302,0.8276808719364641,False
2016-03-31,0.011367790969460279,0.03809082045461154,0.005669213560580183,0.9098597762734671,True
2016-04-01,0.018708389086409483,0.04108163327799108,0.005759976881115762,1.0906081088454982,False
2016-04-04,0.014809788410837132,0.034344748381576196,0.00586930997174597,0.6248024337942576,False
2016-04-05,-0.004534094768637864,0.023197447415473915,0.006426234926431521,0.9809321375989258,True
2016-04-06,0.0019413619879713462,0.04578947925382604,0.006112550700957766,0.9184647723889526,False
2016-04-07,-0.007639514113059409,0.028196943048101053,0.006847107829715582,1.1279241238995807,True
2016-04-08,-0.011695409240554233,0.030142995960803276,0.0068513125265691486,0.9712319816987695,False
2016-04-11,-0.010812084034348524,0.01140393638168491,0.005963264580298606,0.8803108800938437,True
2016-04-12,0.008472445636036996,0.02213346847499076,0.006252354957857575,1.1863404026409126,True
2016-04-13,0.007654184560887289,0.03414333734376829,0.0065256989993142675,0.9891749373091835,True
2016-04-14,0.019907051514374885,0.028242665627264962,0.00646240588508674,0.6923831525326788,False
2016-04-15,0.016039133453405796,0.020630744435094384,0.006377389865461066,0.8301704026833135,True
2016-04-18,0.025585821195534875,0.023779403118964648,0.006487869751153672,0.9328885634990097,True
2016-04-19,0.01932800187479855,0.02555393187154853,0.006502600148626145,0.9896725262977418,True
2016-04-20,0.01009643066053667,0.027082661406743203,0.006489180785278022,0.917225821745342,False
2016-04-21,0.004615058596952215,0.02834504493152834,0.006415713856154602,0.9666530909971992,False
2016-04-22,0.005727177431487318,0.02880085571479163,0.006409711559296775,1.1102503322723773,False
2016-04-25,-0.0030109444923588358,0.026421756166485233,0.006446620243757692,0.7385997675916489,True
2016-04-26,-0.004668897328695909,0.018525617723227805,0.006172161299986861,0.8549931920456225,True
2016-04-27,-0.0035699235441231103,0.01616324571391803,0.006125403266254586,0.8759662692031862,False
2016-04-28,-0.007273586442859359,0.009390745354435959,0.00648097583520837,1.099599227807307,False
2016-04-29,-0.012633043979382141,-0.0028510807008212957,0.006428765621432897,1.5858271971333453,True
2016-05-02,-0.00306785693508127,0.008339545744752153,0.006627043448941392,0.6929399141379833,False
2016-05-03,-0.013210511559445415,0.009648213961792607,0.0065261322765287335,1.181376317324605,False
2016-05-04,-0.020730867028894595,-0.006830800344462262,0.006172802788776353,1.0237554985469464,False
2016-05-05,-0.011954655843175677,0.00500154990659496,0.005532345449479882,0.7702261361482496,True
2016-05-06,-0.0029566261142546235,0.005965905713947395,0.005558734326165337,1.0206835991693282,True
2016-05-09,-0.010001347216007539,0.009165979207929276,0.005524012261903616,0.8545308002038238,True
2016-05-10,0.011107735822886822,0.012286576608127264,0.005822941690669524,0.9099172288938847,False
2016-05-11,0.007267931320209753,-0.007211501211670357,0.005781900637055324,0.9681967730486204,True
2016-05-12,0.007756735642075574,-0.00697119434042659,0.00578302240853451,1.046199455496032,False
2016-05-13,-0.004667219266174749,-0.01453515982748188,0.0060791593698134114,1.113178565774674,True
2016-05-16,0.004322372007352415,-0.01175703774282777,0.006298602204136442,0.8966960898663371,False
2016-05-17,-0.017270735996319453,-0.024059340505491633,0.006524650719981598,1.3097733853588578,True
2016-05-18,-0.007699614914616237,-0.024702612787395162,0.006514870433459673,1.338601349950163,False
2016-05-19,-0.011424813024699998,-0.02282607768412981,0.006464586564069857,1.2659771619498903,True
2016-05-20,0.003565766530759351,-0.016653024886347012,0.006673856459175936,1.1478637232166606,False
2016-05-23,-0.007592356927507593,-0.016298259706320595,0.00667177277637968,0.6442144601185739,True
2016-05-24,0.014742446470653814,-0.005026156855981845,0.007338878562915032,1.0169872061979184,True
2016-05-25,0.021326286230187064,-0.00033441182868310104,0.007490779961770411,0.8333848615066816,True
2016-05-26,0.025171034893375577,0.009110251858649221,0.007179181834749011,0.6153018558328608,True
2016-05-27,0.02311572293624553,0.018950193953590988,0.007088311918032256,0.7472276956672135,False
2016-05-31,0.022562520697205546,0.008991974194406449,0.006917579589891109,1.244145743162327,True
2016-06-01,0.01154581089166351,0.01993549259391103,0.006576544210504196,0.8085778188601717,True
2016-06-02,0.007788775129608627,0.028779244359290246,0.0064023580013507705,0.7414154251716351,False
2016-06-03,0.004490347996808808,0.025905859534878672,0.006469959885181761,1.1731305782501895,True
2016-06-06,0.0052796323476576035,0.02736741769432971,0.006505209076879705,0.7587490830919525,True
2016-06-07,0.008768278366193982,0.028121698783241333,0.006504046274175182,0.7186324171049338,True
2016-06-08,0.00998760519612385,0.018805582355762906,0.005988566152451579,0.7851007767610483,False
2016-06-09,0.00554724571459797,0.027021811622599312,0.0055126205880362674,0.8796059285713052,False
2016-06-10,-0.000998284898932833,0.016993166068586918,0.006020572416597625,1.3376176255128471,False
2016-06-13,-0.013721370821635381,0.018021859622697756,0.005940286789220059,1.3666210589342507,False
2016-06-14,-0.01719588005254602,0.00609353085699027,0.005579726259352155,1.4124464378982304,False
2016-06-15,-0.021754768314744433,0.01415693971855947,0.005120388251925109,1.2365257032237464,True
2016-06-16,-0.017493300005646084,0.016885437238560952,0.0051440124476252735,1.6665814984979845,False
2016-06-17,-0.011786955857995607,0.016620612932058076,0.005155784272931404,1.3034327830286505,True
2016-06-20,0.00230676143530939,0.016744718899798228,0.0051627251862168405,0.9334120218840458,True
2016-06-21,0.007132996296402183,0.021021955402666048,0.00515370689606906,0.8106730218241125,False
2016-06-22,0.0068937656131826675,0.006312787552731125,0.004349200004982244,1.067885050531227,True
2016-06-23,0.01697111094154402,0.01254919877358529,0.005010439437320357,1.1315120602749682,False
2016-06-24,-0.015881969249344707,-0.024089989312586435,0.009588552498394971,3.1847773015786904,False
2016-06-27,-0.03969186873826125,-0.045671766068881015,0.010188552416892364,2.041763755724594,True
2016-06-28,-0.02513887454170416,-0.026607574192316075,0.011157315423436445,1.3799005080568596,True
2016-06-29,-0.006919735220511369,-0.012057230870306412,0.011872837185897052,1.1552602100200855,True
2016-06-30,-0.006309126820518873,-0.0016152964820345117,0.012271187175605701,1.3311298663480984,True
2016-07-01,0.0328675234508331,0.003479782418762678,0.012258919407677999,0.854002227783584,False
2016-07-05,0.04413824904478836,-0.008782651983304413,0.012311058373565331,0.8684799806884402,True
2016-07-06,0.03179135233536323,-0.0043918817473718175,0.012387389744283512,0.7490889295560036,False
2016-07-07,0.013887795756767352,-0.008242169138071076,0.012361588641695353,0.6627188422640069,True
2016-07-08,0.015133015794289495,0.007902193879348651,0.012816696112590047,1.0136668080810969,True
2016-07-11,0.01657774016257485,0.021134592753822012,0.012613623009998142,0.5657402312697022,True
2016-07-12,0.03138038145766542,0.036544944055593165,0.012505617447268315,0.7830717703545359,False
2016-07-13,0.02508802218973427,0.03844289630185482,0.0124827510386803,0.6851935657444411,True
2016-07-14,0.03145116716872298,0.04569870525102182,0.012481509979007035,0.7209093941674872,False
2016-07-15,0.014953921159740702,0.04118809961217451,0.012506698306067066,0.861164183868857,True
2016-07-18,0.014105004350313255,0.04788912346927621,0.012431623076299254,0.4832835820158554,False
2016-07-19,0.005768675295608983,0.04012511476451963,0.012416387885369279,0.4525332312450832,True
2016-07-20,0.010096780364042157,0.04149881892829188,0.012424383581628822,0.4871915723510207,False
2016-07-21,0.0006940866535773971,0.0392600952581561,0.01246757703003264,0.5744427786899005,True
2016-07-22,0.006533131771645273,0.03050156232633494,0.012213956570206604,0.5413149035815024,False
2016-07-25,0.001109099958637394,0.06598121818029101,0.008561571636010356,0.547173893957472,True
2016-07-26,0.002590589213421257,0.08592192205775362,0.007020398830618507,0.744924018929949,False
2016-07-27,-0.0026253980963986123,0.06555122856431317,0.00629393284701298,0.9310332666740152,True
2016-07-28,0.002311824171819188,0.04892093701860056,0.005394905668354547,0.750142362304192,True
2016-07-29,-0.000552472475120358,0.03647146851831273,0.004701770354997681,0.9647756561194287,False
2016-08-01,0.0013383090936722741,0.03344117837303329,0.004737517005603688,0.9074822718782791,False
2016-08-02,-0.0055365527190694985,0.03425926506899257,0.004662918870011067,1.1549919609641237,True
2016-08-03,-0.0015703509532926097,0.031097941234695226,0.004563243046461284,0.6939276765826334,True
2016-08-04,-0.0016605155531402849,0.03283538067153713,0.004536706473128467,0.6141123439804256,True
2016-08-05,0.0048821011433344275,0.026005076039078867,0.0036692152580074934,0.9881501210993215,False
2016-08-08,0.005116942646379741,0.021790264112076407,0.0036527467227024466,0.5615258971834847,True
2016-08-09,0.012201407534441211,0.015026757032940319,0.0033509641969176615,0.7474714608454985,False
2016-08-10,0.0067537412188105606,0.012656169451277899,0.003423543848639473,0.8635344192189246,True
2016-08-11,0.010350661499199498,0.01170655799991649,0.0033576582184828463,1.0958720042997956,False
2016-08-12,0.00128343914399065,0.0121857452816454,0.0033449950267484176,0.9599855579818689,True
2016-08-15,0.004769184624943357,0.012383694119849853,0.0033516823324191967,0.785409903605237,False
2016-08-16,-0.0010084751155091665,0.008187223079767714,0.0035784064265088284,0.8397687975114478,True
2016-08-17,0.003354175941639781,0.005896480578638785,0.0034878174035278915,1.1700299794263724,True
2016-08-18,0.0009603463473288887,0.011975747837142725,0.0033754403106537947,0.8347886664165471,False
2016-08-19,0.0003660394441939996,0.005984019032759136,0.003275722489828243,1.1767911815299799,False
2016-08-22,-0.0025562169036383864,0.008677098080213552,0.003199727105224618,0.9531704876679895,True
2016-08-23,0.004633658275674302,0.010241696906466036,0.0032191124241043294,0.8402732974769394,False
2016-08-24,-0.0023812213283208594,0.006142743668935857,0.0034433055639115947,1.1397833059625422,False
2016-08-25,-0.005300082216548319,0.004290450234074594,0.0034442322878409305,1.0963438391276863,False
2016-08-26,-0.0057196506422075855,0.0007830469792711181,0.0034584518279009192,1.8763165129570223,True
2016-08-29,-0.0007775849617723818,0.00654569667840077,0.003617554513080304,1.0821454790984366,False
2016-08-30,-0.00442961117393903,0.011366201289192857,0.003292863223000077,0.9160351909338611,False
2016-08-31,-0.0021576543074353083,0.005550903263688234,0.0033283255388910646,1.3117348344865372,True
2016-09-01,-0.0014240951601993679,0.004528279896799603,0.003323518296714003,1.4480833920518967,True
2016-09-02,0.004970366259382075,0.0008709520496068546,0.0029408547491311158,1.167148268892495,True
2016-09-06,0.003068214930748825,0.004494056736480401,0.003009667681841997,0.8244228327006329,False
2016-09-07,0.004632972396664714,0.00380401115784168,0.0030091759415637196,1.0929685502903606,False
2016-09-08,0.005198385017364915,0.003997405353298289,0.003000498495355879,1.0458949980864822,False
2016-09-09,-0.01890575001485295,-0.02455953471457062,0.006040236526781801,2.82980521464509,True
2016-09-12,-0.009296180439941848,-0.009704309171477465,0.006973603020577685,2.009807007076728,False
2016-09-13,-0.02648066098399271,-0.02674723197782869,0.007579146093089587,2.0247705160114404,False
2016-09-14,-0.026756759122098295,-0.022068311201683954,0.007527197531644572,1.4222904307615518,True
2016-09-15,-0.01478226538050953,-0.014150662862684515,0.007904678836291359,1.381449169290901,False
2016-09-16,0.005475028680341554,-0.02015995599839082,0.007903689861907584,1.515659427217028,True
2016-09-19,-0.0085607762618366,-0.018541261624815508,0.007907087096117416,0.7816957510059825,True
2016-09-20,0.00594693634781196,-0.0184503057959835,0.007907644370112724,0.6758576049393807,True
2016-09-21,0.01764118189666064,-0.009406512110074483,0.008344144005637377,1.0411933782818634,True
2016-09-22,0.013921921842960483,0.001960143421518401,0.008397790200693542,0.7222349273759182,False
2016-09-23,0.012279071849919942,-0.002843417828384487,0.008490238983802313,0.6920916454242497,False
2016-09-26,0.0038891167035670637,-0.009056402869821567,0.008670648982752088,0.8574989669943662,True
2016-09-27,0.01007430206988702,-0.007790350377495203,0.008716920263947882,0.7464702574898632,True
2016-09-28,0.0037995231271443775,-0.0012185156197037639,0.008790345310124192,0.8198410327571564,False
2016-09-29,-0.011511102039992283,-0.00743190319992848,0.009001972914395966,1.177557768399185,True
2016-09-30,0.0014356652317166763,1.2277852246000975e-05,0.009173243229756293,1.0681275349174282,False
2016-10-03,0.007188211014474977,-0.006869513451710274,0.009126168178367295,0.7596266452971142,False
2016-10-04,-0.004128447610931563,-0.014909106522534743,0.009150942223165778,1.0605429765434593,True
2016-10-05,-0.0046619897035729,-0.010459339182946836,0.009222486720126091,0.6448818591153306,True
2016-10-06,0.005123567363789938,-0.007505780771881243,0.00921597189068494,0.5600768920420315,False
2016-10-07,-0.0058254809604162405,0.013344768234536453,0.0074176286139669085,0.8489424042326333,True
2016-10-10,0.0017614299457628935,0.004215181858430839,0.006786645083419459,0.5187985304360053,False
2016-10-11,-0.005822616789407098,0.005994485627684121,0.006597397499174913,1.339450384918579,True
2016-10-12,-0.008904525703346655,0.007691838356510772,0.006598831172465172,0.7832012227787553,False
2016-10-13,-0.01283692148796678,-0.005546069228011152,0.006241339661350492,1.09386505497385,True
2016-10-14,-0.008928626930926997,-0.0011716231633558394,0.006184747890703704,1.0422173840227769,False
2016-10-17,-0.017487021319156026,-0.004826089244149845,0.0062316051515523725,0.6587336234175606,True
2016-10-18,0.0013115882150800395,0.0013589183904867408,0.0063985230227553876,0.8653917165241716,True
2016-10-19,0.0026672780395080586,-0.007135667618694663,0.005877468464434474,0.7677812401963013,False
2016-10-20,0.004084266145347959,-0.015194835239786486,0.005671753104249996,0.8514622695913311,True
2016-10-21,0.004035576295850163,-0.009305582970194792,0.005565650019190739,1.0209710301557366,True
2016-10-24,0.011818510485667622,0.0030344659593650736,0.005353518129598781,0.7012124140849652,False
2016-10-25,0.002152537245941666,-0.006494493818490321,0.005210406627203689,0.7812189893989054,False
2016-10-26,-0.0025198621615850625,-0.013386210791108355,0.00507013594207281,0.8949460500223129,False
2016-10-27,-0.003319571991462378,-0.007033831999659901,0.004702090979032284,0.9411389897322027,False
2016-10-28,-0.006730078450530197,-0.017383742114872813,0.004347826663990565,1.6897613689951947,True
2016-10-31,-0.010889453111262881,-0.01496864406898657,0.004336758452251493,0.7462358007698691,False
2016-11-01,-0.014754611461038292,-0.017095411446212072,0.004474636189167566,1.4927796747616577,False
2016-11-02,-0.01871443309594545,-0.02731548333929834,0.004435562059639043,1.2334148879293747,False
2016-11-03,-0.020594126890456588,-0.03244045974436671,0.004462681424471991,1.0454003404101366,False
2016-11-04,-0.01877288916528641,-0.03018062390567855,0.004443823614964443,1.2682205129441833,True
2016-11-07,0.0028226257169452484,-0.01392517096436452,0.0067733006035436165,1.2344762738492387,True
2016-11-08,0.014691255987090202,0.003185858296530286,0.006245218372102407,1.216627646735518,True
2016-11-09,0.03165835879909529,0.012493889955056847,0.006665413242812601,2.664522777618252,True
2016-11-10,0.03898856537568718,0.018355852774639247,0.00661160358395633,1.7121158848749234,False
2016-11-11,0.03773697136106069,0.015484302607590372,0.006650884082076259,0.9966864904979323,True
2016-11-14,0.016138696933426733,0.01982244875831296,0.006575013173127901,0.920914989118296,True
2016-11-15,0.019476073519024695,0.02138434415709578,0.00664851873989111,0.8860344533399844,False
2016-11-16,0.006886150920870193,0.016754109779153037,0.006669037092594683,0.6346234426723787,True
2016-11-17,0.009542829591694835,0.023892001702327414,0.00670266735025372,0.6763022938662008,False
2016-11-18,0.009610912104802916,0.02112321235284531,0.006745437004813279,0.837020237528548,True
2016-11-21,0.016436519623050705,0.024476988419396495,0.006866652028816635,0.6983559708931054,True
2016-11-22,0.010536861951300436,0.029929568234377424,0.006782241785846576,0.6501053339557135,True
2016-11-23,0.012989216460953745,0.032562865091841475,0.0067366888612572446,0.5509631847544685,True
2016-11-25,0.011553180964268384,0.039170813613076616,0.006673559480890296,0.3757230207546336,False
2016-11-28,0.009061889823140046,0.03735801924987614,0.0067516445276698915,0.7845871015919518,True
2016-11-29,0.0034527694047454816,0.03933202861349727,0.0067381950565404344,0.7129358624284033,False
2016-11-30,-0.0009068391818521926,0.044405383387047026,0.006471913212946022,1.161346246360792,False
2016-12-01,-0.005119889962502455,0.04686779413687958,0.00633515690174054,0.8204531532153874,True
2016-12-02,-0.008306743659451943,0.052207992968351435,0.00614338819452553,0.782580930898454,True
2016-12-05,0.0023583012438213036,0.05969801534775865,0.006125718971493586,0.7250072006108896,True
2016-12-06,0.0035757069764650318,0.04011252703175705,0.004161198802851277,0.6574690569581457,True
2016-12-07,0.01914865758098583,0.04899331512797245,0.004824453120735318,1.213290658164502,True
2016-12-08,0.025413152868387634,0.04053051697448562,0.00442315803327962,1.196546787072849,True
2016-12-09,0.031090779204499874,0.04420972040500204,0.004514228668197457,1.112170552246013,False
2016-12-12,0.02375568147084417,0.045420847281526955,0.0044608883933843786,1.2880342573141856,True
2016-12-13,0.027334248159648356,0.05157221566733483,0.004553680675223426,1.3810064687391774,False
2016-12-14,0.005699321961617487,0.03481768054145906,0.004970947873858122,1.726451723113353,True
2016-12-15,0.007372730452151366,0.04103335520576934,0.004922802592128804,1.4615307429642272,False
2016-12-16,-0.0006337409371859337,0.0336836946088086,0.004942067842073683,1.7411135922115042,True
2016-12-19,0.0026928306800093615,0.038257388113288826,0.004856223819550454,1.003311364739499,True
2016-12-20,-0.00011221714471376654,0.034451430007422346,0.004697243713109573,0.988165341056613,False
2016-12-21,0.0054044248393021466,0.02956192306467842,0.004802275928555427,0.7467554121183441,False
2016-12-22,-0.00044799821963736886,0.02722413744091745,0.0048519100559874795,0.6183448089716207,True
2016-12-23,0.0029771013342745345,0.02491998960148445,0.004820275067925545,0.4038940582906894,True
2016-12-27,0.0032815168766193725,0.03230976985686329,0.004617886003478579,0.478579226717579,False
2016-12-28,-0.00883351352180517,0.021785599257475363,0.005115319832232265,0.7211783510799054,False
2016-12-29,-0.006289843727865674,0.024014756164125295,0.005060016512701023,0.5685768193915869,False
2016-12-30,-0.008207993272848046,0.024035638417473804,0.005058988318280198,1.2507911520866992,True
2017-01-03,-0.0020819693494169567,0.03135332529306223,0.005255696551089576,1.038612173644374,True
2017-01-04,0.0013698482101995868,0.03129178085793338,0.005253037165153441,0.889615192883702,False
2017-01-05,0.008912239913591469,0.02721896364365306,0.005263720389271794,0.8763284923150613,True
2017-01-06,0.012748084434695661,0.01758362239285982,0.004527094470101848,0.818002294090411,False
2017-01-09,0.01310755940045305,0.011746575976844253,0.004604243679456969,0.5532565259699849,False
2017-01-10,0.005416185260754602,0.0056721938413191175,0.004422742633474025,0.7625402415722952,True
2017-01-11,0.002295128195684004,0.009673251548734108,0.004443866490070222,0.9074602103314071,False
2017-01-12,0.0005742186845767439,0.00046193710268171984,0.004241207088124759,0.8975516571825932,True
2017-01-13,-0.0007043550148915223,0.011104273474059845,0.00378832387806877,0.8213971159771148,False
2017-01-17,-0.0009274104358046875,0.0034103972520680426,0.0037958857772122027,0.8369824416388678,True
2017-01-18,0.0012808326022206717,0.0075988482127116175,0.0037869812525436397,0.8047516703392847,False
2017-01-19,-0.005240046906928142,0.0016851478521022756,0.0038680356497100324,0.9956383051870985,True
2017-01-20,0.0009272021187201052,0.0015019532200777341,0.0038588336693923964,1.8756215777376393,False
2017-01-23,-0.003963931145250177,0.001682806313796359,0.0038520021792393224,1.0843178563958078,True
2017-01-24,0.005967156440149557,0.009850315209457783,0.004073353131673717,1.3422284926310757,True
2017-01-25,0.012436627337762518,0.01710196397983421,0.004461988829590741,1.1475862012727218,False
2017-01-26,0.01513885532603143,0.013523619525344754,0.004464136871380744,0.805587490690079,False
2017-01-27,0.009835304866865346,0.020365442185486637,0.003983144663228385,0.8044689982679513,False
2017-01-30,0.006190506448473521,0.01426328776455743,0.004293344254909584,1.0522722803831805,False
2017-01-31,-0.00030782189926270576,0.017894330988684315,0.004174622771417354,1.0237502011085338,True
2017-02-01,-0.008494418764903977,0.01056624191240041,0.003860172152842684,1.0763143623104348,True
2017-02-02,-0.006802508745260338,0.005252073486330833,0.0036447480185756455,0.9535129971954172,True
2017-02-03,0.001615565392557139,0.012985935594530318,0.003921609559620004,1.1011489368478034,False
2017-02-06,0.006064740609599717,0.007569944784711957,0.0038943918581886587,0.7973867725505426,True
2017-02-07,0.006197037396068472,0.01095115787032519,0.003798433882218597,0.7933179173843536,True
2017-02-08,0.007117270953563182,0.012276041098999713,0.0037997216984598423,0.7121060247545853,True
2017-02-09,0.012424733649576192,0.01541156304152258,0.003955078328594916,0.9163127840979542,True
2017-02-10,0.009461969786966007,0.021983935640565333,0.003936503729242345,0.9210572027114415,True
2017-02-13,0.01677395516104352,0.0251929776752029,0.004048328492741852,0.7739722396064028,True
2017-02-14,0.020791422269034188,0.032928218696432365,0.003928795183968237,0.9905047550050724,True
2017-02-15,0.02477769139764674,0.0360309222724271,0.004009105164221031,1.182524201599135,False
2017-02-16,0.01786659667239321,0.03899790967778172,0.003851361157169363,1.1403363371972708,True
2017-02-17,0.015463857164954131,0.03682640160987094,0.003829627398459483,1.0767994811552664,True
2017-02-21,0.015981202829806307,0.04572196445529997,0.0037877223823189533,1.2286734821090322,False
2017-02-22,0.011039889523011492,0.03813690678695125,0.0037160626084069997,0.8783261644483163,True
2017-02-23,0.006470028271536865,0.02992527480126994,0.003361731146225358,1.062467463527825,True
2017-02-24,0.008605924350269856,0.0323114336432242,0.0033096200868037336,1.1546217786618462,True
2017-02-27,0.008592077483206673,0.0355499449754384,0.0032249445981627008,0.7938711306869932,False
2017-02-28,-8.49640970497223e-05,0.03919994169252394,0.002842622122063536,1.3457422512733017,True
2017-03-01,0.014812940599305824,0.053839161893464826,0.0038744932712262326,1.9700021422512974,False
2017-03-02,0.007739662913466949,0.04678840835309006,0.00433908384950271,0.9332392999682282,True
2017-03-03,0.00709629117688948,0.04675759384790701,0.004339674362036023,1.0802154624923193,False
2017-03-06,0.002530750342891075,0.03649613606681701,0.00435068075728468,0.7422307900054945,False
2017-03-07,0.002241549325324721,0.03525083185960165,0.004410626412011022,0.8681177988904059,False
2017-03-08,-0.01342893829163172,0.03328392171546568,0.004469225909067525,1.0284561218320167,True
2017-03-09,-0.005917781081215767,0.03323989541837835,0.004469405587201606,1.1631830183609035,True
2017-03-10,-0.0030618169084173363,0.030745870842431522,0.00437889634466936,1.04098367680279,True
2017-03-13,0.00042062758261462996,0.02721265977929943,0.0043462081903509866,0.7310089201861151,False
2017-03-14,-0.00042173824790603387,0.017742657288786656,0.00438113756659093,0.7622237874671488,True
2017-03-15,0.010103016568713485,0.022464710740549565,0.004669308673541791,1.2038923536412645,False
2017-03-16,0.006839849392101582,0.01515392989295461,0.004613484073509495,0.9868592804092297,False
2017-03-17,0.0015617385825541508,0.014234704049340907,0.004634529414483809,1.118100118855007,False
2017-03-20,-4.1575670215787675e-05,0.011527830830181163,0.004646971060942795,0.6703898353195542,False
2017-03-21,-0.009088961712209298,-0.0073709725781748725,0.005350639338896763,1.637158999214952,True
2017-03-22,-0.015278316622234223,-0.004150892968423858,0.005382673023136273,1.185765904168499,False
2017-03-23,-0.014390385704865616,-0.005886469356396473,0.005381940017045049,1.201462211398206,False
2017-03-24,-0.013373836020979413,-0.007867719917254212,0.005370172424297321,1.3223490289914455,False
2017-03-27,-0.013304469577824718,-0.010432451474024163,0.005352022637448079,1.0095578681520623,True
2017-03-28,0.006802690280021784,-0.0005335059734685732,0.005596610137476538,1.08133083508675,True
2017-03-29,0.005378094688021751,-0.013409429689668406,0.004537616047795301,0.754643754717635,True
2017-03-30,0.009656744972633025,-0.003995309085041088,0.004411738904439575,0.696881627928571,False
2017-03-31,0.00803904523928134,-0.0069389738324235894,0.004432304769082012,0.9102314702910125,False
2017-04-03,0.007319706843207374,-0.0057054184704034006,0.004402042631117752,1.036769809385314,True
2017-04-04,0.0006797585346545176,-0.0020909724016016096,0.0043589909337643585,0.6879355433993551,False
2017-04-05,-0.0032265677799067083,-0.0032068574347612344,0.004389756380097304,1.3012519876723798,True
2017-04-06,-0.0035977034905771976,-0.0016707446580905838,0.004429393613291161,0.8376559523226798,False
2017-04-07,-0.0022904624607301693,-0.006170619231957053,0.0043518529190753625,0.9057453837443387,True
2017-04-10,4.243156560623795e-05,-0.006081298615314146,0.004352775148987932,0.8178564924955967,False
2017-04-11,-0.0017835380026727243,-0.0034504980346230507,0.004279526355752582,1.0471358799419899,False
2017-04-12,-0.0031941806819096863,-0.016328840853624516,0.003835550749845299,0.9819272014359883,False
2017-04-13,-0.01244462681330838,-0.020792213461127695,0.004035525634577132,1.1044309392961567,True
2017-04-17,-0.0026787908964164275,-0.010378410548125272,0.004595952856643514,0.8234854436060229,False
2017-04-18,-0.006246171200954276,-0.012248418549987483,0.004627871856857164,0.9837265591502387,False
2017-04-19,-0.006891641669457993,-0.0012406748419718783,0.0036471189010661587,0.8434909994652358,True
2017-04-20,0.005597174553461981,0.00452437985754095,0.004054914136427825,1.1400902653667295,False
2017-04-21,0.008946012225250488,0.0023926076196625345,0.004117912010353664,1.3512226941194228,True
2017-04-24,0.011084120634943462,0.014153801169193514,0.004772446017900575,1.4532213730631216,True
2017-04-25,0.020011134269788844,0.02110284267784257,0.004885193007938149,0.9411565339982848,False
2017-04-26,0.021247131385600193,0.013088369359211205,0.004670460768761469,1.0450054654516832,True
2017-04-27,0.013852493745732719,0.012991582895970133,0.004670214343123489,0.7102809380880378,False
2017-04-28,0.014876761106225267,0.007575067510137812,0.0046713911577811644,0.7827384758450875,True
2017-05-01,0.006366607671275393,0.01247121860969691,0.004648795341462233,0.827499625424421,True
2017-05-02,0.0009222990250077334,0.014617899253669187,0.0046159932289982575,0.722467826806774,False
2017-05-03,0.00033589528414568193,0.012740242141917824,0.004636602199493328,0.9113749690108436,True
2017-05-04,0.0006705618256672707,0.016952121329572023,0.004558455539523281,0.7891675905958878,True
2017-05-05,0.006804741992979535,0.01809415678470372,0.004590783499076569,0.799746150415553,False
2017-05-08,0.004105990888322086,0.018962311130540144,0.004575902764113592,0.634775554626871,False
2017-05-09,0.0028060938741769625,0.017421841523777237,0.004594537951638731,0.6810985318175592,True
2017-05-10,0.005828441406250384,0.020462973797081174,0.004572405171432958,0.736439605090369,False
2017-05-11,0.0025969536889400846,0.022860299501494152,0.00445530602169005,0.8571657144710865,False
2017-05-12,-0.003003864550902291,0.02782686155844627,0.004139574360781382,0.7614677894846862,True
2017-05-15,0.002670236994023023,0.02442740880598504,0.0038814984103793413,0.8785726346437901,False
2017-05-16,0.002672763687018298,0.02655319668959155,0.0037902041993455025,0.7439555733004247,False
2017-05-17,-0.016884166812170198,0.010195210126241028,0.005683295546251249,2.3250680171195044,True
2017-05-18,-0.010903185604805743,0.006076677032723188,0.005463459516547169,1.4315977462248906,True
2017-05-19,-0.0028036283430303843,0.015857344811855523,0.005565118652477611,1.5333613355133349,True
2017-05-22,-0.003245762594895063,0.00990841395082187,0.005135058218233544,0.8462399491789431,True
2017-05-23,-0.00012484964215775385,0.006288066281876281,0.005000238484161357,0.6839683540641275,True
2017-05-24,0.020311813486162622,0.00927001422319318,0.005014316581644461,0.6821924790008014,True
2017-05-25,0.021074972469875553,0.01324376242191927,0.005106021086904779,0.9269283852169913,False
2017-05-26,0.014267280819423078,0.015247275639327373,0.00506696585160687,0.6829472481070069,False
2017-05-30,0.008266413172168141,0.01181490562651577,0.005061994211705478,0.5278166475930723,False
2017-05-31,0.005790395445762986,0.011182259705768693,0.005065372058472421,1.3417635224376607,True
2017-06-01,0.01142963397411445,0.02046283241375968,0.005304630986195178,1.0110891831476436,True
2017-06-02,0.00996855204783853,0.022658579800464818,0.0053295906289466954,1.2745640549795823,False
2017-06-05,0.009432759328805274,0.01789733014269479,0.0053026423411854364,0.6506309251579678,False
2017-06-06,0.007081015389452494,0.014812770555281851,0.005377504394464463,0.7321986125473354,True
2017-06-07,0.009195015614384294,0.017624546366979077,0.005367953318716698,0.7853915999073967,True
2017-06-08,0.0017257141705526724,0.016300412180635826,0.005364260196506572,0.9486294894636719,False
2017-06-09,-0.003112455022326266,0.016834927750973838,0.005350772848733872,1.8113099430694144,False
2017-06-12,-0.0025820681548855973,0.01832796914931012,0.005324411761783837,1.153850173851846,True
2017-06-13,0.005509514980900354,0.01768643275640347,0.005297415731781587,0.8058988787222612,False
2017-06-14,0.002380080768669357,0.01732749898242769,0.005304318799085937,1.035573545374646,False
2017-06-15,-4.0888417751405726e-05,0.03371222694026077,0.0031060428251811238,0.9412061419439841,True
2017-06-16,0.0016976727684459014,0.029789163096884286,0.003069996104271372,1.2167314223219938,True
2017-06-19,0.010244456963312887,0.03165255655150556,0.0032488699238617277,0.9720315438070786,False
2017-06-20,-0.0014513329495431382,0.019518546065863562,0.0036291730945264395,0.8519890209082139,False
2017-06-21,-0.0004306506537626875,0.017016360358559357,0.0036266281252142684,0.8333198733055345,False
2017-06-22,0.0010427334728229098,0.014190073664761549,0.0036201907491207655,0.6585806193683992,True
2017-06-23,0.002019529474450499,0.010571094665305036,0.0034947021864723746,0.9971095985798362,True
2017-06-26,-0.005599613766292477,0.011445129004859167,0.0034904328697966287,0.8377175220741053,False
2017-06-27,-0.0069133516288770736,0.0041693769004509385,0.003982255358007239,1.174349770406415,True
2017-06-28,0.0022226146944193115,0.013408758406185495,0.004431713664977157,1.0158590833560917,False
2017-06-29,-0.006135583179709414,-0.0034230832774345687,0.004564000847660532,1.5095545757028217,True
2017-06-30,-0.005470140102973198,-0.004876808138610689,0.004516587906737288,1.2270393941905764,True
2017-07-03,-0.004439162133043517,-0.0024544470321364864,0.004535061436348812,0.5555385686189197,True
2017-07-05,0.005967075345211237,0.0030586574419000367,0.004505108391425001,0.7700391070632875,False
2017-07-06,-0.012074370664915568,-0.007949435013195005,0.004938286803652529,0.9179777282238064,True
2017-07-07,0.0031488891814765996,-0.0020072232827479386,0.005170803404069383,0.8182918014140911,True
2017-07-10,0.0023571987025932106,0.0005831650554974921,0.005165554870317196,0.554950813850816,False
2017-07-11,-8.248735471749757e-05,4.545359315000219e-05,0.005168304758930032,0.7833855905689925,True
2017-07-12,0.005107625112697356,0.0026577471515119022,0.005329432508834901,0.927711077754615,True
2017-07-13,0.016088014863185895,0.005617238970229144,0.005329035841374738,0.6335850850453576,True
2017-07-14,0.01424944878153278,0.012255013179274021,0.005388015453755674,0.9721561371543412,False
2017-07-17,0.013038014963815403,0.011910889772372313,0.005389895710000149,0.5641525669464192,True
2017-07-18,0.014327669700924694,0.004087443931386048,0.005074968361403981,0.7329139358331427,True
2017-07-19,0.012212469747810983,0.01637777711311572,0.004923249257199251,0.8795229985019382,True
2017-07-20,0.010964999546758447,0.017081838498429702,0.00491775312188108,0.8185630948656506,False
2017-07-21,0.0053760446498976044,0.016636860043535373,0.004924859493055979,1.3840536847592024,False
2017-07-24,0.0052537829203396225,0.015177069907499341,0.004929856381231919,0.7973131427988022,True
2017-07-25,0.007164161824511739,0.016975559206989344,0.004943749886552176,0.9405768808506018,True
2017-07-26,0.0017815919274495329,0.025276645523438557,0.004486059874996223,0.8397920581140044,False
2017-07-27,0.00040441681134817387,0.015236683521327343,0.004123803399236466,1.2483610835208154,False
2017-07-28,0.00012131937738546483,0.023037127184192707,0.0034995968259375954,0.9302410235095332,False
2017-07-31,-0.00020272236936780264,0.020553843312104858,0.0035154966643727416,1.2470527757700287,True
2017-08-01,-0.0004039648586761091,0.021097554416646958,0.0035228810028299024,1.0272461773377892,True
2017-08-02,4.02316520073942e-05,0.01923603587602596,0.003512111846506008,0.8869375881208617,False
2017-08-03,-0.0009707903536009255,0.026647220626290435,0.002695911131611003,0.7856589171883271,True
2017-08-04,0.00202506256682522,0.02189101979803576,0.002412376468108026,1.1550205576573376,True
2017-08-07,0.004457666045854625,0.02269244222942879,0.002418549415303563,0.6167143763359012,False
2017-08-08,-0.0002427750120908012,0.020933871579935648,0.002516918137486827,1.1767729604993593,False
2017-08-09,-0.0007677054009280759,0.01327811810428714,0.0020097812881482856,1.1907537616598909,False
2017-08-10,-0.012957776396887666,-0.002700415042909965,0.0038497737867285295,2.126752541482482,True
2017-08-11,-0.013297741175765987,-0.0058637165460189156,0.003704201952401056,1.3048111380514509,True
2017-08-14,-0.005365464546300491,0.004113574380731011,0.004350998178909929,1.2345380393015584,False
2017-08-15,-0.003033223449780298,0.0034599088873270567,0.0043509529937999355,0.9208208606737283,True
2017-08-16,-0.0012536987521521992,-0.0002022274590486317,0.004193228840887479,0.9409153035211058,False
2017-08-17,-0.002748276313334075,-0.01622832583092304,0.005448507764374025,1.9969071270122383,False
2017-08-18,-0.005776043003130948,-0.01689112766361278,0.005451150424033238,2.039034779135754,True
2017-08-21,-0.014764478885455734,-0.015881981722835725,0.00546185482498063,0.9626844476637003,True
2017-08-22,-0.004340438393963697,-0.008002378517839914,0.00598085048437505,0.9228491174776005,False
2017-08-23,-0.00963821192776182,-0.01159941677586096,0.006022107185844431,0.7323667601846708,False
2017-08-24,0.003702248295035293,-0.01298532415548559,0.006034693522695123,0.7511854201482527,True
2017-08-25,0.0076221742897211175,-0.00951786516880293,0.006069165726332354,0.9440311390427341,True
2017-08-28,0.006875283377219654,-0.00891497636631633,0.006070127108955248,0.6054291106577155,True
2017-08-29,-0.0024038568146543815,-0.009987068326329673,0.006049938086289842,0.7654206155852382,True
2017-08-30,0.005929257526935183,-0.005778934334084385,0.006159533893921891,0.9183177074774643,True
2017-08-31,0.014344869052530074,0.0021461459338003586,0.006301402456902131,1.468319959228069,True
2017-09-01,0.013412007231061063,0.001737906449668758,0.0062962798735993345,0.8759726701951666,False
2017-09-05,0.006092252822031519,-0.007302151328028916,0.0064854891123818405,1.2391941092222944,True
2017-09-06,0.008372251303344402,-0.0014560097394881177,0.006517629025513809,0.7872725255999604,False
2017-09-07,0.0034958786797503194,-0.0015367324645491065,0.006517646129421025,0.7913467520491978,False
2017-09-08,-0.0036771465864593456,0.011568789843002358,0.005630479532965728,0.9053746942207347,True
2017-09-11,0.005527765841589094,0.020850281858528774,0.006064800320896929,1.014727416635249,True
2017-09-12,0.01621565274124137,0.01423694463097891,0.00572869396297716,0.8185386575942997,True
2017-09-13,0.013244291427173316,0.014847256366329997,0.005725604086617994,0.849652420461463,False
2017-09-14,0.013043287174627105,0.01275620185373083,0.005725390583819512,1.3322107620980628,True
2017-09-15,0.015600253585555723,0.03018074081221389,0.004262544014579489,1.3634730011489147,True
2017-09-18,0.00701934684666905,0.03398834521209504,0.004202567604045797,0.7062420698951318,True
2017-09-19,0.0046411420936394165,0.03421379007422787,0.004200396342115077,0.7298102161284338,True
2017-09-20,0.004520806700722746,0.023879269535395986,0.0036639851828597306,0.9254929984989154,False
2017-09-21,0.0021496825459002,0.02481064839920677,0.003607007596535639,0.7501325841457135,True
2017-09-22,0.0010032901551444429,0.027410581932230338,0.0035187493137185154,0.7965580678295309,False
2017-09-25,-0.0031634053209346202,0.022920542320960413,0.0035903352123484193,0.8926767278771568,True
2017-09-26,-0.0035605568270027366,0.023494597709095233,0.003583482736878227,0.8371714527351917,True
2017-09-27,-4.003111108963342e-05,0.026305373677044663,0.0036349209593482643,1.22554567991267,True
2017-09-28,0.0038494580511134746,0.022691810883139985,0.0035440524803437355,0.6864592363664516,True
2017-09-29,0.007175884098896468,0.020149253731343242,0.003403867827232375,1.3304984565126492,True
2017-10-02,0.01361811028236204,0.023128579174191533,0.0034843078270660986,0.9197760579127147,True
2017-10-03,0.015175935647720573,0.03273540070038927,0.0028826715841021077,1.0614629031265082,True
2017-10-04,0.01243780781698467,0.030443232976071988,0.0028524213276778245,0.890364725303158,True
2017-10-05,0.017215975276175577,0.03667436002140878,0.0029882333180251902,1.0064155370274328,False
2017-10-06,0.012498504955204215,0.03671173525257876,0.002986352407573087,1.2609108793550194,False
2017-10-09,0.0064600490444175485,0.024077181113491886,0.0022404901866164557,0.5757936096946242,True
2017-10-10,0.006960480221802401,0.023329774763974243,0.0022087815413417648,0.700251152613716,True
2017-10-11,0.0073468807534440295,0.024445718879776868,0.002204668211358797,0.7826901047555996,False
2017-10-12,-7.8821818922159e-05,0.023246154025435395,0.0022622161654498457,0.8046448931742785,True
2017-10-13,0.002280335143265866,0.023114933053114184,0.002261818756306307,0.9706029020637825,True
2017-10-16,0.005276565850823589,0.02230487926535729,0.0022506347093999937,0.6818060599552368,True
2017-10-17,0.003338343776406738,0.022002741405815707,0.0022523315708085764,0.5709077625167697,True
2017-10-18,0.0027450053042290534,0.022634694034812552,0.0022459993201608664,0.7523444581841285,True
2017-10-19,0.004516317985833407,0.02566261002404402,0.0020733750352521655,1.1248596623829226,True
2017-10-20,0.008472169859738976,0.030748796432088277,0.0022295111179291612,1.5664058256207978,False
2017-10-23,0.0032120184700985543,0.02884318943950981,0.0024151094632906753,1.1159735813286265,True
2017-10-24,0.0042664748664278385,0.030030572803460887,0.00240818759141791,1.1557445654965632,False
2017-10-25,-0.0016816669270645068,0.020955833087757503,0.0027323880327704067,1.7563527577274896,True
2017-10-26,-0.0006645329218010199,0.02105053226101683,0.0027327511339711444,1.1574648339504445,True
2017-10-27,0.0023336965989222413,0.025793277722302665,0.00312504218787928,1.4189068120047352,False
2017-10-30,0.002499082719249257,0.017557148212097085,0.0032279759924689327,0.9037849763688707,True
2017-10-31,0.0022997508024511504,0.016965976228647595,0.0032185827730896563,1.0094615679356245,True
2017-11-01,0.008617869232431019,0.01710375590353408,0.0032194800306860043,0.9086481137899342,True
2017-11-02,0.00770694197489874,0.01150565315024532,0.0029902984428977386,0.9519571873488576,True
2017-11-03,0.0028713844420964474,0.016039746771059127,0.0030225450235234178,1.0230773872920238,True
2017-11-06,0.008179254608617237,0.01929530951592473,0.0029701821782049448,0.8424544971140869,False
2017-11-07,0.005911052749465906,0.015906121294072095,0.002964583703155405,0.9638275126524759,True
2017-11-08,0.006291532172490566,0.016038185516625614,0.0029665226591114448,0.8439728913156809,False
2017-11-09,0.0022513544003208708,0.013862825365447584,0.0030893602683370477,1.528680104972513,False
2017-11-10,-0.0013927824196723337,0.012316204257402319,0.003094584491709001,0.9603658390150793,True
2017-11-13,-0.0020089052964410437,0.011908241299791067,0.0030909797840976876,0.7965131320893607,False
2017-11-14,-0.003633957603850435,0.008846485134797577,0.0031587817960207665,0.9499117056734944,False
2017-11-15,-0.010304473301749217,0.0028157127098591417,0.003381162989124799,1.2143983403580838,True
2017-11-16,0.0017431877904721116,0.011063892620768234,0.003863575033147183,1.0140468461605041,False
2017-11-17,-0.0008913243571844198,0.002917018828636042,0.0037792443688577397,1.1449305928296298,True
2017-11-20,-0.0001162487246622046,0.008551123420798667,0.0036698096733426763,0.735378641109357,True
2017-11-21,0.00876877552673494,0.013369318774917982,0.003908978727925214,1.056340619794308,False
2017-11-22,0.01294652598294177,0.017509804977554166,0.003701448548344899,0.7199225809937683,True
2017-11-24,0.0067279079056346,0.018543092794468086,0.0037144527512837262,0.4607728193907507,False
2017-11-27,0.009191039727096006,0.009778352684345792,0.0033074202643576405,0.8891550264102085,True
2017-11-28,0.017692691643321767,0.02383645546082902,0.0037948798608032465,1.6217966911130934,False
2017-11-29,0.010461905030680674,0.021621617214955258,0.0038145578614081446,1.2524915641702752,True
2017-11-30,0.020210683674806162,0.02920482121931367,0.0041838770797173915,1.950474684581928,False
2017-12-01,0.015747620451575628,0.0266702349055965,0.0042524379460623036,2.3164094567719133,False
2017-12-04,0.015025291660180073,0.022015966200641612,0.004260736907164529,1.2937119383853672,False
2017-12-05,0.0012171086909826823,0.016766186194597132,0.004385623769577772,1.052449127363691,True
2017-12-06,0.0020173591168546334,0.01766711092434914,0.004373753387119624,1.0116112185088548,True
2017-12-07,-0.003546757333780848,0.019142513559280427,0.004399988296636084,1.0111793521865873,True
2017-12-08,0.003970101502482004,0.02843085761104036,0.0043703107028144755,1.0149139415110073,True
2017-12-11,0.00821516955807855,0.0318491419987732,0.004364581724327164,1.0846554111350253,True
2017-12-12,0.013640614784158345,0.03271011889356923,0.004362049836176042,1.087488277332372,False
2017-12-13,0.01333380761776004,0.03499762589291677,0.004284230131453399,1.279578599306751,False
2017-12-14,0.0060208412003630585,0.035953564642671854,0.0042125173099380325,1.236477768955935,True
2017-12-15,0.008897075795295306,0.03577533398555066,0.004198092977326616,1.696194197822094,True
2017-12-18,0.012245239879228986,0.04541618717274676,0.004163285502593125,0.9766845141804927,False
2017-12-19,0.006580860184748127,0.03962709512131446,0.004379273557139904,0.9429634232236115,False
2017-12-20,0.006166583885816923,0.03232777504522155,0.004273357197313744,0.8747139000662034,True
2017-12-21,0.0123758798508935,0.0353699574339188,0.004233766399008696,0.7544890020652344,False
2017-12-22,0.0037521834585148017,0.03271375005720145,0.0042548030727965,0.8613934532110421,False
2017-12-26,-0.0037663846122988343,0.03199365306846791,0.004275869908089258,0.4969927939757677,True
2017-12-27,0.0005613654614711194,0.0221265362391887,0.0037741421055856317,0.6490678114638451,True
2017-12-28,0.0031455946151470737,0.024853143478009043,0.003757600159756358,0.5164655068350308,False
2017-12-29,-0.002690802411894344,0.012128178991301697,0.003471172444841048,1.1194743260482354,True
2018-01-02,0.004709763611293605,0.021491526838943065,0.00370167804588093,1.0583981791130401,True
2018-01-03,0.012276001546908555,0.029198402575054683,0.0038383452444134655,1.1027785132390684,True
2018-01-04,0.016048034089816365,0.037267190824037844,0.0036927636858069277,0.9856790236941462,True
2018-01-05,0.02071923454607716,0.04398123107867269,0.003822227470336392,1.0162400820350692,True
2018-01-08,0.026455795968779006,0.042602694341322245,0.003815605697573558,0.7059512943462636,True
2018-01-09,0.02146862798278315,0.03929544002823482,0.0037336548712403376,0.7136342291154265,False
2018-01-10,0.013495008678254594,0.03458812706285452,0.0038022158964722105,0.8745586231373647,True
2018-01-11,0.01660489603278248,0.040300565413341705,0.004002434556174544,0.7953065797410852,True
2018-01-12,0.01645822840541289,0.04720014732895539,0.004093173096184293,1.1671905133487563,False
2018-01-16,0.011134403139430038,0.04790220031278025,0.004040588464608397,1.364309464864823,True
2018-01-17,0.018467252074866547,0.049153968520632585,0.0041420730744621236,1.4798440646465871,False
2018-01-18,0.018313254784368294,0.040790078851184575,0.004129740165458253,1.301597146844472,True
2018-01-19,0.015536579132565231,0.049556294241115184,0.003925318848262675,1.75459560036586,True
2018-01-22,0.01716303911546402,0.05864506084626764,0.0040575255944501135,1.126833207464568,True
2018-01-23,0.022818803486277295,0.05871158729346271,0.004056895229260797,1.1761281055023547,False
2018-01-24,0.012767501163815309,0.05857706767185977,0.004062143249490184,1.5795531347485556,True
2018-01-25,0.014902740842806184,0.06029417934968029,0.003992594423087713,0.9687277286577911,True
2018-01-26,0.022003322341507037,0.07204820886137298,0.0043849944115703105,1.199577565783786,False
2018-01-29,0.00703937156404022,0.06275426269803286,0.004931030260532144,0.978827035273901,False
2018-01-30,-0.005400915632174708,0.055834617667466,0.005575124903575688,1.404224155882941,True
2018-01-31,-0.004519730041296133,0.048852736645417894,0.005495442485124776,1.1413723351647918,False
2018-02-01,-0.006071239235771575,0.04107662151043967,0.005468249251864099,0.9490052336555105,False
2018-02-02,-0.03883684218953398,0.01413831549539224,0.007594915880410464,1.7392078974742413,False
2018-02-05,-0.07288873242712912,-0.03470864635306625,0.012039250338952008,2.675788335975009,True
2018-02-06,-0.04482552883946911,-0.01748689371307499,0.012943937437608964,2.839888494396383,False
2018-02-07,-0.050478983567841196,-0.025023687165070196,0.012962294299253154,1.2823745244519154,False
2018-02-08,-0.08505562940437383,-0.06015600861031889,0.015298693511303942,1.7683844367215944,True
2018-02-09,-0.05064477261405109,-0.052948185804443826,0.01566504699487699,1.8851017521093651,True
2018-02-12,0.005342497092861276,-0.04526482960350953,0.01601762316367728,0.9390189396192516,True
2018-02-13,-0.011630232676339447,-0.03960715090084088,0.01604818266292356,0.5350563641942607,True
2018-02-14,0.007172433264396982,-0.03583619073407118,0.016220279888131437,0.7933864670613786,True
2018-02-15,0.05977566643301402,-0.021888610760570915,0.016539316179973253,0.7282211386833168,True
2018-02-16,0.0443976743451826,-0.02603339697022289,0.01649181284816485,1.0438832850456818,False
2018-02-20,0.022838421711812273,-0.03993777075274563,0.016377430965518785,0.5629307356523939,False
2018-02-21,0.015225891994630425,-0.046736642337217416,0.0163624084364227,0.644115457153578,True
2018-02-22,0.003005286038578525,-0.045129907713738926,0.01637688813717858,0.7255999055306431,True
2018-02-23,0.00615319036408013,-0.030320980316357438,0.01686674369309969,0.6074585604788507,True
2018-02-26,0.01753875945558625,-0.030288114203480543,0.016868133991803487,0.5703366755198535,False
2018-02-27,0.011164269317311737,-0.03600529438265854,0.017013915848297305,0.6515450453675595,False
2018-02-28,0.005924832918166922,-0.03588159404607061,0.017010574484348256,0.8041181406811968,False
2018-03-01,-0.009985354770151389,-0.0503725646972476,0.017239802437965676,1.1407882745441162,True
2018-03-02,-0.020494636689552093,-0.04439247764654397,0.017322000466552807,0.8831919198307775,True
2018-03-05,-0.020546773151285724,-0.011835370572699677,0.01693123232300927,0.6331633140409978,True
2018-03-06,-0.00564793161984789,0.033910559568058884,0.013852841030377507,0.5542830860782043,False
2018-03-07,0.0041596493538185175,0.01356226499855051,0.013196115323197933,0.6722379252881517,True
2018-03-08,0.02390744438086667,0.024022200212425737,0.013142511737202713,0.5374057408041406,True
2018-03-09,0.03638329875190349,0.0824435978376219,0.009966867218252256,0.9641684960716761,False
2018-03-12,0.02325547388391125,0.06508589934680264,0.009681377875144972,0.6705278175659573,False
2018-03-13,0.014072131489193618,0.04288825742688407,0.009514669779989292,0.8785920654076962,False
2018-03-14,0.00923811794588758,0.03496252775721698,0.009651771788197469,0.9998483162752482,False
2018-03-15,0.0032836699183775853,0.020068378735412562,0.00926181656006304,0.801885473189126,True
2018-03-16,-0.012807801455393508,0.008307615465898754,0.008842259486595736,0.9694743737391694,False
2018-03-19,-0.024941375548637956,-0.005626671286137919,0.009379233041050313,1.0818859804652377,True
2018-03-20,-0.016930074112020965,0.002340213444731898,0.009278662886656748,0.5999006444956755,False
2018-03-21,-0.01375543043559213,0.005417790022840041,0.009214659823814437,0.7982451701155205,False
2018-03-22,-0.037360326897883045,-0.020983932671024053,0.010805069200597608,1.480206038738514,False
2018-03-23,-0.05889899047294356,-0.05688385832637832,0.01094068776748895,1.7470280453825142,True
2018-03-26,-0.019889873684661885,-0.04220319889162327,0.012493862427064845,1.3164967481980094,False
2018-03-27,-0.03819873254440498,-0.04659201579211736,0.012730961570475865,1.188081442407129,False
2018-03-28,-0.0391970616575138,-0.039681360571064306,0.012599294786667072,1.3241856702484973,True
2018-03-29,-0.0019719869519922995,-0.013059589445199027,0.012642871554671288,1.039747069313195,False
2018-04-02,-0.002247455134922749,-0.03931457069526434,0.013395795197660139,1.6982129347341446,True
2018-04-03,-0.016370304054914464,-0.03811907457534258,0.013465223308489371,1.0823703205233444,True
2018-04-04,0.011358491831963358,-0.030285859836520657,0.013726536538545617,1.094311724573247,True
2018-04-05,0.02236122905875093,-0.02227445095370817,0.013884067402639887,0.7325245978497777,False
2018-04-06,-0.013034317413377572,-0.04866761022082211,0.01458720282239677,1.515413288605079,True
2018-04-09,0.013710026402752096,-0.06033177775245946,0.013949112394378007,0.8931720929854333,True
2018-04-10,0.01679650196520477,-0.044190639345844884,0.014576357029156682,0.8653766303339547,False
2018-04-11,0.0007591063865564074,-0.043016540711677154,0.014559925645378632,0.762085262721503,True
2018-04-12,0.0010911957887036472,-0.030166992661686987,0.014718827598034738,0.5850923558480572,False
2018-04-13,0.020907086901366334,-0.03195675575643553,0.014722372018475509,0.7220794590226238,True
2018-04-16,0.024253085759339488,-0.025055022065647692,0.014874523832470276,0.5466994957851613,True
2018-04-17,0.019008213849718292,-0.001108687255536589,0.014800674767221498,0.5686228692905849,True
2018-04-18,0.025135932657553983,-0.0020667856467653234,0.014796590232536445,0.5043054457321106,False
2018-04-19,0.011130967547312576,-0.005694715761608959,0.014843537724580044,0.6837311167747354,False
2018-04-20,0.005506281336659979,0.011150474980649472,0.013813855947860594,0.8993843300075741,False
2018-04-23,-0.0028427202743952495,0.03301714931505306,0.012817808336112499,0.6229606289889738,False
2018-04-24,-0.02668518430478961,-0.008034211809970104,0.01172100932409219,1.0877106583947,True
2018-04-25,-0.025000817913607754,0.011626934476013817,0.011052876988167794,1.0133030984420697,True
2018-04-26,-0.009594997284701923,0.02493954632862616,0.01121667120256035,0.6873431436730129,True
2018-04-27,-0.0001875244064183379,0.012958400336403386,0.010886169515197852,0.595460735938855,False
2018-04-30,-0.0077277745223791605,0.02734313330767546,0.009775888502758826,0.9069992046044869,True
2018-05-01,0.007605173967120127,0.01614445425857447,0.009401530165072147,0.8401526086533905,False
2018-05-02,-0.0016311498667532787,-0.0013661550345233087,0.009245896649391025,0.9990154881759974,False
2018-05-03,-0.013855970865089606,-0.011368990619131103,0.009064565461332726,1.5292365815482152,True
2018-05-04,-0.002025812302479557,0.02425682532115636,0.007972176369222705,1.0767226294986763,True
2018-05-07,0.00911105034648707,0.02268230688928008,0.007941879863179627,0.6726853903549719,False
2018-05-08,0.007321397492203285,0.006675425947449742,0.00714347393616363,0.839400143868672,True
2018-05-09,0.023936374355657764,0.021761892544629458,0.007304466126490746,0.7568007117207516,True
2018-05-10,0.03579291506146176,0.022900810070554778,0.007366217656451634,0.9122176626465944,True
2018-05-11,0.025674806907274972,0.02904018888080606,0.0073126273636093175,0.7701683837655351,True
2018-05-14,0.022703339071219908,0.02113493686898371,0.0071385888785423166,0.7087362590880621,False
2018-05-15,0.01566007844178019,0.0033678121401159444,0.00697131536693538,1.1097981113587712,True
2018-05-16,0.010166626818953972,0.006841855331538582,0.00702848740857612,0.689299756827176,False
2018-05-17,-3.6466234748622206e-05,0.011603384288226604,0.006897746572689686,0.7323261157139873,False
2018-05-18,-0.0055707353191699616,0.01770391428628204,0.006606983709500379,0.8534394599338362,True
2018-05-21,0.0014287868654596636,0.025509156726047255,0.006763582660576161,0.7732120074464391,False
2018-05-22,0.005569850622843875,0.03661878428598464,0.005904570424426027,0.7351409749794967,True
2018-05-23,0.004114366440220341,0.03690791771571256,0.00590653439425848,0.9229901140608465,False
2018-05-24,0.0029039764474265706,0.024369882935634468,0.005624021090296021,1.0785196539889264,False
2018-05-25,0.003022015637535347,0.020970888389451714,0.005681488564102072,0.7999417654518435,False
2018-05-29,-0.015912455278753623,0.01705032371124493,0.006042563702686141,1.60627339724275,True
2018-05-30,0.0,0.028794622207657605,0.0066570215919752075,0.9686475858080139,False
2018-05-31,-0.008852623090205625,0.029407680942529657,0.006620053403533692,1.2936545773973045,True
2018-06-01,0.0029325643464090945,0.04180919133397287,0.006811797439982981,1.0321531769406067,True
2018-06-04,0.010104843435833732,0.03338107546499769,0.006354368135839314,0.679961247548476,True
2018-06-05,0.02260037338779286,0.030645775233745676,0.006344255672402092,0.7685053333984588,True
2018-06-06,0.01757075156428911,0.039262463332362385,0.006511406383207013,0.946188455789526,False
2018-06-07,0.023731971033275956,0.02920218541044406,0.006263708013083386,1.0896636925537218,True
2018-06-08,0.016776684315300328,0.02268250714082698,0.005997228657245962,1.0772126834182845,True
2018-06-11,0.013313425948141777,0.020926818946502168,0.005980666676761663,0.880044584641894,True
2018-06-12,0.013885900665171702,0.021759859548919458,0.005979308854481193,1.0668493694210606,False
2018-06-13,0.002271601116828892,0.025562858296841906,0.005773217375635427,1.1731795416963717,True
2018-06-14,0.004903131340807443,0.023839504734618266,0.005740440690622493,1.1245881122522656,False
2018-06-15,0.0006626806674474572,0.023397538522126782,0.005749306113488355,1.6734837496912098,False
2018-06-18,-0.002721033475659773,0.023852453922635686,0.0057352363965936575,0.7436525281959959,False
2018-06-19,-0.007826154150279763,0.012317024115783282,0.005637360848079555,1.3335941320025946,True
2018-06-20,-0.00295280174641388,0.016870756282573618,0.005583631323148976,0.7350228612055096,False
2018-06-21,-0.011690870168996281,0.00772378508849636,0.005782843369165186,0.9669055014083873,True
2018-06-22,-0.008624193100732591,0.011633799803048905,0.005761298677175025,0.7578858520933613,False
2018-06-25,-0.020104241491688102,0.00024591813114427374,0.006558742702771589,1.8017721526266908,True
2018-06-26,-0.014156006899186835,0.014123857873769463,0.005980897329561369,0.9245386033448122,False
2018-06-27,-0.0239873846845019,-0.007521313722796963,0.005514993655047214,1.3846042282509679,True
2018-06-28,-0.012215274032041479,0.004304895613549409,0.005499440940293087,1.0210479026860444,True
2018-06-29,-0.012593631108643755,-0.004027097711945871,0.005029689272412496,1.2776039628665194,True
2018-07-02,0.0031733827592468344,-0.006617889416654199,0.0049274560473501535,0.8222303957495128,False
2018-07-03,-0.002577579456118695,-0.01084539046205979,0.004971621582286534,0.5489665569981034,True
2018-07-05,0.013958965139314161,-0.011044037858354394,0.004952725461251608,0.7435666338810234,True
2018-07-06,0.016722630592726384,-0.002571430532991359,0.005347076783966825,0.8722302344560569,True
2018-07-09,0.02440271732266508,0.0034429026769835502,0.00568993281326585,0.6726183942044837,True
2018-07-10,0.025895744668037457,0.0057169420441123275,0.005736345570613743,0.6946656299733325,False
2018-07-11,0.02200081202447679,-0.002928422712747736,0.005975889374323001,1.0267847208295329,True
2018-07-12,0.02292122576611022,0.009331247034620738,0.006266838012502963,0.8114284241320084,True
2018-07-13,0.015140219548076095,0.007589513271074155,0.006249198229917713,0.6636452382910475,False
2018-07-16,0.005181673617198124,0.007974451110117853,0.006244404566579285,0.6979457147058383,True
2018-07-17,0.005629139236539071,0.014137765552423964,0.006266288047003841,0.7578536295358878,True
2018-07-18,0.015170222806558664,0.02018147273567572,0.006179222045769274,0.6717482944747126,False
2018-07-19,0.0022550612105227685,0.014603273095089353,0.006267866843114758,0.9198169056296531,False
2018-07-20,0.00032195099219212153,0.01983668600424937,0.0060676348735133395,1.2229088383920335,True
2018-07-23,0.003078824268314184,0.019873412560259096,0.006067897832839097,0.7028655670031629,True
2018-07-24,0.004064450653654905,0.03915102153989203,0.005051559763655164,1.072210429506596,True
2018-07-25,0.010496026984107232,0.04569215029621443,0.00526251051296591,1.23327275072406,False
2018-07-26,0.011928533680380937,0.051939274451431316,0.004783289483726184,0.9402105654801762,False
2018-07-27,0.006221827956280235,0.038872041074016206,0.005149099656600142,1.2460711653892476,False
2018-07-30,-0.0008920947330306461,0.03195970875155685,0.005391752595030845,1.0638626345840267,True
2018-07-31,-0.0009946648680733139,0.03483349176468642,0.005442612663817916,1.1396717646260064,False
2018-08-01,-0.011091276292310437,0.036766437610958436,0.005363290065138096,0.8864712286108711,True
2018-08-02,-0.0033528059084125816,0.033979048740607976,0.005227244221220272,1.0384964638686525,True
2018-08-03,0.007746082192358061,0.02969993761345502,0.00502189143540364,0.8922713758702725,True
2018-08-06,0.0167530387945376,0.02425359874966082,0.004734403835585993,0.6578896617338871,True
2018-08-07,0.01510745823124382,0.02395121626879071,0.004726992115464701,0.7265877359829858,False
2018-08-08,0.016378448099181098,0.031062843103793147,0.004306455195485782,0.729834501977885,False
2018-08-09,0.009490745317976224,0.020403384214250808,0.003965107328380408,0.6323391449568045,False
2018-08-10,-0.001551504058333819,0.012768811818997916,0.004325175280583988,1.3305728440985911,False
2018-08-13,-0.008923593028890231,0.009880704274187746,0.00442427156332658,1.117839449250704,True
2018-08-14,-0.005883092382582444,0.012229237351874422,0.0045516999050027405,0.7509782913111288,False
2018-08-15,-0.012891662149726812,0.0025616457322930053,0.004878642765462863,1.6791414249227667,True
2018-08-16,-0.003542844526546407,0.014500492959887756,0.005094550659067416,1.1335563737646972,True
2018-08-17,0.006709996047501665,0.01923634239162486,0.00511087881812197,1.0776869602563055,True
2018-08-20,0.012654647361342919,0.019521461047462108,0.00511384177726848,0.6576896279912838,True
2018-08-21,0.0085947648677831,0.01679639088364837,0.0050364913594310836,1.1121448241629301,False
2018-08-22,0.015579470682705265,0.007605174399758052,0.004706837228948479,0.7652696799480287,False
2018-08-23,0.006089667828799161,0.008646786806141282,0.004680715546568083,0.8431514857822745,True
2018-08-24,0.008594673876505698,0.021639878798404677,0.004513796682689629,1.0016229848808897,True
2018-08-27,0.014387523943109715,0.03511326957467431,0.004502639074319744,1.0002042560082243,True
2018-08-28,0.01250253315857175,0.03053395739896847,0.004446132450608159,0.8385853401952629,True
2018-08-29,0.01855557503456695,0.03781253336573265,0.004459860496069621,1.0909227044478713,False
2018-08-30,0.015780768361467468,0.028010728551867592,0.00456290130766528,1.0885019971143706,True
2018-08-31,0.00973887696456388,0.023660148234845746,0.004519856450205387,1.1631926949427758,False
2018-09-04,0.0001037216444115252,0.018163303895805782,0.004524391973204912,0.996941290979288,False
2018-09-05,-0.003069843121873861,0.012080417188652381,0.004555996998302325,1.2231577882899647,False
2018-09-06,-0.011390078022202932,0.009458405534940706,0.004623133188258386,1.090796221215332,False
2018-09-07,-0.009300477476080538,0.008874764478404185,0.0046370561086518354,1.1799072600801905,True
2018-09-10,-0.007612472030256168,0.017446135796745033,0.0043254375175284755,0.8235237870852758,True
2018-09-11,-0.0026226842114089877,0.024636421502105543,0.004214962875081268,0.8392282597728725,True
2018-09-12,0.00031131646376936217,0.018386757862887793,0.004039724515810899,0.9803584267695081,True
2018-09-13,0.009265477604716077,0.03211722636553471,0.003668763398238877,0.8736555469779749,True
2018-09-14,0.01140447812505263,0.024008357063776797,0.0033427840751531226,0.9550850002050454,False
2018-09-17,0.00430394509556753,0.01501442532085151,0.0035915110007173428,1.1806628313520964,True
2018-09-18,0.006435118315632593,0.018343302716317567,0.0037308551260880575,1.0513147078283225,True
2018-09-19,0.007263439294031615,0.017042507047853483,0.003715983136810592,0.8462463493356366,True
2018-09-20,0.009455791826566307,0.02589382916363725,0.004033305199988241,1.6515812940611723,False
2018-09-21,0.008360203525784815,0.02631933152566801,0.00402021438854431,1.6590046792935715,False
2018-09-24,0.010359465507283838,0.016790449931452178,0.003986524782616231,0.842738806448223,False
2018-09-25,0.003974453731808714,0.007889624945150553,0.0036376423737241076,0.7071919363861966,False
2018-09-26,-9.55154603667907e-05,0.0043879698672444345,0.003715623068780277,1.2385612443191623,True
2018-09-27,-0.0053618701748568975,0.001804069065004743,0.0035688554029192233,0.9218970046418878,True
2018-09-28,-0.004349332828490593,0.005980383752372642,0.003433247920183124,1.083124891200972,True
2018-10-01,0.00243983449260754,0.009440434151689603,0.003504469356223991,0.962327646436294,False
2018-10-02,0.0027852894796285277,0.01059206904290666,0.0034760127576598378,0.7384982255677636,True
2018-10-03,0.006347590880633636,0.013875853601003074,0.00339232681048039,1.0171401637087742,False
2018-10-04,-0.004300083985554259,0.008988687302854848,0.0038126993538094077,1.6930082941483506,False
2018-10-05,-0.009975131512634294,0.00529532363963181,0.004015741904803325,1.569479149407796,False
2018-10-08,-0.013402836930484385,0.0035505692611652595,0.004001109327438787,1.2645861906153741,False
2018-10-09,-0.0142674272603176,-0.0012069610583194113,0.0039473708947383385,1.0533401242615166,False
2018-10-10,-0.04600302856648164,-0.03306652856409753,0.008092550452093039,2.7416940546450417,False
2018-10-11,-0.05966682022831293,-0.05992470589908483,0.009070866653037715,3.070470659038394,True
2018-10-12,-0.0412410266742409,-0.04703218818183941,0.009814937542305448,1.9098598568333607,False
2018-10-15,-0.04662654214832873,-0.04734171261819853,0.009820286131360038,1.0475993545603677,True
2018-10-16,-0.024356671636530658,-0.03176494229435367,0.011110897711636026,1.1774542656129872,True
2018-10-17,0.007725561864508901,-0.03262290898666742,0.01110165918160226,1.0687394953518101,False
2018-10-18,0.015541491917414385,-0.054257279599650765,0.011208767165499798,1.2788136388160605,False
2018-10-19,0.0010869642257398393,-0.05390588561293441,0.011212231521614343,1.308204804927995,False
2018-10-22,0.0022230353100913813,-0.05501347491832931,0.011218634792470114,0.7603496476561111,False
2018-10-23,-0.024215384867659062,-0.05895128145030959,0.011221369420863795,1.289552106768539,False
2018-10-24,-0.053948870993011155,-0.0847243878998879,0.012777140781420854,1.5018160478116966,True
2018-10-25,-0.02286537884990325,-0.0709003334043542,0.013641752472723444,1.1285521910072223,False
2018-10-26,-0.039529233164960154,-0.08733477563478376,0.013960081008957874,1.563694202788598,False
2018-10-29,-0.040544053499517396,-0.09553380696273328,0.013835198911051,1.201029745881603,True
2018-10-30,-0.02134431780181545,-0.08159534718355688,0.014501671435472185,1.1276082885338292,True
2018-10-31,0.020013506928314495,-0.07229520360134523,0.014847190253646603,0.9002256979327296,True
2018-11-01,0.012700213148209238,-0.055037149984363265,0.015144633536810724,0.7010977699319781,False
2018-11-02,0.02472370296225601,-0.05534727657365146,0.015148075297782438,0.8590993817885707,True
2018-11-05,0.03611749729543523,-0.05013587774519834,0.015250347748039626,0.4633006214748319,True
2018-11-06,0.027449062002741664,-0.04272819507973913,0.015376069462864052,0.42635691368340745,True
2018-11-07,0.03835501077141479,0.0097379265363291,0.01455747397605325,0.759272382901624,False
2018-11-08,0.02555622478598396,0.03060548523911577,0.013573426233476711,0.5252384108312438,False
2018-11-09,0.02158964405836139,0.006558964591812488,0.0134762639565553,0.8190141553683925,False
2018-11-12,-0.002999179480421277,-0.006669105930274144,0.014087011012188249,0.8270383566568893,False
2018-11-13,-0.011122443348082545,-0.029743169474470088,0.013091281133139537,0.8214600782974454,False
2018-11-14,-0.03846829657364936,-0.0365481781366116,0.013139890580164886,1.0422922197666948,True
2018-11-15,-0.02666616675160327,-0.012228259014169018,0.013055266740825676,1.1232480038131838,True
2018-11-16,-0.014508940290710037,-0.009122188058189318,0.013074055885585037,1.0589574041515346,False
2018-11-19,-0.012730599469397808,-0.021490065818215998,0.01356574210505399,0.8542342081588382,False
2018-11-20,-0.029184789261010535,-0.034684422371390355,0.014099924957214785,1.1322701483183135,True
2018-11-21,-0.01917100389946169,-0.0011306426732027308,0.012411053818506594,0.6569651677709157,False
2018-11-23,-0.03578516234080231,-0.025288687695883993,0.011742668240284873,0.3882568182275792,True
2018-11-26,-0.0227596681284169,0.008178275927176015,0.01168957614691981,0.7677452796682569,True
2018-11-27,-0.0026012785863468446,0.017206220674539807,0.011617872170465535,0.7556688500131588,True
2018-11-28,0.03960334683818956,0.025432461602484135,0.012261789540589697,1.2965171952617598,False
2018-11-29,0.033808714877306745,0.012378600493287761,0.012081436406112606,0.8565005093982548,True
2018-11-30,0.04710349015227511,0.00782403691977418,0.011925983434539718,1.022126638155896,True
2018-12-03,0.04411194173009414,0.02725346768639647,0.012154074899664559,1.0848624610458584,False
2018-12-04,0.006892468239622529,-0.011485391456869332,0.014256377369770694,1.7670735441879333,False
2018-12-06,-0.017262762450629965,-0.01919160581608792,0.01416682494967661,1.891856808628151,False
2018-12-07,-0.03799568174673851,-0.062062035355136325,0.013987331362786138,1.4526896911105194,True
2018-12-10,-0.0420097223104825,-0.05857367382034517,0.0140299172160257,1.3153771886488692,True
2018-12-11,-0.05431407598513471,-0.049071072287625084,0.013950919983669244,1.0450233960654358,True
2018-12-12,-0.01772415638517133,-0.026085033183563144,0.013496216602579507,0.8432839761481513,False
2018-12-13,-0.01656543497181573,-0.02459018305967009,0.013496755898451248,0.8325167874568907,False
2018-12-14,-0.01176131645508316,-0.03601038205555529,0.013995525647313005,1.0109847612941,False
2018-12-17,-0.03298367305649885,-0.0646840817277593,0.014231015695877806,1.4119320980073213,False
2018-12-18,-0.03426345739158987,-0.06813277921955496,0.014175048777743416,1.1438147782477144,False
2018-12-19,-0.053491950462275284,-0.06629502022285139,0.014084290046951558,1.7450894885478725,False
2018-12-20,-0.06858343858582039,-0.06417529555121826,0.013966233809593725,1.9538973272393954,False
2018-12-21,-0.07050490035348522,-0.08646295169516804,0.014385519947925451,1.8504722372747042,False
2018-12-24,-0.07695638552742023,-0.1046213435465756,0.015203461295790968,1.0286073466945866,True
2018-12-26,-0.029255374602210726,-0.07432689108878887,0.01918889960832893,1.455212977823803,True
2018-12-27,-0.006930625395736967,-0.07034789555577803,0.019296177421823713,1.1964904109317143,False
2018-12-28,0.008199906863095796,-0.09244387993270098,0.018278449231052193,0.9754613182147858,True
2018-12-31,0.038304970186505916,-0.08248978359890335,0.01851932649983257,0.9015938126789547,True
2019-01-02,0.06759450372673781,-0.08709946879759245,0.01840653204261398,0.7859861658602516,False
2019-01-03,-0.008001962192459078,-0.120529254583986,0.018406205151121912,0.88141387295527,True
2019-01-04,0.017414618881940402,-0.06063291625415301,0.019350673943791485,0.8817001904205309,True
2019-01-07,0.02676083518194261,-0.051788164516387236,0.01950084142917014,0.6581386535529555,True
2019-01-08,0.027408551371386425,-0.020110591589954097,0.019031994506199565,0.6665838036858724,True
2019-01-09,0.03113725170959647,-0.017395304784749932,0.019063147375430918,0.6293242752261187,True
2019-01-10,0.0600714070989703,-0.014152831378212105,0.019085926703692354,0.6466479031456364,True
2019-01-11,0.02611030745260079,-0.018713273487292015,0.01904269598258943,0.49727355990878236,False
2019-01-14,0.01187199774487424,-0.024369247964515117,0.01907932486751694,0.48158778177183026,True
2019-01-15,0.013942486826659772,0.0053760494523569236,0.018814287221765497,0.5850180084919588,True
2019-01-16,0.011668103230536353,0.027976261141153147,0.01821379674961372,0.5496094202131632,True
2019-01-17,0.01576013610229987,0.03691246006974258,0.01825118782653135,0.6898213026636681,True
2019-01-18,0.028882387433481815,0.0666878431982536,0.017962546156332585,0.9475255084899642,False
2019-01-22,0.021212162377527433,0.06968893537327547,0.0178131299288897,0.901479103271306,True
2019-01-23,0.011753398693688188,0.09434964787387479,0.01690341942093785,0.7187663062278841,True
2019-01-24,0.009847311735332376,0.12464790131752723,0.015293195036573072,0.513540037388677,True
2019-01-25,0.010723956409339097,0.07961685975070032,0.011189518184294847,0.8871607402294414,False
2019-01-28,-0.010132637758168084,0.06324845845019711,0.011436602932632618,0.8218379230180125,False
2019-01-29,0.0020923070533926946,0.0632088396168149,0.011437363407362922,0.6625206554673309,True
2019-01-30,0.01583094303536159,0.07066253820440549,0.01172618260496479,0.951043040714779,True
2019-01-31,0.024207844185464067,0.07894261206403264,0.011768947411588447,1.0824634522456291,True
2019-02-01,0.016103458800872605,0.10585140651785685,0.00985230688763486,0.9207053548060293,True
2019-02-04,0.03108874533369077,0.07753859503822258,0.007276967019536651,0.6819418629316479,True
2019-02-05,0.03678699660635543,0.07359091019118758,0.0072135440943165855,0.9050694620629397,False
2019-02-06,0.01928400013233489,0.06219594267163164,0.007156654067010278,0.6809279080802524,False
2019-02-07,0.000778124551744197,0.04717598167475234,0.007672999382273675,1.113980784350648,True
2019-02-08,0.0015181721805701542,0.04476950509398603,0.007671465611828858,0.895207787133295,True
2019-02-11,-0.00492748262116105,0.04494520184621664,0.007669440743480751,0.8062383691515511,True
2019-02-12,0.0036614008357334082,0.06487950970916723,0.007756999453299894,0.8559073282435787,True
2019-02-13,0.008249604846235492,0.05623213681451644,0.007508780844802322,0.7823213673857469,False
2019-02-14,0.015695615431281507,0.05134485289749291,0.007591206470543076,0.9941964476346978,True
2019-02-15,0.02551117835701988,0.05479903000693076,0.007741778243944022,1.1590080267364493,True
2019-02-19,0.02671678406260769,0.042745789280566715,0.007328478063449948,0.7359758017617742,True
2019-02-20,0.015724305631440227,0.05915699051440759,0.006341420969172739,0.9773805925063975,False
2019-02-21,0.00883643349734009,0.053186935892700626,0.006502860070682044,0.8307956417536565,True
2019-02-22,0.017348243741003078,0.05915401985219271,0.006530769818429612,0.9984158702347973,True
2019-02-25,0.007751537073638071,0.05169699110482573,0.006404161884523642,0.8983003063077987,False
2019-02-26,0.005290504434680265,0.05899283125055854,0.006002715999306651,0.7538262976092871,False
2019-02-27,0.0028376966539158666,0.05994482672519763,0.0059728258605821535,0.7594945153681903,False
2019-02-28,0.004541835643098846,0.04148268480157502,0.005225297430974301,0.9387675943622146,True
2019-03-01,0.004585525740917085,0.03886218399353436,0.005081971913378407,1.0875592721561222,False
2019-03-04,-0.00042929137754077473,0.03458510799220993,0.005224796481351636,1.4476171523192716,False
2019-03-05,-0.0010740276684867434,0.02595964550724794,0.005110807359786782,0.8044561032285492,False
2019-03-06,-0.006697656278493724,0.015488894100555983,0.005314730402698202,1.024318273352973,False
2019-03-07,-0.013169122044452974,0.008322775678615724,0.00568224816800981,1.2636999459946474,False
2019-03-08,-0.0212538350277639,0.015991810346351665,0.005217769716058087,1.1500647981979828,True
2019-03-11,-0.0034359891275177468,0.029467376078490037,0.006051690576971149,0.8789269187595877,True
2019-03-12,0.0016848478135125244,0.03277722319153997,0.006068785745807383,1.0672330355092179,True
2019-03-13,0.01445906007345199,0.026413796691265423,0.005603698791337934,1.0742283286705048,False
2019-03-14,0.02236293993590177,0.022437135003224418,0.005600718275155486,0.898100011898245,True
2019-03-15,0.02947283900784381,0.029773051606465373,0.005604565153993059,1.0829232254461187,True
2019-03-18,0.018436668659010946,0.022365574470126326,0.005181582591183044,0.8481200309142108,True
2019-03-19,0.014861847652055449,0.02085231020944578,0.0051829827099984915,1.2052490790372037,False
2019-03-20,0.005154184781653193,0.0157324358015396,0.005254784203360086,1.1236919493105353,True
2019-03-21,0.01715830832769849,0.030871201792337377,0.005642739045826677,1.045855573264674,False
2019-03-22,-0.007323186391691827,0.004800310903814831,0.007192052262394545,1.566735209062183,False
2019-03-25,-0.011652670573847446,0.002679974231533322,0.007190603497265061,1.0816288844226467,True
2019-03-26,-0.004532559130644431,0.010877186511609738,0.007368177470850768,0.8549823508874004,False
2019-03-27,-0.006748221142850008,0.006023259864506025,0.007479652659373951,0.8978010960490808,True
2019-03-28,-0.014119149499097872,0.011721106198907094,0.00749933772749698,0.704789696311379,True
2019-03-29,0.011567192588940234,0.011783470465412504,0.0075018028310764335,1.0278484102809353,True
2019-04-01,0.024333122415883368,0.027519414013155608,0.007832698457237821,0.9885589860080476,True
2019-04-02,0.017252769504449317,0.0294232466572939,0.007809427807720042,0.5166108321264267,True
2019-04-03,0.024209063001448206,0.037325791946764,0.007605583571285362,0.8837026596532316,True
2019-04-04,0.023048725383810087,0.04885245411556216,0.0072147913952001685,0.6539121925947071,True
2019-04-05,0.02155891238380092,0.05604135029829127,0.007156513706778962,0.796803580972306,True
2019-04-08,0.01035575801534483,0.0417395622302732,0.006607975218821114,0.7338407235070612,False
2019-04-09,0.004685897365854341,0.032507400500985106,0.006784295939650336,0.9146011535963496,True
2019-04-10,0.006528770786984994,0.029216747493205242,0.006697319597448815,0.7417405630482299,False
2019-04-11,0.0035867210779441105,0.02958974176664375,0.006691824085709225,0.783740929658764,True
2019-04-12,0.005509821177095864,0.03145989778362979,0.0067536630741896145,1.0001695450598271,False
2019-04-15,0.004086203558892221,0.027060743516015062,0.006752971832230201,0.7178998007188885,True
2019-04-16,0.009919394135558646,0.02747901181515422,0.0067500620547175155,0.7763194089676583,False
2019-04-17,0.004023544663678491,0.028059040782706823,0.006731954664915192,0.8846889609627009,True
2019-04-18,0.00628022591466415,0.018578710375703356,0.006321399484126318,1.0518602457343693,True
2019-04-22,0.0003793706637500449,0.03946338754400758,0.0041771582222305224,0.6562538911869701,True
2019-04-23,0.010035488132242865,0.049598424089405846,0.0044078292928915385,0.8776582386394656,False
2019-04-24,0.0071342988537177465,0.03952104475426399,0.004358273239090281,0.8593180078065716,False
2019-04-25,0.008982784941429456,0.0443413202306826,0.004071017134721224,0.9974221433244113,True
2019-04-26,0.011688992143552568,0.04524280839343864,0.004093610073629464,0.8831357281497996,True
2019-04-29,0.012401921431368867,0.04032113587411201,0.003980415910047158,1.0140600110097306,True
2019-04-30,0.003892415558993223,0.02865354469932524,0.0032386882811952563,1.4335921910718648,False
2019-05-01,-0.0014373472012292332,0.020421790147239882,0.0038048248742417923,1.2323352977329638,False
2019-05-02,-0.002978691187770166,0.01661915282389459,0.0038671737030512277,1.1212342193838092,True
2019-05-03,0.002112796867522748,0.023852694535001717,0.004343708194336452,0.9686108564167769,False
2019-05-06,-0.0035729112442338673,0.01472773446929665,0.004408512084792718,1.7629847070700475,False
2019-05-07,-0.020713212645168566,-0.0029780925200976194,0.005885711318399399,2.2142455813163626,False
2019-05-08,-0.014667681912660102,0.000765085434934365,0.005777240434622549,1.3741901233409932,False
2019-05-09,-0.015523618561715469,-0.005654310218686565,0.005759663323906984,1.495725763685503,True
2019-05-10,-0.020167752526903504,-0.00038146609783396013,0.005879916499778113,1.5605499727148429,False
2019-05-13,-0.04084428609970481,-0.032051319568456194,0.007919377530802213,1.6989554581515907,True
2019-05-14,-0.015732881970444867,-0.022657739933765186,0.008269320234130781,1.0093071951109618,True
2019-05-15,-0.008590117862072866,-0.017576649027472024,0.008408500242220526,0.9557154364795963,True
2019-05-16,0.003628417103038739,-0.00604562911645945,0.008694363679228783,0.9801072313135357,False
2019-05-17,-0.007844554252930624,-0.014412738579599793,0.00878427413317083,1.256146374542611,False
2019-05-20,0.01100180626399272,-0.021773246245730737,0.008873366955834803,0.7760228422057514,True
2019-05-21,0.010974331864644027,-0.021749285066529955,0.008874842367066604,0.5801105126308773,False
2019-05-22,0.00199977671701812,-0.02258519103514689,0.00888274084939814,0.6130904174088562,False
2019-05-23,-0.019325512462535444,-0.033932285218897684,0.00922160953710385,1.1930409228824732,True
2019-05-24,-0.010705029429993518,-0.03622899097164811,0.009150363422298465,0.6660758510158729,False
2019-05-28,-0.013382605352192933,-0.04668737708510362,0.009261688780560176,0.8374992390925942,False
2019-05-29,-0.028760085788474443,-0.0535677670995276,0.00928516083865901,1.2377371954572043,True
2019-05-30,-0.023106949683586397,-0.043795868513694325,0.009288586651186587,0.7412167390757345,False
2019-05-31,-0.02434991924851526,-0.054640020622573116,0.009624822745140022,1.016598424557305,False
2019-06-03,-0.02903374644021184,-0.06618383793625482,0.009162524665828628,1.1028059978428333,True
2019-06-04,0.0013566310982402463,-0.04197113141765374,0.01073717556150313,0.8986675193500244,True
2019-06-05,0.016854402633460275,-0.017260525470201182,0.010413255030257874,0.8651541499189485,True
2019-06-06,0.020678547770905276,-0.009494536632592476,0.010539235147787622,0.8555224593066981,True
2019-06-07,0.04497393732570276,0.0034537734637403172,0.010770289310889272,0.9319484473486055,True
2019-06-10,0.052445781722649576,0.0030195303358877545,0.010760530463391146,0.7884303908105003,False
2019-06-11,0.02983650407191618,0.02862662081099332,0.008965714082560281,0.7958739789179502,False
2019-06-12,0.019189517460516337,0.017607672234918104,0.00880831363303962,0.652427167788567,True
2019-06-13,0.016784232799367915,0.01585666614678516,0.008765544220950373,0.689993555434366,False
2019-06-14,0.005597462993526925,0.005422476716121949,0.008544013597106255,0.7505570219333169,True
2019-06-17,0.0013842171738838172,0.012349356646653709,0.008394332122154442,0.5881696817857056,True
2019-06-18,0.012114742534681477,0.029758958921769718,0.008485431225146542,1.2603794188344217,True
2019-06-19,0.016193770778665018,0.02286135763153263,0.008303031109147235,1.134023337924235,True
2019-06-20,0.02168643497359435,0.035815575808044064,0.008442882699464152,1.6027614189188957,False
2019-06-21,0.0213297560059178,0.047103708597408867,0.007822887069685727,1.1577274497839132,False
2019-06-24,0.019691813280421577,0.04345456295761685,0.007863290374015747,0.6647927411769768,False
2019-06-25,-0.0007723269750615769,0.04292064368811621,0.007902889333117275,1.1365218844892786,False
2019-06-26,-0.004017160840110723,0.048919370110359184,0.007666110523206143,0.7421667873640194,True
2019-06-27,-0.009944758992161518,0.049771660484373426,0.007670021609738449,0.5900109470575442,True
2019-06-28,-0.003401486067840964,0.06958634095253946,0.006703192157076506,0.8855464596732584,True
2019-07-01,0.0068792254160696675,0.08204864819530533,0.006665372240980868,1.1900629705668622,True
2019-07-02,0.01950083924263457,0.06181797621629759,0.005197128600550619,0.9411655428850106,True
2019-07-03,0.028677817315233556,0.061115618313091646,0.005160996150326841,0.6406895822481916,False
2019-07-05,0.0238765106747314,0.05306077715587443,0.005169570081501515,0.8209509755616909,False
2019-07-08,0.01303798621933927,0.03689819834095198,0.005162806494427551,0.7450731655386311,True
2019-07-09,0.005174926863731555,0.03344817348447782,0.005122605330495371,0.678892567988486,True
2019-07-10,0.007353691549052854,0.038636962144368736,0.005147485444382804,0.9655794711710136,True
2019-07-11,0.0017067348153994022,0.04291365155569182,0.005074551342502189,0.8370771791513085,True
2019-07-12,0.007337764334030661,0.04327728022250943,0.005082452745329926,0.6688940465759321,True
2019-07-15,0.013239931439180452,0.04477855012563703,0.005044277112085727,0.5710306547447594,False
2019-07-16,0.008714450511263072,0.04101311821179632,0.005175640567113077,0.6186865447100672,False
2019-07-17,-0.0029131897305223475,0.02321522658486752,0.005133164334581483,0.6347924342376736,True
2019-07-18,-0.0016038873631337713,0.02464802035862168,0.005158476541861922,0.9275881608629761,False
2019-07-19,-0.011574924530669106,0.00931302319387628,0.004978597286876705,1.1174752987408583,True
2019-07-22,-0.009476328340841222,0.01326518634710383,0.004975627630562455,0.8636692042507279,True
2019-07-23,0.0008342296877079658,0.021761230884549843,0.005156809870460395,0.8846463940453587,True
2019-07-24,0.012426624000770214,0.03673103282003076,0.004524863106011512,0.9707714982218465,False
2019-07-25,0.003915098442432319,0.03280857639559587,0.004723091450821112,1.1345395961673874,True
2019-07-26,0.016287223279680685,0.036055249520772215,0.004841767418533612,0.9189279808811877,False
2019-07-29,0.011950339252529085,0.028873748798835308,0.004837787177247777,0.7942953814660522,False
2019-07-30,0.002299851779819395,0.01711417260273662,0.004558050455995473,0.989029301036562,False
2019-07-31,-0.013302873371311863,0.003372917211364568,0.00524024945210171,2.149624463419749,False
2019-08-01,-0.01720019590410793,-0.013253664593125603,0.005260384995439512,2.6622114387491544,False
2019-08-02,-0.031092159440991085,-0.019567258309824975,0.005480866322856853,2.0541644530458587,False
2019-08-05,-0.05851518454995963,-0.04379793780059693,0.008481887833567093,2.8157397839771856,True
2019-08-06,-0.04296367547353208,-0.03159620941931296,0.009205560241464026,1.7893469761151262,True
2019-08-07,-0.031805734127872465,-0.035631761589541955,0.009100773962105969,1.9641917096313473,True
2019-08-08,-0.004137517072474006,-0.019010633108083708,0.010258357959136264,1.1948186325935326,False
2019-08-09,-0.0034174125869037564,-0.030035174801495312,0.010256982130801147,1.2319587151221323,False
2019-08-12,0.01497426722076467,-0.042161232219381506,0.010518942720651327,0.8437376772028292,True
2019-08-13,0.01650462963234811,-0.02411734462627091,0.01122720887074071,1.1707576643198492,False
2019-08-14,-0.014133226727412684,-0.046483622432698546,0.012864037858780692,1.5857550840248933,True
2019-08-15,-0.030549622689683753,-0.04745170796084719,0.012841192765778506,1.1321812120416064,True
2019-08-16,-0.009498320611147082,-0.02799735442664364,0.013366635144551057,0.9312158712405609,True
2019-08-19,0.014788076986797405,-0.018697494032262063,0.013678180632845599,0.597585287737074,False
2019-08-20,-0.008408665292488848,-0.033129807059164906,0.013622898401639633,0.5733015188050185,True
2019-08-21,0.03011641610826632,-0.02982314937678099,0.013727712423945191,0.5495765432985157,False
2019-08-22,0.027085733650817456,-0.025466632701542258,0.013706594591499963,0.5745313426349696,False
2019-08-23,-0.013848292705816112,-0.056819719396551394,0.014607794926980293,1.5679461462797262,True
2019-08-26,-0.014812146080032895,-0.044649453238250536,0.01493432606742904,0.7478194390636578,False
2019-08-27,-0.011100162573548733,-0.04605615284305831,0.01493938643252225,0.6810758069698998,True
2019-08-28,-0.012173385419074423,-0.02871257244821268,0.014929806746815578,0.6240494349740608,True
2019-08-29,0.000752855434299482,-0.007664586444323884,0.015143695695346958,0.6333143191226264,False
2019-08-30,0.026680961062800712,-0.0005806575094424726,0.015047627842500149,0.7089022733746626,False
2019-09-03,0.009513962402326603,0.024381593965134618,0.013374773499228455,0.8300645449197265,True
2019-09-04,0.024993905606594424,0.02168183648679478,0.013253676925272195,0.5893547651774975,True
2019-09-05,0.030911759127776106,0.034205289012062545,0.013507409408081247,1.0856264716875625,True
2019-09-06,0.0186956310280888,0.015087692963312804,0.012837368198366233,0.66302631088945,True
2019-09-09,0.019661134482918063,0.02256358224496724,0.0127118476310391,0.7054687823633287,False
2019-09-10,0.025418034305819015,0.03492215949383848,0.012325561732354497,0.8016775336647054,True
2019-09-11,0.021119635286869,0.02632034704056685,0.011968912845233435,0.9691970115635664,True
2019-09-12,0.011651206930755498,0.06125397184264325,0.00949968937502666,1.0741977260371254,False
2019-09-13,0.010199271247338215,0.05775485954083237,0.009535310682100754,0.9409802498814017,False
2019-09-16,0.006573294964837606,0.039155425689375134,0.00919182439602045,0.8985842918073395,True
2019-09-17,0.00935825587977579,0.029384607059807166,0.008883435925850204,0.6464996538014657,True
2019-09-18,0.002830859122459506,0.03795351908873057,0.00862390501614745,1.124655537283668,False
2019-09-19,-0.0006971105251124543,0.0295090379547871,0.008505982661641964,1.1496485456049805,False
2019-09-20,-0.004757623440183489,0.024960649083469066,0.008611787135018676,1.3077162192291008,False
2019-09-23,-0.001908899591228419,0.05173653774616449,0.005859386739086007,0.6878653317489749,False
2019-09-24,-0.012241279363306101,0.032070806056750945,0.005937506512189367,1.4747835981947117,True
2019-09-25,-0.006993128667640458,0.042264279526054827,0.00586320029182587,1.1125161081351909,False
2019-09-26,-0.00899567611210228,0.032820834178164615,0.005812271553411928,0.8722055273719987,False
2019-09-27,-0.009655255493174919,0.014300770299183974,0.0053827738323634754,1.2888542409340105,True
2019-09-30,-0.004828422720133729,0.019458185012250828,0.00544433156893598,0.7924714111502267,False
2019-10-01,-0.008889235589646494,0.013256402202049156,0.005984542825996381,1.3340035420277543,False
2019-10-02,-0.03212134181488868,-0.015813316719237136,0.006730932544981313,1.7522875353418992,True
2019-10-03,-0.022154850138650484,-0.020344045516222597,0.00630098683749851,1.2177085124920046,True
2019-10-04,-0.0035544265298168565,-0.007853295972218954,0.007087651973399443,0.9192693320513606,False
2019-10-07,-0.01243430271314494,-0.012630864030170108,0.00713810642111586,0.8369316694056375,False
2019-10-08,-0.016061685426582817,-0.027731361006987476,0.007876279669881118,1.3090417449130183,True
2019-10-09,0.011143589726219982,-0.025428537946311724,0.008028148296414846,0.8567026672545678,True
2019-10-10,0.009709895216866382,-0.022223959825612427,0.008163021866532697,0.7689718429698928,True
2019-10-11,0.006556648146095023,-0.011430824294380137,0.00855660155348366,1.3387600449822636,False
2019-10-14,0.009792471197601182,-0.009473105651939595,0.008537020037482936,0.5544900913660613,True
2019-10-15,0.03587145475127573,-0.002192409270098117,0.008826190016135481,0.639471304555244,False
2019-10-16,0.02447858063551811,-0.0043908410972399725,0.008831137064564154,0.6805799121389502,True
2019-10-17,0.020597796998222284,-0.0013877843543423918,0.00885893821479448,0.6501226071143824,False
2019-10-18,0.005703713284503253,-0.0010396318911284341,0.008849599344657354,0.9307592902236694,True
2019-10-21,0.013651179126693336,0.005969048317735259,0.008978474592993009,0.5670206909710661,False
2019-10-22,0.00043485249911290325,0.01061268202310961,0.008815721412823378,0.7301705336994301,True
2019-10-23,0.004960086032552491,0.007593698363071555,0.00874507459328578,0.5311310612223473,True
2019-10-24,0.003641785460782865,0.011346694393363999,0.008728680653057971,0.5570785489851962,True
2019-10-25,0.012182799349759854,0.020988405744940986,0.00864343732301185,0.733091587959955,True
2019-10-28,0.011033185352399721,0.022002752597281905,0.008667940595410527,0.6888083233579761,False
2019-10-29,0.014046280465403793,0.033999496319055966,0.008121793714560377,0.750713548185205,True
2019-10-30,0.014205908028694036,0.055821897848753466,0.006721954194908497,0.8969795808630239,False
2019-10-31,0.009854434882132113,0.04445263616773776,0.006696839482707159,1.2662434229563075,True
2019-11-01,0.015052903640065285,0.04005404151183645,0.006377007842784722,1.2973291066169956,True
2019-11-04,0.013419205064182593,0.04875778893087879,0.006213870299194708,1.1042180243434134,False
2019-11-05,0.01259874287754692,0.06411812061879862,0.00466899840680074,0.821719963474179,True
2019-11-06,0.009732502209946148,0.054348460134663545,0.004458271832460716,0.9034628847256952,True
2019-11-07,0.01598960040418218,0.050948417449389494,0.004358966596800618,1.0558165155426744,True
2019-11-08,0.009146242286182549,0.04272981525614994,0.003946670189434075,1.0023173123428772,False
2019-11-11,0.0031885503786033276,0.04189903963936081,0.003984627922385881,0.7352256003503059,True
2019-11-12,0.006416048020806198,0.0338595089847753,0.003533219167940484,0.9549922270750073,True
2019-11-13,0.0065124176238440246,0.03585847248247043,0.003464639428406114,1.1020515241284872,True
2019-11-14,0.0044453576040681675,0.03431563549634076,0.003453927511936243,1.0410758265257776,True
2019-11-15,0.00922517664073319,0.04638092520669468,0.003354244012234345,1.2635960606287178,True
2019-11-18,0.011902092571661305,0.040101210524710273,0.0031954934141069933,0.9926208756066263,False
2019-11-19,0.009482199005211411,0.043209128495775184,0.0030020089416913794,1.3412209328316433,False
2019-11-20,0.0054024947870616735,0.03631448348532329,0.0032648146796321856,1.503701392008205,False
2019-11-21,0.00232582354304256,0.03295945442959525,0.003352327770516342,1.016682122030794,True
2019-11-22,-0.0026621877829201557,0.03103437774456208,0.003305636450093287,0.8344226360642367,True
2019-11-25,0.004326708198435947,0.033201916706018464,0.0034732550431255116,0.8996247618353698,True
2019-11-26,0.006892524485919038,0.03584963841667865,0.003445202713081183,0.6990986746265924,True
2019-11-27,0.015155889911204756,0.03728517393003594,0.003486565578255465,0.8310628256988741,False
2019-11-29,0.01302069581135834,0.03619815799821091,0.00356454411572374,0.7056575229468814,False
2019-12-02,0.0021869579061726263,0.01796586446188564,0.0038071756335530662,1.4546256692345898,False
2019-12-03,-0.012189946244161143,0.007092855337559989,0.004089358081793335,1.401625992835077,True
2019-12-04,-0.008341499511743233,0.014428574387244986,0.004271553540393612,0.9249632078357274,True
2019-12-05,-0.010967312739099122,0.016020521061334225,0.004276357640935228,0.7714031497177564,True
2019-12-06,0.001781721602279962,0.021707677152997373,0.0046334691024366185,0.9318470100218263,False
2019-12-09,0.00718772819941238,0.015990233575243318,0.004714534961156925,0.6726134900721527,False
2019-12-10,0.012857079507319735,0.016799013370841553,0.004693764864464592,1.0002176170242434,True
2019-12-11,0.00950376683170262,0.017540875902712694,0.004706957496771272,1.008370769626523,True
2019-12-12,0.016376815891697483,0.025978104189540385,0.005010943470924684,1.7490666026240826,True
2019-12-13,0.007781181491127054,0.025100830249118244,0.00501315535435123,1.4394040340061034,True
2019-12-16,0.017904646753082565,0.024727884072734074,0.0049907531859317246,1.4351400207458698,True
2019-12-17,0.01926470974862382,0.024197260628475714,0.004994809296876662,1.0488307457338577,True
2019-12-18,0.016442594733087956,0.02455683633525174,0.004989888630391901,0.8404637925516116,True
2019-12-19,0.011887878340369307,0.03259621142267766,0.004887329769797269,1.481991116617564,True
2019-12-20,0.015715648161941376,0.038794900591638815,0.004862848054761077,2.366060176088388,True
2019-12-23,0.010326706645544137,0.03807349489895562,0.004863020546611536,0.8465445159962806,True
2019-12-24,0.010136410950398078,0.030121908051522928,0.004675411994163904,0.33133483559163823,True
2019-12-26,0.015450324159618889,0.033264768856802185,0.004751305054367652,0.508041110780301,False
2019-12-27,0.01105456744514921,0.02842442846563631,0.004721280183382297,0.7000843894636714,False
2019-12-30,0.0010910482476733652,0.026561727956319725,0.004840056266651153,0.8098552355531743,True
2019-12-31,0.001992096651239006,0.03787165600818421,0.004254887960464543,0.9438882494575859,True
2020-01-02,0.01133134703067129,0.05465071236565566,0.0040622927357231095,0.990295220018123,False
2020-01-03,-0.0016416493542724675,0.04024571957817025,0.00456997231910961,1.2705477682679347,True
2020-01-06,0.0024161612776245622,0.042340946891991305,0.004587867115292879,0.8989542091247392,False
2020-01-07,0.005138771437181333,0.03000181755372222,0.004395545495185331,0.6586057540425522,True
2020-01-08,0.008047202655175445,0.03875731431370588,0.004333502287827256,1.0813010253962299,True
2020-01-09,0.005479298458524795,0.04696850112754669,0.004402321872849023,0.7700026011830419,False
2020-01-10,0.01023587656511693,0.0410001239117328,0.004549089733192354,0.8426426340056634,True
2020-01-13,0.013317269933801557,0.039203242468839106,0.004431332442781365,0.7787190350702892,False
2020-01-14,0.01462542917110321,0.03699697451798767,0.004490069275801118,1.055420281441825,True
2020-01-15,0.011527012640429657,0.03224902878453917,0.0043331929633773575,1.2213234560677817,True
2020-01-16,0.013072381772338826,0.040607864604164545,0.004569675466446006,0.9216300774736188,True
2020-01-17,0.019158406676943684,0.04378155060983113,0.0045523963251092045,1.5704204011448737,False
2020-01-21,0.010214559238338694,0.03748475302575249,0.004617285381502801,1.2817429319187004,True
2020-01-22,0.011879870280580906,0.033080829221721064,0.00459254653557728,0.8775185092828964,True
2020-01-23,0.01075633434245371,0.03268797865091089,0.0045938195531485876,0.9330600393780318,False
2020-01-24,-0.006497478486245933,0.023472202549925658,0.00515535792984325,1.4829628031658566,False
2020-01-27,-0.025456015417594458,0.0017339176160535708,0.006328271214455886,1.3621315834098084,True
2020-01-28,-0.01331101878169505,0.012482220993517146,0.006738043660084026,1.0168018242349237,False
2020-01-29,-0.014245174015339535,0.01725453925505427,0.006592627079414142,0.8555533955041807,True
2020-01-30,-0.01217920483938495,0.01808254140233867,0.006605254511526074,1.1812590960962421,False
2020-01-31,-0.021412801733619036,-0.009665033979730064,0.007552719852017775,1.7082999275388742,True
2020-02-03,0.0019166858473240733,0.005304283967355161,0.007553882785788306,1.0433718295345227,True
2020-02-04,0.006638626259721336,0.01674708711228745,0.008235703474218833,0.9401408651738368,True
2020-02-05,0.01910461622199522,0.031388725902307124,0.008519500561752871,0.9722999389871693,True
2020-02-06,0.019225912104627874,0.029372537442127422,0.00848525207081234,0.7523876797725731,False
2020-02-07,0.03254271124186858,0.016990754976118794,0.008519315298175336,0.9471755658906394,True
2020-02-10,0.03258072073307883,0.02754004898790896,0.00859298926636068,0.6263350748237418,True
2020-02-11,0.01884136933241143,0.02228988416026656,0.00849668196014044,0.8121167472314841,True
2020-02-12,0.01369954226900516,0.03044754181128284,0.008551906590061213,0.6603983463283265,False
2020-02-13,0.00922216201938042,0.02702702426989756,0.008569418129826506,0.8290817752653673,True
2020-02-14,0.016255286538339853,0.020185970618390447,0.008412917438761738,0.9746158789066686,False
2020-02-18,0.0061251762751306504,0.014399632230502224,0.00843508146556749,0.8895273005709177,True
2020-02-19,0.009186950487873213,0.02124999216814616,0.00845582209096848,0.7762302107983247,False
2020-02-20,-0.0013928955776805196,0.016931224950576862,0.00853374843604582,1.1561059659098438,False
2020-02-21,-0.01062097549041563,0.005305592349482691,0.008890796012257899,1.692255137040034,False
2020-02-24,-0.04496461256192319,-0.019314312132889033,0.01148902562299717,2.27153591562533,False
2020-02-25,-0.07151144344762717,-0.03353931151650835,0.012841196354426222,2.818917491500137,False
2020-02-26,-0.07932838335346215,-0.047079779761233564,0.012525160797627014,2.3130743271869285,False
2020-02-27,-0.11705007666742706,-0.08912508117045359,0.015718300475484653,2.970406249110443,False
2020-02-28,-0.11161100270626156,-0.0958861854938674,0.015612089843011828,3.4619184145395328,True
2020-03-02,-0.041343349682848474,-0.039287599296040865,0.018625689382384368,2.0324553619037866,False
2020-03-03,-0.03969271948906228,-0.07367623616986285,0.01941051425228119,2.326682596022457,True
2020-03-04,0.004365821443491846,-0.0492312982998061,0.021584799624769745,1.3111538956653097,False
2020-03-05,0.016638220022963557,-0.0913295441881199,0.02238127191056296,1.3243659774153242,False
2020-03-06,0.004050225050800105,-0.10934791968551061,0.022453528496814052,1.5281471348310476,False
2020-03-09,-0.11278296354418726,-0.17450348565846951,0.027700735156023167,1.9111536790168324,True
2020-03-10,-0.039368761687688214,-0.13822181020916735,0.030706881420397545,1.592241078911067,False
2020-03-11,-0.12305821977801135,-0.18165003606534158,0.03200229144095806,1.3902929333901612,False
2020-03-12,-0.17969321274401218,-0.2646849374983008,0.037072684248742084,1.950827613089432,True
2020-03-13,-0.09460072567194211,-0.2009730091717622,0.0432683195511958,1.5342449746679223,False
2020-03-16,-0.12536913752954737,-0.28954393854693483,0.04847519104724979,1.3126679835447503,True
2020-03-17,-0.12350029948738905,-0.24925014991036198,0.05087885196579393,1.1072693145972923,False
2020-03-18,-0.1252368660855845,-0.29065434432722315,0.05136702186251986,1.3071418517827273,True
2020-03-19,-0.03063165763143927,-0.28621462825637844,0.05146022510495982,1.106906677665261,False
2020-03-20,-0.1454573831749444,-0.30986750401883256,0.05180901715739168,1.271423273290092,False
2020-03-23,-0.0649949096171768,-0.3044445863583052,0.05171265163253541,1.1590184618969692,True
2020-03-24,-0.032516556690453724,-0.21771997629582163,0.05685092613461173,0.8347219401843783,True
2020-03-25,0.03433830921350767,-0.20307808683298567,0.05712368391841433,1.042018194044696,True
2020-03-26,0.09241196022168485,-0.11688346471455213,0.05842994889353721,0.9007507444931838,False
2020-03-27,0.10760486062503993,-0.1395727442003749,0.058701126434697104,0.8070165530318087,True
2020-03-30,0.1735815517074586,-0.1485053576063018,0.05827225467448108,0.6240203680958942,False
2020-03-31,0.06004504827916435,-0.1364721664360259,0.05807688073929957,0.7235001781731646,False
2020-04-01,-0.0025934523538181375,-0.20859997703513788,0.057571122585396865,0.702038980235999,True
2020-04-02,-0.03587312461150416,-0.16249815421119895,0.05775386508511701,0.6590498956144994,False
2020-04-03,-0.020637716092052005,-0.16072923310790166,0.057738123382444224,0.5117154760305642,True
2020-04-06,0.012268336053375739,-0.028489051272674093,0.05747677433957528,0.7265331408801589,True
2020-04-07,0.028632143492203443,-0.07534499089929791,0.056184250690758705,0.7896116660306656,True
2020-04-08,0.11326405472479562,0.004670114191769326,0.05562251776596477,0.6150501613984465,True
2020-04-09,0.10471352515583754,0.12787024410800818,0.050713516180639864,0.7919656992375881,False
2020-04-13,0.11068107251268833,0.02955920324993233,0.04733266677986849,0.5011043669292613,True
2020-04-14,0.07147202531236752,0.19015558278584477,0.039600429190973806,0.60693650118346,False
2020-04-15,0.047637077429018904,0.1051947545422176,0.03871279641679419,0.5690356344810408,True
2020-04-16,0.0185019187327935,0.16975487343517215,0.036380281411812904,0.6453978876657755,True
2020-04-17,0.03033819393609405,0.19880930655219653,0.03657640946117949,0.7442883207970505,False
2020-04-20,0.021512652121888243,0.23072592463067898,0.0350517131406323,0.5419277214613865,False
2020-04-21,-0.037880145536021925,0.2246696064837208,0.03533033705513345,0.7232530682433003,True
2020-04-22,0.004824505482496022,0.14785093261737559,0.03012160502055192,0.5545408868277598,False
2020-04-23,-7.149360820901673e-05,0.13084010620079156,0.030108978180689767,0.6632107740042167,True
2020-04-24,-0.012804140130716735,0.08334550269930552,0.027622154646701202,0.5699204667249251,True
2020-04-27,0.019389308357341983,0.13270435485334775,0.026490616013153768,0.5488293431205361,False
2020-04-28,0.0464767369463317,0.09203169712904335,0.02587316084061241,0.7593742084216382,True
2020-04-29,0.0505551040413863,0.13757491523348842,0.02586333947103394,0.8807679364559685,False
2020-04-30,0.040848787005432596,0.18009407058126436,0.02319569535455304,0.9346998014303751,False
2020-05-01,-0.0006357601374041844,0.12294012588062708,0.024189220389501564,0.9714127385516491,True
2020-05-04,-0.012122842484794227,0.14255243107033344,0.023721547962073868,0.6411919689027461,True
2020-05-05,0.001609517552443096,0.0805329993604802,0.019060665971323953,0.6592101894786375,False
2020-05-06,-0.03055786120285775,0.07211607749480153,0.019205175972220954,0.6441192363183295,True
2020-05-07,-0.009639780948756838,0.04981223213107966,0.018007444268191713,0.6816840795635687,True
2020-05-08,0.03412431562284879,0.05118626930717163,0.018058872712737404,0.7301233268034948,True
2020-05-11,0.03149102693591832,0.061090001098767166,0.017857771552256176,0.7723921170624656,False
2020-05-12,0.0016775258865713294,0.01014827813415331,0.01743085505664443,0.9489175432475435,False
2020-05-13,-0.009323081300617875,0.013824992474629427,0.017212136491518964,1.4163479981293623,True
2020-05-14,-0.009420298909748603,0.021031642629748326,0.017372782300990663,1.1995305052359404,True
2020-05-15,-0.021064271899534637,-0.0012562846163367558,0.01630908041189628,1.1124518584569825,True
2020-05-18,0.008547150543960269,0.04762216586932322,0.017090198525917612,1.1864685231319574,False
2020-05-19,0.018487946023599156,0.06933022970336022,0.015582770131830117,0.9583039094083555,True
2020-05-20,0.054438905617001376,0.06388380231510493,0.015294367209514801,0.8674956444215254,False
2020-05-21,0.034775710449870934,0.056614284561685047,0.015447116775472948,0.8017338050721653,True
2020-05-22,0.03199678459096367,0.04406870491013848,0.01522611418131339,0.6620898778142718,True
2020-05-26,0.013830422190053815,0.0419093216020241,0.015145010279941496,0.9155785057870445,True
2020-05-27,0.03959343978830909,0.062296611591042605,0.015312622597527453,1.0791389200868644,False
2020-05-28,0.020341654696855338,0.03328702614785661,0.014344886154323793,0.9445390031946358,True
2020-05-29,0.03201300123946571,0.047644665177770884,0.014115384024933545,1.2467234993866663,True
2020-06-01,0.03422015278905932,0.08048382405888543,0.012368413797799401,0.6057265061442486,True
2020-06-02,0.030092202567427062,0.08643332807099813,0.012401984439070996,0.8097020506829141,True
2020-06-03,0.02849797721306646,0.09081423156951596,0.012521362860426825,1.0021226779573034,False
2020-06-04,0.027692322227584665,0.09537341212246475,0.012359144620047535,0.8195795365281311,True
2020-06-05,0.04935590092661335,0.11005277709129913,0.013135917517308492,1.5640013702767765,True
2020-06-08,0.0577644667701811,0.10518375667541568,0.012972093054804573,0.7662755194257148,False
2020-06-09,0.04125562010914385,0.09671803165194914,0.01323450298417462,0.8070664249192352,False
2020-06-10,0.021846351598936886,0.11277782918704382,0.012174778673490495,0.9900297548331803,False
2020-06-11,-0.034525927531000034,0.06750708441310915,0.018036267841828164,2.1096583010233187,True
2020-06-12,-0.04737905011972676,0.06751584932145094,0.018036474952649872,1.8934192852768652,True
2020-06-15,-0.049969115326604086,0.07255121244615359,0.018083683135082337,1.304969033550675,True
2020-06-16,-0.024408606345440842,0.06088116194501447,0.017369027678748927,1.3114037887804,False
2020-06-17,-0.023009590642200983,0.06743852110012338,0.017173818931580365,0.7991678195980382,True
2020-06-18,0.03715813015543068,0.050012139821146606,0.01688181661030266,0.7764112050531802,False
2020-06-19,0.019027164235443372,0.051269021610000465,0.016848722336793673,1.2671939349516723,True
2020-06-22,0.016078629808103928,0.05600752116030461,0.01686850866561484,0.6943944522413935,True
2020-06-23,0.0014801124447283431,0.047957688091568196,0.016728564129202633,0.6430496793894263,False
2020-06-24,-0.019995499597537547,0.006253516561324668,0.017569700725948396,1.231137721664533,True
2020-06-25,-0.00987070329868589,0.018921237551390968,0.017707012376336744,0.8296995107473388,False
2020-06-26,-0.027831751555964068,-0.009692356438710359,0.018529090907541138,1.1818113305968525,True
2020-06-29,-0.019831483227749414,0.0008172079461981063,0.01881215430126343,0.7286825330869111,True
2020-06-30,-0.011825098727446859,0.005313390768932891,0.018941220310211268,1.0176102203622015,True
2020-07-01,0.02114505539604572,-0.0009403755019600224,0.018767448007293703,0.655623495258884,True
2020-07-02,0.015877186607860416,0.007206941018171431,0.018792816346564604,0.6298213233194114,True
2020-07-06,0.056657142450082354,-0.0028019627393049973,0.01820539310306826,0.5840744783024628,False
2020-07-07,0.03061178509154794,-0.024873644714828114,0.018112786794711982,0.7812538280589513,True
2020-07-08,0.02536025711994827,-0.010033293518347142,0.018148651405141075,0.520455600827759,False
2020-07-09,0.012430723430303825,-0.010146039276996754,0.018150388578322223,0.7984124892049725,True
2020-07-10,0.017167035784611206,0.061134346153075336,0.012263250885002004,0.5944352161012634,False
2020-07-13,-0.006970186349296581,0.03949779945348775,0.012339960403067072,1.1167317693721615,True
2020-07-14,0.01638108450427711,0.04322922391535622,0.01247895731334906,1.0391911092721817,True
2020-07-15,0.017932732235695026,0.03293194354280882,0.011946700712973768,0.9953557144015774,False
2020-07-16,0.020389183265796307,0.03382414490484287,0.011926087686027705,0.6339325106321295,True
2020-07-17,0.013004291948493174,0.036422138276958504,0.011924388653731945,0.7362601642035778,True
2020-07-20,0.030110277307874744,0.05080355464258535,0.01186210670226846,0.6926068272857481,True
2020-07-21,0.019095385070661663,0.04632658976773607,0.011827231202575396,0.7123065344248483,True
2020-07-22,0.015566118551380903,0.04746032556827151,0.011840723571494547,0.7233332286165254,False
2020-07-23,0.00676444370709528,0.06205368415007362,0.010466660803646095,0.9830453938453945,False
2020-07-24,-0.002611246829932301,0.04402100584015489,0.010509532877279291,0.9673142979432576,True
2020-07-27,-0.003391694996355832,0.07722048231905076,0.008590871430317611,0.6681767621064233,False
2020-07-28,-0.011815041047474328,0.05488411479024857,0.008468541683526447,0.8079467276506365,True
2020-07-29,-0.005323062464167139,0.05435245064898453,0.008437209434980957,0.7134552625022749,False
2020-07-30,0.0030966143894732845,0.04328219506250108,0.00848331045357263,0.9179914554646889,True
2020-07-31,0.01757702489652524,0.04576793637791332,0.008549780873296196,1.2466849532413196,True
2020-08-03,0.01723272296031042,0.037028834080675255,0.008058647190158141,0.7835713948809121,True
2020-08-04,0.027679922903818488,0.05188320320226869,0.007539114607714741,0.6381282784302902,True
2020-08-05,0.021499357200511104,0.05038238328631617,0.007494755714297621,0.6559614243179842,True
2020-08-06,0.03200997464807642,0.06345807842462237,0.007291996426895752,0.6921367949205208,True
2020-08-07,0.024653826960622238,0.05346524260470242,0.007111960144099809,0.9082723864641687,True
2020-08-10,0.02062109096846476,0.06584262169742772,0.00659701420978888,0.7360700609722346,False
2020-08-11,0.008301859286361513,0.04352177122446044,0.0066528718497372375,1.1805325457586944,True
2020-08-12,0.016048919164299846,0.04843851803772359,0.006993693949188474,0.938696130852995,False
2020-08-13,0.007477515169374449,0.0500014307373835,0.006937797835969963,0.7382010540912457,True
2020-08-14,0.006784462642567934,0.04699698374261674,0.0069579974235030925,0.8458960027456485,True
2020-08-17,0.006973304845229178,0.04190307664971149,0.006829567145910006,0.6471229965035733,True
2020-08-18,0.017548289835099817,0.041937594135527334,0.006829584165457998,0.7186129661608744,False
2020-08-19,-0.000622228035969008,0.03172617819545698,0.006910219170556487,1.250674803545449,True
2020-08-20,0.004305242055249403,0.04743661503590513,0.006136892921084749,0.8003379001364779,True
2020-08-21,0.007837945098770671,0.057965898718976394,0.00578102709139262,1.0637420801967397,True
2020-08-24,0.014826792257211174,0.060949574482504154,0.00592925568294228,0.9376571568177546,True
2020-08-25,0.016182244447536798,0.07145780088095188,0.0055083516676701335,0.7561461423048977,True
2020-08-26,0.03066155052864339,0.06905112847417749,0.005337371320592391,0.9961894286261231,True
2020-08-27,0.029709016739920546,0.07522536861762452,0.005093916938975914,1.142558733371265,True
2020-08-28,0.03269693539563967,0.0736859369159597,0.005040385200623698,0.9921527496515696,False
2020-08-31,0.01863379426667655,0.06241085858471318,0.005218774566946929,1.331993397585496,True
2020-09-01,0.02464228842958205,0.0682907669814774,0.0054090099217761044,1.092192933059977,True
2020-09-02,0.029145104458227378,0.07705279257339992,0.005930634336384197,1.3472586222178524,False
2020-09-03,-0.008440371231729138,0.03308116543377859,0.010337671250025975,2.6043386083071116,False
2020-09-04,-0.02284795886904234,0.023911078244920336,0.010569398055326633,2.2840624631205855,False
2020-09-08,-0.04609087275645418,-0.007032655062069848,0.01233119851976046,1.7764716709653758,True
2020-09-09,-0.036329920439749586,0.021003620026198044,0.012952122768632189,1.3957928570959846,False
2020-09-10,-0.06656418511603246,-0.01052042657974328,0.013210168297952804,1.3444216694893938,True
2020-09-11,-0.03280341133448961,-0.008223445210924885,0.013207746655594883,1.2182432795008609,True
2020-09-14,-0.011997407126841386,0.004809706262505431,0.013549014866851517,0.9315371846635444,True
2020-09-15,0.020887673410463492,0.0066881789900623545,0.013576231582405804,0.7422353780223803,False
2020-09-16,-0.002854780220835851,0.0005312664338841255,0.013604064290545349,1.1174471743985144,False
2020-09-17,0.0058405251877424735,-0.004121682799049453,0.013719659406548157,1.2261814600063157,False
2020-09-18,-0.00624555651370573,-0.01864262278444606,0.013926691675589799,1.3604715178392282,False
2020-09-21,-0.03008094252895399,-0.03299524692893352,0.01406889719319396,1.2424885176931377,True
2020-09-22,-0.0251281399337272,-0.03294632636183492,0.014071141216541358,0.7873486738514245,False
2020-09-23,-0.043942108329607765,-0.05866706649933784,0.014810416672747536,1.1147792640152405,True
2020-09-24,-0.03288801539141317,-0.06552654915392175,0.014561345823705139,0.9040496327566951,True
2020-09-25,-0.005806859724887925,-0.05249079426823444,0.015160875005747483,0.8314976836445762,True
2020-09-28,0.02208168329075111,-0.04293523889428408,0.015641726870927197,0.7486217323157378,False
2020-09-29,0.00626708707060053,-0.04468682593301043,0.015656530726071267,0.5998252341415884,True
2020-09-30,0.03796810782470805,-0.046424713432161924,0.015590264122743159,1.1828715015990416,True
2020-10-01,0.04185486256296311,-0.0539859690509793,0.015235899289758163,0.9971957253516333,False
2020-10-02,0.015544645963431414,-0.029571320811776935,0.013412189512587333,1.0396651861239943,True
2020-10-05,0.016667361312893147,-0.004232233754809078,0.01396491678032534,0.5619520578362011,False
2020-10-06,0.007702446802689611,0.009185671335301127,0.012887072325031888,1.1247813011219059,True
2020-10-07,0.01752772546516601,0.006868754132053567,0.01271284079147136,0.7269706207428875,True
2020-10-08,0.019997540005754377,0.03374219093883424,0.012120828223045806,0.5941962422973163,True
2020-10-09,0.03897086288592533,0.04244280221931529,0.01222201401705982,0.794953840713571,True
2020-10-12,0.03729093273087458,0.04544348616342053,0.012376827592126643,1.0630273664238676,False
2020-10-13,0.04538220326622966,0.03339943079225871,0.01251125203891731,0.9558519583251129,False
2020-10-14,0.021041331508607763,0.030997885745354337,0.012577160792858758,0.7654133544893696,False
2020-10-15,0.010821162737579826,0.03886098963913498,0.012359947995876154,0.8171654609880348,False
2020-10-16,0.0012684820837134403,0.050324986296901075,0.011967635854177677,1.2253236856543313,False
2020-10-19,-0.029566248554695695,0.04599825767616794,0.012243759012302489,0.95710560933103,True
2020-10-20,-0.019278195361140393,0.03960058361973551,0.012112184805835917,0.8420748713387466,False
2020-10-21,-0.014945440533093435,0.062267439035306404,0.010624493173713837,0.9103295665091506,True
2020-10-22,-0.008316998023805922,0.06525490453750504,0.010637426334645374,0.8055356410767007,True
2020-10-23,-0.004348052115419998,0.05186615774574066,0.010193326389567749,0.7261539634531511,False
2020-10-26,-0.00766050282074382,0.015560108396416084,0.010660691692759126,1.3252848138816098,False
2020-10-27,-0.015027262000105401,0.017600840205534984,0.010608041607288387,0.9460720129818418,False
2020-10-28,-0.04688824328903962,-0.024575439954868106,0.01305646305444495,1.7924196148014806,True
2020-10-29,-0.04245363888470122,-0.02094716437677635,0.013196954115866395,1.2759968961221315,False
2020-10-30,-0.05564229711852664,-0.021866825436153037,0.013230166436626561,1.6581216598433661,True
2020-11-02,-0.027077865968789028,-0.028137475937009215,0.012817386661992503,1.1543173925886585,True
2020-11-03,-0.006474869710190845,0.0032842636792582702,0.013111184149730287,1.2485783656766016,True
2020-11-04,0.0516744655584227,0.008158379575418984,0.01349269408549859,1.6231448006219003,True
2020-11-05,0.06139751253962733,0.01879093195606707,0.014038767393530004,1.0247506798335035,False
2020-11-06,0.07233422919368637,0.009542924891301263,0.013916182421473083,0.9275344030419239,True
2020-11-09,0.07377330702164908,0.006043727468190152,0.013730498255110317,2.0169945500332975,False
2020-11-10,0.053596340643722984,0.011167614615202881,0.013642660796593773,0.9943162585154862,True
2020-11-11,0.03821974634372416,0.025120046384985883,0.013620714266211644,0.6812752063056144,False
2020-11-12,0.008480182687784277,0.016431494565418703,0.013834477430131897,0.7813640607721434,True
2020-11-13,0.02267547662313163,0.031126825979929773,0.014125616790618164,0.7388995938837842,True
2020-11-16,0.022591430165938675,0.06011532734612679,0.0137405778024487,0.8726237990405377,False
2020-11-17,0.01858553347651193,0.050206795948898764,0.013864563921939027,0.7712007592672175,False
2020-11-18,-0.0010932672449859293,0.03953563421935158,0.014216397531013591,0.8201083756919428,True
2020-11-19,0.01293841111474725,0.03821735480023758,0.014202973130619315,0.6945429430879039,False
2020-11-20,-0.007735402325717677,0.027618785164815973,0.014333085590718896,0.8060004813067277,True
2020-11-23,-0.014093896374267278,0.05324253922036304,0.01356518204269803,0.7356312585288876,True
2020-11-24,0.007209345789944477,0.07391611877480941,0.013802852517374729,0.7276675644193354,False
2020-11-25,0.017907184023608025,0.11020641878548254,0.010666409826390747,0.5549332284616456,True
2020-11-27,0.01646280014007684,0.10209736308235273,0.010616636046874656,0.3628535428393527,False
2020-11-30,0.018939964291629252,0.10877673265790544,0.0102381810324018,1.0926300133470614,True
2020-12-01,0.023946736482113762,0.10847952064808153,0.010230020327048539,0.9745443011501717,True
2020-12-02,0.00982917485491952,0.09153940350701073,0.00981710489444226,0.6223001243462069,False
2020-12-03,0.01111213954100898,0.06738655752595246,0.008905309197802773,0.8907035420558266,True
2020-12-04,0.01699320897876011,0.05599035295111032,0.008165036187276606,0.7351474393605378,False
2020-12-07,0.019416757935362572,0.05406089939905212,0.008210305990191367,0.7226149453288097,True
2020-12-08,0.011338102202260947,0.04402630183812195,0.007874765662576779,0.6933204615582953,False
2020-12-09,0.0001635058534554812,0.03618229721806654,0.008228638151383926,1.2213888053274213,False
2020-12-10,0.00010936370217828895,0.02820553609285681,0.00813215146464121,0.9523903785401797,False
2020-12-11,-0.009598445757693086,0.037060028329231276,0.007731920352354258,0.9595772036842671,False
2020-12-14,-0.01200248639987378,0.01831868622498356,0.0073098100298836476,1.145103042597624,True
2020-12-15,-0.001566808483699056,0.01936167448816306,0.007399174855167004,1.0659922285500638,True
2020-12-16,0.009049923573284824,0.02648195311325896,0.007246205866588233,0.9814105598166885,True
2020-12-17,0.015024479490203024,0.04479603035928048,0.006575712017167979,1.083035905741022,False
2020-12-18,0.01215851099824694,0.03626155605486914,0.006699313639502878,2.1661843441957225,False
2020-12-21,0.013075595191115008,0.03967612223554351,0.006514291646981569,1.4982693300887078,False
2020-12-22,-0.002122690226989188,0.03173910951879666,0.006490724513449163,0.7542952662698157,True
2020-12-23,-0.002791044796081721,0.016290208463998646,0.005516654179139613,0.7361925846938409,True
2020-12-24,-0.004478327911210167,0.02181918691604179,0.0055278395722230195,0.42802737327742113,True
2020-12-28,0.008099110118110042,0.027734957309367037,0.005768496095959879,0.6256291819974322,False
2020-12-29,0.009785951136984439,0.030335818357943856,0.005661407771537054,0.8824925579428317,True
2020-12-30,0.012934169120767613,0.020642735031636494,0.005209267715172856,0.8299335436277584,True
2020-12-31,0.017166892304467885,0.02367487369465282,0.005283422354419906,1.2826165274577868,False
2021-01-04,-0.000569234238775862,0.010014114668426721,0.006233756532434096,1.73326678786288,True
2021-01-05,-0.0022570132062383896,0.008281409241566173,0.006126493699730192,1.0319529105517669,True
2021-01-06,0.005626687667871,0.016398041463785207,0.006217646212641932,1.604194344559764,True
2021-01-07,0.01911349528526185,0.0284896642088317,0.006957529268541085,1.0018841747893552,True
2021-01-08,0.019738929283934503,0.043710466865606756,0.0065658777651796734,1.0461317155800025,False
2021-01-11,0.026844641725811025,0.03701417000586993,0.006844552353958368,0.7485136888903035,True
2021-01-12,0.020035922355102986,0.03845077066347202,0.006819432730452173,0.7736267560844616,True
2021-01-13,0.01670458303737976,0.04593031128283509,0.006652376435311327,0.6789272483107219,False
2021-01-14,-0.001688387991300333,0.028364424715583647,0.006211475106546158,0.7570160401245412,False
2021-01-15,-0.014583214084489593,0.019265538461126885,0.00650904684811611,1.5650335632956107,True
2021-01-19,-0.00010570901588546899,0.021556198111877478,0.006612219906166525,0.7553518643332127,True
2021-01-20,0.013517399433630395,0.0398449581624023,0.0070769488445820705,0.9648058474916157,True
2021-01-21,0.01171702465561486,0.044527681400286845,0.006961775975500721,0.7758136072784267,False
2021-01-22,0.011679089092361039,0.042587875545449405,0.007028310573660799,0.8538281376191246,True
2021-01-25,0.023129987601499424,0.04575990045648837,0.007033644435843696,1.115367023748246,False
2021-01-26,0.013574542022387392,0.04008118023072904,0.007072779098461741,0.6673710785479209,False
2021-01-27,-0.024694422139768912,0.00601873131978925,0.009034861058778477,1.8100489765390544,True
2021-01-28,-0.017202714347079873,0.0166104696878282,0.009201323844601667,1.342353982037317,False
2021-01-29,-0.03345696187613001,-0.005161358496273971,0.01031466026660581,1.7121324950308487,True
2021-02-01,-0.021228365307540242,0.006285335287180782,0.010932393985680255,1.0258909682338542,True
2021-02-02,-0.005836502568643431,0.03459967330818814,0.010824821474292515,0.8999465134572658,True
2021-02-03,0.019871277750906913,0.02833056461717942,0.010758426446444782,0.7392825249072179,True
2021-02-04,0.022667560433714984,0.03383746841292257,0.010943541026314384,0.694566290920741,True
2021-02-05,0.04766632444990737,0.022711354316044208,0.010517810402882796,0.7278425287450003,True
2021-02-08,0.037955609972826876,0.024261680122533713,0.010557752097090905,0.5883963747978715,False
2021-02-09,0.022801713983245264,0.030526212190801205,0.010401918728753309,0.5517889087031802,False
2021-02-10,0.021552901304428662,0.02985987920824873,0.010407324467943105,0.91345252577474,True
2021-02-11,0.011704119172865068,0.028752739781980452,0.010403741940664554,0.6638853489635808,True
2021-02-12,0.012715910014708509,0.03746770788790732,0.010362568386297833,0.7823322883072147,False
2021-02-16,0.004583634668612335,0.04418408147301145,0.010160443495049444,0.8239900595622842,True
2021-02-17,0.005483696418833617,0.03628684995318965,0.010080456016900649,0.8445775480946588,False
2021-02-18,0.001640694826212652,0.017791668460981347,0.009752855112975361,0.9661146836478721,False
2021-02-19,-0.0017405061827042712,0.015068605401288515,0.009771446816838744,1.309290122874238,False
2021-02-22,-0.014287610813547347,0.010839093218244722,0.009911452327961158,1.0483527029089625,True
2021-02-23,-0.01223561842745391,0.008090717682894155,0.009881534014702063,1.6218554508542005,True
2021-02-24,-0.0015799430406369108,0.02079278125125783,0.010143753770197102,1.0709145913608178,False
2021-02-25,-0.02147326451173326,0.021153145592904377,0.01009834384059189,2.131733625334449,False
2021-02-26,-0.02479281180191162,0.007229278053922705,0.010028440064293476,2.1288812901805576,True
2021-03-01,0.006588340393624215,0.05271964632075532,0.010165834655115521,1.4909730355127357,False
2021-03-02,-0.00247747058141512,0.027403295051970922,0.00985592751450034,1.1234873752296068,False
2021-03-03,-0.026418571874993413,-0.0003405915042490326,0.00989485110624453,1.6291550073070074,False
2021-03-04,-0.01472541865147492,-0.013487035113354806,0.01027232036263656,2.2880102949424423,True
2021-03-05,0.008597073466120486,-0.006628799564406096,0.010810611861928757,1.7799843835344924,False
2021-03-08,-0.020175409217449758,-0.015449315690681087,0.010811548105006372,1.381522202799017,True
2021-03-09,0.0016299577562903789,-0.008553054548720018,0.011192788305000938,1.223133925477305,True
2021-03-10,0.02139357313894097,-0.0017168712114991047,0.011288838969669217,1.1374269750300814,True
2021-03-11,0.04467752711957784,0.008844400826641285,0.01151401881423644,0.8802702795665737,True
2021-03-12,0.02718757298135399,0.0085740812039381,0.011512811182095087,0.6526539454519695,True
2021-03-15,0.03848355690514582,0.009601692324639366,0.01153589381673091,0.7327749407959538,False
2021-03-16,0.022574043877482408,0.009202098573435569,0.011538770858967406,0.7274638536386835,True
2021-03-17,0.019713690569542086,0.012411217721226775,0.011556441572389803,0.9453227804345736,False
2021-03-18,-0.005209323348358441,0.0019451179633629412,0.012008258429678608,1.0840362041783789,False
2021-03-19,-0.008385426705540655,0.0018605015660773105,0.012008986940566206,1.0527978231056527,True
2021-03-22,-0.006392898573891248,0.017687737427665162,0.011981026618234183,0.6815924511603135,False
2021-03-23,-0.012968305692662607,0.008453509598735476,0.012141441519062181,0.8442671769636476,False
2021-03-24,-0.021323189723754465,-0.007608697019968247,0.011938734868800012,0.8980079654145569,True
2021-03-25,-0.0012864202031188654,0.022615079619556333,0.010597093277452637,1.0838430815599185,True
2021-03-26,0.0166889429823045,0.04447599103016264,0.01098886824299541,1.0872228313078924,False
2021-03-29,0.00812558488248527,0.01924193272574537,0.009698154508127093,1.025995142952075,False
2021-03-30,0.013427340133491228,0.02453260727515527,0.009518871145685675,0.7249129352494905,True
2021-03-31,0.02273439284472234,0.04249391719841533,0.008897538860397023,1.0752814425002677,True
2021-04-01,0.027995903842173764,0.0669554791693967,0.008405842122020436,0.9903514085421483,True
2021-04-05,0.026213443401982284,0.06271902973329979,0.00806480220910704,0.939043898925738,False
2021-04-06,0.02612570959003535,0.06740569822484854,0.007891949114512914,0.6557522992195384,True
2021-04-07,0.030045885454833554,0.05359827595617772,0.007464880335703073,0.6089678973363033,True
2021-04-08,0.03075717197311989,0.0520509528841977,0.007434788670710984,0.6495032340968909,True
2021-04-09,0.027158492725446015,0.049062847949393085,0.007307576024896542,0.6957047846995635,True
2021-04-12,0.012993496762085721,0.048033966065794464,0.007318480938307497,0.6485467831456685,True
2021-04-13,0.016595837872305008,0.044908398328810994,0.007271628112850693,0.6530894598364303,False
2021-04-14,0.011953324347123484,0.04265533069602889,0.007341562031255877,0.7170852704271218,True
2021-04-15,0.01799170155359109,0.05027435598073193,0.007588490203728826,0.7161656958227414,True
2021-04-16,0.014022319065496003,0.06934369902183213,0.006443017104319144,0.9951782487925607,False
2021-04-19,0.008672608894847667,0.06606254408897949,0.006608092130743187,0.9729794116101345,False
2021-04-20,-0.0016711089923929778,0.04987398038007407,0.006907323031469414,1.0094923493632506,True
2021-04-21,0.011228609622475183,0.06821585006459263,0.006624636192346552,0.8360886677333339,False
2021-04-22,-0.008656394346923557,0.06386782240095457,0.006949134078420732,1.2215077840409168,True
2021-04-23,-0.001246336947017035,0.06938661700974769,0.007143197262033281,0.9417040128014489,True
2021-04-26,0.005780154822814243,0.054623990991194527,0.006485807924136084,0.6992160578074207,False
2021-04-27,0.012980185022238633,0.05492961873337565,0.006478634606071075,0.7146309690367579,False
2021-04-28,0.003196598441335352,0.057432007947171515,0.006396887364868351,0.7263964807858406,True
2021-04-29,0.018895191188304183,0.0598742116115385,0.006441371234808382,1.1411515905073706,False
2021-04-30,0.0013439504660277546,0.04166156270642429,0.006495463709694413,1.2555125105354523,True
2021-05-03,0.0014126911896594763,0.02913663410076439,0.005818096325097328,1.01770063528332,False
2021-05-04,-0.004550710330575414,0.02339209494997485,0.006050317265318722,1.474005275828993,True
2021-05-05,-0.00395303541525116,0.02252914811213058,0.006053386555924078,0.8701735141509758,True
2021-05-06,-0.002356506150725135,0.02582513152812216,0.006196799247306715,1.062324938380025,True
2021-05-07,0.011550295999198656,0.02583298444120219,0.006197190863128503,0.9635986976711896,False
2021-05-10,-0.0006216503846383503,0.015304514988298656,0.006684351372317778,1.1439901780456343,False
2021-05-11,-0.0033926150975194247,0.003270013000071126,0.0070011255378101935,1.5675616341945369,False
2021-05-12,-0.02487079072616505,-0.014679812133309267,0.008465871239543454,1.723389861362809,True
2021-05-13,-0.020975205939693153,-0.013441625699405213,0.008560497675966608,1.3211307281666178,True
2021-05-14,-0.013124179224661914,-0.001629698415507308,0.00924853641979293,1.020621301677803,False
2021-05-17,-0.005790447184772729,0.000746365982689845,0.009197894800563152,0.8154168129418616,False
2021-05-18,-0.005480369686702735,-0.0005581012223306869,0.00925704037829534,0.7592998367402901,False
2021-05-19,0.013442993272564152,-0.012522162623245237,0.008998571835669133,1.3184142612050773,True
2021-05-20,0.012186754770923347,0.007300913206125248,0.009103420072031755,0.9780174770881548,False
2021-05-21,-0.003936832642266408,-0.004319161391259541,0.00876684348969287,0.9579000892495843,True
2021-05-24,0.008784467172445298,0.0037356421696910225,0.009059708806549594,0.6429798033429213,False
2021-05-25,0.015293530577717096,0.001724326912673435,0.009075901408018887,0.7162490955160035,True
2021-05-26,0.019982766644790706,0.0040009885727860794,0.009084679969387938,0.5399305661065839,True
2021-05-27,0.009656159167833245,-0.001832985424318867,0.008970266808554717,0.7204441856392283,True
2021-05-28,0.012290920028847685,0.006565897463352899,0.008844502653824119,0.7564483218105268,False
2021-06-01,0.0011929071727685425,0.0035153483255310203,0.008838187768063555,0.7071772557949584,True
2021-06-02,0.0049971646181947715,0.011332389026695422,0.008712614400122052,0.6631024045229766,False
2021-06-03,-0.0007159619091692271,0.007263912024938701,0.00876589026794463,0.7862934351054807,True
2021-06-04,0.007894420418377734,0.008423320393540656,0.0088224005689153,0.7660624061188801,False
2021-06-07,0.005118471200079133,0.00016576538207280223,0.008678360486458326,0.713936891468506,True
2021-06-08,0.0062188473170687875,0.010384162760515236,0.008356978045071847,0.668795891274748,False
2021-06-09,0.0031403533930218774,0.01796188297894208,0.008073936749703357,0.7223500839438197,True
2021-06-10,0.011557547858276784,0.04489272109164566,0.006188211997087923,0.8115919021039468,True
2021-06-11,0.0040462511984185046,0.034196131298209975,0.005742597460391725,0.7617596355385974,True
2021-06-14,0.007271828326563812,0.02083643951732883,0.004766899151971655,0.7324542591103738,False
2021-06-15,0.005209934957074003,0.021563508069522896,0.004741340402787371,0.9012879817070482,False
2021-06-16,0.0010910291038985775,0.024688179054745962,0.004454877571126079,1.3817107385137253,False
2021-06-17,-0.0038714219583910747,0.027040995276893298,0.00437947022401501,1.5844121206272064,False
2021-06-18,-0.01893073586990779,0.0024020100209176665,0.004954822730873348,1.99672384404542,True
2021-06-21,-0.007109097105304052,0.01758527707524693,0.005872731908455623,1.2291115220977025,True
2021-06-22,3.364788705551014e-05,0.012701835493693192,0.005560142905933648,0.9687133245489231,False
2021-06-23,0.004436191506077103,0.013730375554935836,0.005537232647488585,0.8357408543147888,True
2021-06-24,0.010713367425649212,0.017707452288748593,0.00565390106318639,0.7611671985183746,True
2021-06-25,0.02817412591611479,0.020786929403053822,0.0056839659541520595,0.9796711020493049,True
2021-06-28,0.01570580256460241,0.021018019701473767,0.005685754734069348,0.8999774834638897,True
2021-06-29,0.010848223115644817,0.0224681413749781,0.005669145556254255,0.6185238703992983,True
2021-06-30,0.012920030606050403,0.02172208955782229,0.005668477168359175,1.0998603965071727,True
2021-07-01,0.012538113221923775,0.031205887688436462,0.005633259784626506,0.91029960714255,True
2021-07-02,0.016666065840864164,0.02967077756734393,0.0055358581866549236,0.9813370152797033,False
2021-07-06,0.012773069318426256,0.028793702704367874,0.005558885810391146,1.151839411956798,True
2021-07-07,0.015805499341462914,0.03220960696521891,0.00557005319012702,1.0508649074834737,False
2021-07-08,0.006681512098202891,0.02532884314865891,0.005950435327482923,1.5508172263270845,True
2021-07-09,0.011825367258420538,0.03147890917184104,0.006274348147161368,1.1876579139676837,True
2021-07-12,0.007746987355887303,0.03346596117794398,0.006290504120850104,0.8192529143799104,False
2021-07-13,0.006144247496739252,0.027642029417782377,0.006389423175396229,0.8129447867182436,True
2021-07-14,0.004097096566570757,0.03106687803096264,0.006344382362838896,0.9758561189547951,False
2021-07-15,0.008887693362682692,0.033314275554374495,0.006233665244626902,0.8552817758006941,False
2021-07-16,-0.009597753824065802,0.02554936284964393,0.006576755853134943,1.1911194180626694,False
2021-07-19,-0.02770655288214119,0.02422144756889577,0.006732138612131185,2.2709281922368407,True
2021-07-20,-0.010399859913951426,0.024236090093379348,0.006733623996060977,1.4977511148568514,True
2021-07-21,-0.003874170591796733,0.02703779140231255,0.006849409358594432,0.968111046395273,True
2021-07-22,0.001633164206267912,0.03043065970286052,0.006824129043983839,0.7169797673741074,True
2021-07-23,0.019938217475455433,0.03490962204465076,0.007038950926478804,0.9417486266971985,True
2021-07-26,0.03776729578352822,0.033777737773749816,0.007028354703278946,0.6526195159346494,False
2021-07-27,0.018442868511579613,0.02699614297166475,0.0071644958464613965,0.9954933524326606,False
2021-07-28,0.00984925520262614,0.026022824193975502,0.00717333237985331,0.7657152138114872,True
2021-07-29,0.011918443590690053,0.029411757975376762,0.00720001524916167,0.7011074501156004,False
2021-07-30,-0.0032506540941260598,0.018772010035548403,0.0072662040710213425,1.007569646217694,False
2021-08-02,-0.007777417215155014,0.008922842478249926,0.007119298411203282,0.8583074289579853,True
2021-08-03,0.004874709094979446,0.018986860605241462,0.007296682613002709,0.8543036943466995,False
2021-08-04,0.00034190010742873866,0.01040368670299574,0.0073843988071083735,0.6963130892279565,True
2021-08-05,0.002519166248374116,0.02515542893080802,0.007194845005647087,0.6071701787870526,True
2021-08-06,0.009076085880070472,0.016003853586215477,0.006848502036420699,0.748281129842322,False
2021-08-09,0.010375162051279974,0.011554083769441892,0.006825568630120662,0.6634497338965057,True
2021-08-10,0.0034681526449020783,0.01627660757885918,0.006760844818301497,0.7029310785543844,True
2021-08-11,0.010934311936759533,0.017283845644241458,0.006769604720913109,0.7260358004735837,True
2021-08-12,0.007583077808332783,0.023829777198699498,0.00670706362813997,0.6502297438655242,True
2021-08-13,0.007751728050409579,0.033801814475593384,0.006360420766652402,0.6802966843156956,True
2021-08-16,0.010946876615965495,0.051768315981339574,0.0050461955730937025,1.3578386317243878,False
2021-08-17,0.0030722460204337665,0.030111878575030948,0.004620730944118143,1.717449793532935,False
2021-08-18,-0.010365386534047505,0.01065475429685292,0.005123230986707031,1.618941521035238,True
2021-08-19,-0.01179480908387942,0.01010423436209007,0.00511597890052016,1.6158607923919674,True
2021-08-20,-0.0057409028232732195,0.007773648549355361,0.00490376817810441,1.2447410642062722,True
2021-08-23,0.0006487741084122423,0.014149010388867955,0.005237390963526565,0.9411084358140268,True
2021-08-24,0.008850620185364422,0.02040972517145634,0.005089915505268492,0.6799652126085779,True
2021-08-25,0.022154866524345396,0.022970181102142995,0.00508364559005812,0.7188248005437072,False
2021-08-26,0.014550138766992626,0.01273121132645949,0.00526510660071314,1.016283940766211,True
2021-08-27,0.015540344232190417,0.026772480122188025,0.0054081702800098455,1.3475032533869857,True
2021-08-30,0.011112315686306662,0.033456174185482856,0.005386105708984617,0.8514242094433058,False
2021-08-31,0.008013763745833291,0.023597308523475302,0.005203833542767663,1.0429487667656088,True
2021-09-01,0.006437810383648657,0.02920398420344017,0.005006622104362262,0.8553966480721561,True
2021-09-02,0.015529060557614383,0.025873629413418975,0.004891161485649009,0.7438797421545944,False
2021-09-03,0.006285431790207241,0.023932885703980222,0.004902105392605292,0.8254345953698458,False
2021-09-07,-0.001702672832447738,0.021102433218572747,0.0049995892598733264,0.8960059012942981,False
2021-09-08,-0.0014391734286776092,0.018591543519649756,0.00502498295388038,0.9634898900007177,False
2021-09-09,-0.0062416088902527145,0.011717658990422875,0.005141408792674193,0.9824219372271116,False
2021-09-10,-0.017101114256622862,0.0007413477578999128,0.00544091210223572,1.4611568175091514,True
2021-09-13,-0.014346333771955821,0.0014800021410679154,0.005456054953759614,1.3130730334995244,False
2021-09-14,-0.016147796025388184,-0.006264421362310202,0.005560868339753763,1.2219089206565739,True
2021-09-15,-0.006719908515569917,0.008647887075378113,0.005676149435816835,1.2447077897433034,False
2021-09-16,-0.004031358094166104,0.01819302710909887,0.005037481052034809,1.2401523161054218,False
2021-09-17,-0.005895014929957254,0.006715985421578585,0.0055673070556419135,1.850270791055798,False
2021-09-20,-0.024966386874733515,-0.017885108888534562,0.006450204401166165,2.4218714362551514,False
2021-09-21,-0.020601933038847386,-0.02736831346696822,0.0060353526883513905,1.3105004217912843,True
2021-09-22,-0.019240252292741955,-0.01943734041443579,0.006504030833974916,1.3871601545648637,True
2021-09-23,-0.005747782770671339,-0.009601472413914514,0.007112749999441153,1.010833620842787,True
2021-09-24,0.005686564616382395,-0.002079145981422559,0.007008148268358965,0.8192954564151423,False
2021-09-27,0.019814127495175526,-0.01375199275208605,0.006698562576517651,0.8183109561899474,False
2021-09-28,0.00020761261257873365,-0.03785800840708253,0.007868101838731613,1.6489794153643376,True
2021-09-29,-0.007787643510482889,-0.034808430057964634,0.007908640155971805,1.025874774524664,False
2021-09-30,-0.03168003593339275,-0.047111846604605656,0.008223750542487305,1.6560919008070423,True
2021-10-01,-0.02178369341318631,-0.03874493601591078,0.008750176082318085,1.4492234230610583,False
2021-10-04,-0.03162867518704071,-0.05091114389508977,0.009072707977938204,1.3787839076604063,True
2021-10-05,-0.0014297232346385247,-0.03759494422520615,0.009518771993764401,0.9525533724533319,True
2021-10-06,0.0010356542556968495,-0.03241630455648736,0.00961355774224219,1.1528968148874708,True
2021-10-07,0.02218387206797079,-0.01985541858148232,0.009855496411193584,0.7334309655034574,False
2021-10-08,0.008336161573036849,-0.013867799049042118,0.009723533559248492,0.7608230236994024,False
2021-10-11,0.014114654421270245,-0.023505973444808537,0.009799725683827212,0.672020132181311,False
2021-10-12,0.001200757157874488,-0.020624574868407186,0.009754547847131671,0.7359537864380417,True
2021-10-13,0.0006438451754045005,-0.025243052953305867,0.00957090933052759,0.7567660059888778,True
2021-10-14,0.008753744778678962,-0.007273446844181297,0.010385575462046728,0.7312429181690546,True
2021-10-15,0.018293595780819683,0.01012681749186961,0.010280994690527926,0.709097410865863,True
2021-10-18,0.028756031522390924,0.030296910836013824,0.009453404959514888,0.7051140523668444,True
2021-10-19,0.03925102506406031,0.0392269995473955,0.009531792899736276,0.5467609276884451,True
2021-10-20,0.039592877190707254,0.0332299847244264,0.009368954084993272,0.5949828850421426,True
2021-10-21,0.02506228204960359,0.023489340426007033,0.009044942393925627,0.5064326934724578,False
2021-10-22,0.01626036913337381,0.020747306898132978,0.009057860990705194,0.7229217019202756,True
2021-10-25,0.018694408948674912,0.029165682577489083,0.009056860960360407,0.5610354435253542,True
2021-10-26,0.011805345950856028,0.05127717539759402,0.007500351832032914,0.729450176365323,False
2021-10-27,0.003381753867369275,0.04486112014278598,0.007659571815578979,0.9484076974757767,True
2021-10-28,0.010427993629800847,0.06799644655162984,0.007023298658182657,0.7151588443206367,True
2021-10-29,0.013528375591459696,0.05759467807236773,0.006730265836594929,1.017270165665392,True
2021-11-01,0.009856347660652576,0.07325513541629092,0.005638241050787254,0.7455402328982004,True
2021-11-02,0.013027592773138474,0.06649758270404682,0.005406195435511007,0.7778581656228882,True
2021-11-03,0.023747868163334518,0.06856767761011384,0.00544107210713226,0.8773624422949456,True
2021-11-04,0.01874222204673548,0.06440054752270319,0.005308497624226878,0.89769015131453,True
2021-11-05,0.02020703132004109,0.07004545505227511,0.005178409225128339,1.1356245750426561,True
2021-11-08,0.019324461024426087,0.07876876414356104,0.0045851977044254226,0.8732657436472356,False
2021-11-09,0.011863965239378826,0.07785622937055292,0.004649359801349265,0.9018024730450641,False
2021-11-10,-0.002367261253123032,0.0653521768913694,0.005347932558672217,1.2279417649240978,True
2021-11-11,-0.006725089168043263,0.0480678405432422,0.0043043490811378645,0.6362453445740908,True
2021-11-12,-0.0026893064968150915,0.04799615678601965,0.004299944492872992,0.9877017355675946,True
2021-11-15,-0.003198830716215517,0.04526042378952555,0.004320357398935846,0.8802659881433293,True
2021-11-16,0.004065229750662702,0.04136338235934578,0.004147287245210521,0.913842039202762,False
2021-11-17,0.009749511787273901,0.03476934490407402,0.004237360322106797,0.8965893735210481,True
2021-11-18,0.01285136717806945,0.03558287508838531,0.004249715053433656,0.9402241802178063,False
2021-11-19,0.0034670135677015157,0.03480329020139128,0.004278968403467925,1.0659856134830379,False
2021-11-22,0.00029941443588410444,0.026385715544204658,0.004303289176290986,1.3194649459208327,True
2021-11-23,-0.0023226887343250624,0.026822623067325857,0.004302197763610923,1.3072204122557103,True
2021-11-24,0.0027771331203716443,0.03414581052957022,0.004089258050155152,1.115121693215166,False
2021-11-26,-0.022906687416808347,0.0014183180333187106,0.006402632595833333,1.924848304689859,True
2021-11-29,-0.009149380038708244,0.011649507134601222,0.006951465825558283,1.4538151128264356,False
2021-11-30,-0.025686106421108912,-0.009738498805106466,0.008261724661778625,2.308765772859325,False
2021-12-01,-0.03778385598880474,-0.024680756970688167,0.008518021137114277,1.926191834774543,True
2021-12-02,-0.025647775842151277,-0.01575153225887216,0.009159449796966831,1.7665193826735979,False
2021-12-03,-0.012092382054598727,-0.02889193779797905,0.009228992453216015,1.795699315594564,True
2021-12-06,-0.01250531195186011,-0.020788444116741744,0.009643325102119875,1.2671973931280907,True
2021-12-07,0.027921861683213534,-0.001386227071934698,0.010795298562515168,1.1881913924325342,True
2021-12-08,0.04221958998512054,0.004578536734562544,0.010781829149775293,0.8872816127421849,False
2021-12-09,0.019567143457209557,0.005888599814255491,0.010733004949041372,0.7563770545653449,True
2021-12-10,0.03819855400791905,0.015029147488594186,0.010922682565328037,0.9282541084162946,False
2021-12-13,0.016957616352206717,-0.0014980725037279097,0.011005256627979064,1.0340446134755128,False
2021-12-14,-0.010506704440249481,-0.00870738958309325,0.011110823541135448,1.1134902193921727,True
2021-12-15,0.002300566875150567,0.0028129717127043374,0.01164399430514711,1.2881075938804936,False
2021-12-16,0.00021447242923078313,-0.0036099810486944772,0.011806586239165561,1.2376128404962572,False
2021-12-17,-0.019659185562447723,-0.017551307750884648,0.012002581336192381,1.3766948660077518,False
2021-12-20,-0.02141494687700496,-0.02625691871192881,0.0122015843184924,1.061544424926915,True
2021-12-21,0.0028638028871936783,-0.006166091162504439,0.012910201203380229,0.6926895646060036,True
2021-12-22,-0.0026922775269417887,0.0024414804186250194,0.013109327628314564,0.5885493412347321,True
2021-12-23,0.012441408655417874,0.005992738604027714,0.013168429505457942,0.5655905941102807,True
2021-12-27,0.037815025592209395,0.04350321669276336,0.012361558085770271,0.5856803350945243,False
2021-12-28,0.04811213092367894,0.03001594321139911,0.012145322883154145,0.4973854558422401,True
2021-12-29,0.031140530437410607,0.051799046158631956,0.011097484110921336,0.6032871807146899,False
2021-12-30,0.018110332053036693,0.06067231863121747,0.01070554881227577,0.6395464998182641,False
2021-12-31,0.009264790735154182,0.042039034380850326,0.010363330363320905,0.7822901353227606,True
2022-01-03,0.0009429219285108648,0.05727209688950907,0.010069959290194521,0.906543096638054,False
2022-01-04,0.001425911695903892,0.04454704159533396,0.009862734047341917,0.9036300553759639,False
2022-01-05,-0.01905842138543823,0.0037274769452328993,0.00996628202595504,1.319561646954976,False
2022-01-06,-0.017263217319984592,0.00013635504997200343,0.009952810226140285,1.0863683806014626,False
2022-01-07,-0.0186751774653674,0.002953829034276545,0.009871449686068763,1.0488776936215731,False
2022-01-10,-0.02553851566590104,-0.007635935435797436,0.009632315483488703,1.4336828877752354,True
2022-01-11,-0.01633344401551795,0.010352815543503091,0.009633775135767754,0.899722865436015,True
2022-01-12,0.00563640922591202,0.020102814527495294,0.009481411882635328,0.8335900589748685,False
2022-01-13,-0.00728703475616288,-0.009430544606792712,0.009379635423215604,1.1423026833803618,True
2022-01-14,-0.00293935390579525,-0.00020863490322375888,0.00916998614320206,1.2171784420922225,False
2022-01-18,-0.0193766685975566,-0.0073499535818760675,0.009722373676470952,1.4157625045690687,False
2022-01-19,-0.038318281104617546,-0.007099250860371109,0.009708578695787902,1.4092053825971558,False
2022-01-20,-0.05152637234416513,-0.03522231604000392,0.008998488030140245,1.5253421106571232,False
2022-01-21,-0.05715470471166584,-0.0635249987257136,0.00939239078566501,2.314314862688556,True
2022-01-24,-0.05353767535706522,-0.06536333710004638,0.009297631000273985,2.591242552981717,False
2022-01-25,-0.04823768007368778,-0.08965770608807477,0.008524841105792736,1.6353813829085102,False
2022-01-26,-0.040664051811945545,-0.09119897239138419,0.008493133138608385,1.699369466443167,False
2022-01-27,-0.03471740998923134,-0.09684172615885378,0.008374349885687301,1.309538111722133,True
2022-01-28,0.009064401430262548,-0.07184559780499711,0.010716657912490534,1.3715333853900447,True
2022-01-31,0.022894717805545195,-0.05274124855640383,0.01176437751098785,1.2252806430213685,True
2022-02-01,0.042534582639635055,-0.05183072615756923,0.01180276196051386,0.9713892465654831,True
2022-02-02,0.05530943863364035,-0.04229929436202062,0.012113683267625887,0.9091277750151027,False
2022-02-03,0.03561828482654339,-0.04650058385405165,0.012466659916630278,0.9095161495903322,True
2022-02-04,0.015273128958223747,-0.041116359252324486,0.012562617077279632,0.9018506590022233,False
2022-02-07,-0.005890146242240157,-0.04040004161301225,0.012557697514561024,0.6432894654476241,True
2022-02-08,-0.004437548020568061,-0.031299089462538676,0.012764023725890195,0.6260757634210761,True
2022-02-09,0.00041557244998613463,-0.025992401756831374,0.0130624540961036,0.7105311746177332,False
2022-02-10,0.006090377860951346,-0.04607015112062274,0.013543253086208892,1.04605167545465,False
2022-02-11,-0.018364020992987395,-0.05181586783451497,0.013870151467233367,1.1180461801016814,False
2022-02-14,-0.018423218207829217,-0.05530215975207042,0.013853013611782084,0.8888150736472025,True
2022-02-15,-0.010733059644843612,-0.022760569528643138,0.013995226841987058,0.6442965403758738,True
2022-02-16,-0.02391044206693027,-0.01139989737493352,0.013827147113305427,0.6235039405599513,False
2022-02-17,-0.027285620023487334,-0.021689950634566246,0.014420739133313213,0.7569055657622826,False
2022-02-18,-0.014144259175804863,-0.008561876773341415,0.013813289569803443,1.0077707347391391,False
2022-02-22,-0.021525307440276698,-0.023349472312957253,0.013956875631872114,0.9931440598525307,False
2022-02-23,-0.0541357923981175,-0.028816564610722017,0.014240649258194462,1.0736839044879862,True
2022-02-24,-0.04097624119354615,-0.011721609967140334,0.014700182971659606,1.7135015952432353,True
2022-02-25,0.001578722671322863,0.015096034839930939,0.015488654301239288,0.986643183590381,False
2022-02-28,0.005526733734198874,-0.012037748696098305,0.014432437319290095,1.1885839941735998,False
2022-03-01,0.0009545836967856935,-0.04429771183541209,0.014097894772158868,1.131358125858818,True
2022-03-02,0.037776856576219764,-0.03324867153537647,0.014712552387257969,0.9688099828002931,False
2022-03-03,0.017300773935559288,-0.047316043770132876,0.014483635861099449,0.8724654666366312,False
2022-03-04,-0.012747166442229507,-0.03231098618847661,0.013686025531341283,0.9441430110155347,False
2022-03-07,-0.03939255054341084,-0.06523291977770673,0.01494065008446723,1.1331473578197806,False
2022-03-08,-0.03193172595035443,-0.06933317166954223,0.014971809268964876,1.3107529860964773,True
2022-03-09,-0.023933045158002653,-0.05217997787303508,0.016257973711651368,0.9175218655988278,False
2022-03-10,-0.02347886596119375,-0.07007043578914729,0.015748437633805085,0.7365987672809046,False
2022-03-11,-0.027998045731679855,-0.06509829211508378,0.015537082469516057,0.7629350170247031,False
2022-03-14,-0.005793589176515734,-0.05326267205094448,0.015085827655532173,0.7815976747662678,True
2022-03-15,0.023832001593288243,-0.029269539234276665,0.016055295679177434,0.8732286080402659,True
2022-03-16,0.019208950973215178,-0.02349243560426606,0.016453984376000368,1.1646406246541394,True
2022-03-17,0.03664116434797959,-0.012382359415375466,0.016728260710471746,0.8190969590226956,True
2022-03-18,0.061491945213010046,0.020228191249406002,0.01615708419575882,0.8469823930116814,False
2022-03-21,0.06899431420713986,0.026576991659145843,0.016062880167268263,0.716291003547047,True
2022-03-22,0.05823150192561588,0.04985602721488447,0.01595143922230009,0.6176786288683572,False
2022-03-23,0.02194273226380683,0.05505082062993738,0.015660345681367073,0.6719705567180981,True
2022-03-24,0.024529951969576747,0.05507694108825323,0.01566138125030858,0.5845926366336255,True
2022-03-25,0.018379208374142086,0.037341503216520966,0.015006671422575082,0.7105893165296693,True
2022-03-28,0.02592321093945249,0.04740046010344523,0.015009854852676991,0.6548534693001542,True
2022-03-29,0.02660211166819937,0.07675656022858601,0.01456335131436605,0.8480995572091915,False
2022-03-30,0.0335736429155471,0.050777643796329874,0.014301736311116297,0.7951910578997875,False
2022-03-31,0.0025527763012325178,0.03978129536589203,0.014773021085455163,1.2049999717809963,True
2022-04-01,0.000508188404404919,0.05126937382361163,0.014577476245204403,0.8927260642430573,True
2022-04-04,0.001952014651598999,0.09248059833527678,0.012505589976815465,0.6219157773211573,False
2022-04-05,-0.022792578831941857,0.08692179018027035,0.012809760442376208,0.8128053379706026,False
2022-04-06,-0.026553384107570355,0.04795673732703931,0.012018203161845315,1.1772652069112597,True
2022-04-07,-0.006354629763332453,0.05801485926462924,0.011917766592499412,0.8676676607057835,False
2022-04-08,-0.011812181017642476,0.06877520679853433,0.011427141319766333,0.8888068916683106,False
2022-04-11,-0.036952601631333515,0.05824161516277804,0.012099041932223836,1.0098818702408583,False
2022-04-12,-0.028246496474107485,0.03163415093748001,0.011303720480411306,0.9608686538008473,True
2022-04-13,-0.007188906442332721,0.020814302497354387,0.010503551549608319,0.8791208269506819,False
2022-04-14,-0.024466914389719818,-0.004353159244711136,0.010557119325551671,1.1649090281387016,True
2022-04-18,-0.02144915265563363,-0.014734978489653217,0.010230950491637752,0.8049324391523089,True
2022-04-19,0.011638372784248618,0.0014626002663704618,0.010902724793746934,0.9551973168407826,False
2022-04-20,0.014647938028919283,-0.010853993531459105,0.01055720028292546,0.8052412458915806,False
2022-04-21,-0.011842506508280337,-0.012933630594195611,0.010694653843102715,1.050651244163778,False
2022-04-22,-0.02683928746836195,-0.05427421900490892,0.011602499916374529,1.5642679621798752,True
2022-04-25,-0.021599638786669262,-0.05341385113743846,0.011635792181359393,1.3782161635092258,False
2022-04-26,-0.06502785467458605,-0.08731996132849329,0.01277830970056157,1.1739483687040193,True
2022-04-27,-0.06170331308624677,-0.09593754951931155,0.012284084572968635,1.350498897732605,True
2022-04-28,-0.02339882743467181,-0.06734253493316333,0.014009916433416616,1.1505842279033842,False
2022-04-29,-0.032954681630288585,-0.08776903262193148,0.015709212262668422,1.5671524992979697,True
2022-05-02,-0.03274133375226107,-0.08487140190470643,0.01580297260996011,1.6439331843249276,True
2022-05-03,0.0006729315087823373,-0.08848508065075533,0.01565665419934183,1.0173488924168512,True
2022-05-04,0.02825508779333319,-0.04871085272918296,0.01735182585674634,1.4166383130278066,False
2022-05-05,-0.032724697552684034,-0.07325525932902144,0.018822223145894396,1.644975478865099,False
2022-05-06,-0.0016018349018408484,-0.08340565833960034,0.01871611310516988,1.3948327220499126,False
2022-05-09,-0.03935052785856952,-0.11037376922223907,0.01971547779065695,1.3814527308726066,True
2022-05-10,-0.04152456730326459,-0.09281240132861301,0.019599572883859884,1.1545457496242746,False
2022-05-11,-0.08462685071240228,-0.10390388152873897,0.01975649307426524,1.2099231186628692,False
2022-05-12,-0.051883688400328754,-0.11497583878646989,0.019393562508136744,1.040583105468941,True
2022-05-13,-0.02338708415937274,-0.08239106816968234,0.020424696110307762,0.8643208775825857,False
2022-05-16,0.004821945716000142,-0.08649002492200708,0.020397280480411326,0.6489221078297838,True
2022-05-17,0.023127632669701192,-0.08250939744264019,0.020653425374642185,0.6838285212457469,False
2022-05-18,-0.002266092396735586,-0.11884167073035867,0.022156151100389286,0.9486712077044925,False
2022-05-19,-0.0073407260885782755,-0.11094390615816385,0.022057597115359616,0.7900064849680701,True
2022-05-20,-0.030095480446260092,-0.08546138504726108,0.021480108264479353,1.054459985004503,True
2022-05-23,-0.007922959846729083,-0.07372042350640584,0.021985665756855986,0.623884508510587,False
2022-05-24,-0.03533989291479045,-0.053376523206890125,0.02119330042384621,0.7504718515200065,True
2022-05-25,0.01406145118869584,-0.0476906648309281,0.021315559512272438,0.7602012562162267,True
2022-05-26,0.04069754892177335,-0.0525932963148551,0.02098754302894515,0.6895443999373129,True
2022-05-27,0.0657801793930961,0.007912566858223391,0.020160858460245883,0.7299651231145059,False
2022-05-31,0.040335379813720706,-0.0037396937849267786,0.020163695881589082,0.8489377946465516,False
2022-06-01,0.039858941271498693,-0.01630707160565459,0.020211350682183736,0.7707740766641836,True
2022-06-02,0.05038092185619747,-0.027199019735657193,0.019434006961168745,0.7296654681034638,False
2022-06-03,0.012903582475040976,-0.00790225720063742,0.018078027850450654,0.6907569477250713,True
2022-06-06,-0.008356324951806715,0.0010937087692663994,0.018040018454229544,0.5789190706797099,True
2022-06-07,0.0068050136931061544,0.04412681246244787,0.01645768135219551,0.62707036852778,False
2022-06-08,0.00397948235074197,0.030394189930085025,0.01671875533203771,0.7062475137974809,False
2022-06-09,-0.038213529484400044,0.022126137357997733,0.017239370867744325,0.9771037971650562,False
2022-06-10,-0.05051890954372518,-0.00647416867764572,0.018519488051070603,1.4982070294726295,False
2022-06-13,-0.08934155113571896,-0.06651404132731886,0.01943289194774885,1.8480102150712086,False
2022-06-14,-0.10071207407225358,-0.06553530246015182,0.01943202405168744,1.1152531034428408,True
2022-06-15,-0.07786587330111738,-0.07131660200841783,0.01907345256214699,1.317333720775795,False
2022-06-16,-0.08666293750677068,-0.0643340106234851,0.018397107141707815,1.3973465925770057,True
2022-06-17,-0.057361673099189936,-0.05653878225489628,0.01841997273924025,1.1471016697377823,True
2022-06-21,0.004507096609981831,-0.0332107427399968,0.01944663256595477,0.8159855703410551,False
2022-06-22,0.005716777409427998,-0.05268765814048415,0.018856210247696986,0.9498321593416815,True
2022-06-23,0.0013003258062234124,-0.036042869244862996,0.019010399763350873,0.8416680125320188,True
2022-06-24,0.06849845150046918,-0.014105447358706114,0.02032526429613448,1.0371615265976641,False
2022-06-27,0.062127589177526144,-0.03711103218767775,0.019750829152362512,0.7042585012443291,False
2022-06-28,0.014877420611911996,-0.0793855931510542,0.019156250736900835,0.9225168711880409,False
2022-06-29,0.01589230658368157,-0.07494511991010899,0.019164412332677235,0.711509364913215,False
2022-06-30,-0.002142453257578114,-0.07497848075045499,0.019164843910098525,1.2019949935527074,True
2022-07-01,-0.022662105810304922,-0.08266412125157696,0.018724136666672286,0.8016007658724068,True
2022-07-05,-0.017061751314564666,-0.06559675365419859,0.018538988960061883,0.867829672948374,True
2022-07-06,0.006830362844260529,-0.06528669459588798,0.01854505915291436,0.7453544334101059,True
2022-07-07,0.02274278796526019,-0.06030145438628853,0.018778257305077782,0.6810154793899517,False
2022-07-08,0.03027183747014517,-0.05075388781330348,0.018688981516923005,0.7608653214320151,False
2022-07-11,0.00784285974138843,-0.0387363061100634,0.018142258292721824,0.6225418848843239,False
2022-07-12,-0.0029583913579470655,-0.018791500724597232,0.017082029616621634,0.6896230294935124,False
2022-07-13,-0.011533070139678192,0.014577081500391609,0.014742565404591408,0.9801190531743149,False
2022-07-14,-0.028483734434201935,0.01517255538644302,0.014735121432181735,1.0526548012102652,True
2022-07-15,-0.009108278186617635,0.02002527321763692,0.015004595773665195,0.9538293896680989,False
2022-07-18,-0.005933943362597005,0.046228877393176715,0.012906601782150513,0.796779027751733,True
2022-07-19,0.030039684274036027,0.0721860802366745,0.01403588341385511,1.0104580204156128,True
2022-07-20,0.0420770942728288,0.05252371095615915,0.013113092130469128,0.9276742258949326,True
2022-07-21,0.05525103329467673,0.06517253376576626,0.013172726503938298,0.8518992010479437,False
2022-07-22,0.02586150615208971,0.045045763121770444,0.013362289816070768,0.9520620166324334,True
2022-07-25,0.03565907625042275,0.014073938231681682,0.011416436937635582,0.7285738311424201,False
2022-07-26,-0.0035179230728447086,0.005918896160082676,0.01172205355904695,0.7257061072835145,True
2022-07-27,0.015882575578099578,0.05356615156387301,0.011978969317156918,1.1318794217637513,True
2022-07-28,0.01825545413277796,0.06765031595411464,0.012145078048535572,1.0109885303498438,True
2022-07-29,0.042775147049524564,0.09208749572556418,0.012077174443125166,1.2102771249823683,False
2022-08-01,0.038425602939831105,0.07745780348246134,0.012097048271768995,0.9770004484592223,False
2022-08-02,0.04392543716239006,0.06833193725873876,0.012314703747112707,0.8966745154934936,True
2022-08-03,0.033437931564034074,0.08140880988356392,0.012616986248592808,0.9604290312667723,False
2022-08-04,0.01994725647823814,0.06473203570760555,0.012383277409533149,0.65531304185137,False
2022-08-05,0.0035922495867193316,0.06380714945292842,0.012399674869853102,0.8246917035273468,False
2022-08-08,0.00540461402522352,0.07485114030248541,0.011968812997558727,0.7847309346022361,False
2022-08-09,0.008062455290655413,0.08014079493155823,0.011747663262101539,0.6626729915751134,True
2022-08-10,0.01336725029116237,0.10865041511019458,0.012128810069894573,1.024464634473208,False
2022-08-11,0.01405200739076129,0.11134902874091357,0.01205997002189137,0.9080292536783079,True
2022-08-12,0.032964973430979594,0.10897638932670883,0.011938675995962465,0.954330591489443,True
2022-08-15,0.03842702276946719,0.12281720323522394,0.011514809130070325,0.8420165286578162,True
2022-08-16,0.04460944779861875,0.09541923147694176,0.010402164550573181,0.9376976469544398,False
2022-08-17,0.01585751698767801,0.08075579445213243,0.010714026103063755,1.011926433890399,True
2022-08-18,0.01881003274312909,0.07297079522915295,0.010614116980970324,0.7904390528152797,False
2022-08-19,-0.011613307158805708,0.06846538183984818,0.010915846314922236,1.1003977515723486,False
2022-08-22,-0.03616567825238348,0.044947881348069485,0.012183755911466096,1.2329816676823075,False
2022-08-23,-0.04037717873268898,0.05490035166705409,0.011785672358485171,0.7816518773417227,True
2022-08-24,-0.030422896943441136,0.03149330196965194,0.010447988786178787,0.8040301402169981,True
2022-08-25,-0.01958442001280425,0.033097618327846634,0.010540299518577129,0.8488556878844902,False
2022-08-26,-0.03986823941275752,-0.016214040874439672,0.01275217274253198,1.6950338371255111,False
2022-08-29,-0.025934251388926022,-0.019816212713469228,0.012811643306362018,1.0789799711945418,False
2022-08-30,-0.03429114340714867,-0.024138529283373122,0.012950471760453832,1.3882841823186662,False
2022-08-31,-0.044697563945525265,-0.04649516526438269,0.012395038275171457,1.2241719115762149,True
2022-09-01,-0.05504038692991109,-0.04285685413818108,0.012450616086938348,1.2349214773493982,False
2022-09-02,-0.0322468621480243,-0.05134585354705867,0.012591387479878143,1.5118202642465912,False
2022-09-06,-0.029481233439794696,-0.05382693995099497,0.01258969914164415,1.1431653613320893,True
2022-09-07,-0.0010799606660829575,-0.03298890500624785,0.013401296423424015,1.0383799597505254,True
2022-09-08,0.013158855194343788,-0.046691249884538544,0.012476044240060926,1.17219428573832,True
2022-09-09,0.025679649493164813,-0.0318817583248151,0.013095854608933099,1.0987964820188534,True
2022-09-12,0.04775117757313718,-0.03776650261982717,0.01270419574927627,0.9867254402336353,False
2022-09-13,0.005988188236499825,-0.08338390511222882,0.015646150376977797,1.6697292672825639,True
2022-09-14,-0.00799434362250484,-0.08168504694729806,0.015690234272667452,1.1348645462895002,False
2022-09-15,-0.025625956116633652,-0.08562048674522282,0.01576124288271469,1.1512099923269132,False
2022-09-16,-0.0478507901930485,-0.09522581326686563,0.01568195472926601,1.3077464384027206,True
2022-09-19,-0.050670136487088846,-0.07578986913552022,0.015788369624662586,0.9265278001329382,False
2022-09-20,-0.018906503334945923,-0.06697025687741409,0.015391811411150728,0.9773179111460991,False
2022-09-21,-0.039685119389702206,-0.0810227779505841,0.015707626258501493,1.302575624855057,False
2022-09-22,-0.036816037656049905,-0.0916496688231987,0.015637971374421755,1.065592157317182,False
2022-09-23,-0.045673777572949326,-0.11930231485528231,0.015202770867279052,1.3976852215461464,False
2022-09-26,-0.062385660259652864,-0.09746484055289228,0.01378943793668189,1.0640283824570451,False
2022-09-27,-0.05391985735500726,-0.09377686904183435,0.013794688311350365,1.214655169996495,True
2022-09-28,-0.018177513091714115,-0.06568890260780835,0.014744746342084399,1.2255017876707677,False
2022-09-29,-0.030543742411037522,-0.0781914926550642,0.015240296308867486,1.224284187697208,False
2022-09-30,-0.029270392930497824,-0.09528480791893756,0.015352084356408157,1.601017827341715,True
2022-10-03,0.006313239990952679,-0.061503347305198575,0.01679022231254866,0.9397145327818577,True
2022-10-04,0.04015083474486136,-0.0287578369328072,0.01842875758878169,1.0695816866547945,False
2022-10-05,0.01770446239399326,-0.04811943334894564,0.017862419767181757,0.9012229989585336,False
2022-10-06,0.02869405146042925,-0.06405701018182552,0.017820546398312744,0.8419110947773872,False
2022-10-07,0.015706423250364532,-0.10408183270185245,0.018067712162722634,1.0849721649346522,False
2022-10-10,-0.01797536584094528,-0.12037623841489165,0.017670258932719753,0.7628153450446189,False
2022-10-11,-0.05352279011318728,-0.08621335382105011,0.015349980633330148,0.9421271503085352,False
2022-10-12,-0.05444327920615355,-0.09268958155269436,0.015231876945710297,0.7875414046683165,True
2022-10-13,-0.01937268691099403,-0.058050381091893755,0.016642583655073685,1.4616809104648787,False
2022-10-14,-0.014223164289938084,-0.0724401523229854,0.017207125266540495,1.215779339444605,True
2022-10-17,0.01888798940569103,-0.055925531976343534,0.01826613302068781,0.906566879135525,True
2022-10-18,0.037429519741642325,-0.03374220223233404,0.01841747434215093,0.9363767109554685,False
2022-10-19,0.03348666524889721,-0.023556504601109474,0.01808987147922557,0.7786660068660018,False
2022-10-20,-0.0015304560222774155,-0.02354270501722311,0.018089571540736923,0.8625161990886744,True
2022-10-21,0.04658455117105986,0.01723056964365366,0.018535931293853513,1.2748182286834295,True
2022-10-24,0.032849749365361,0.03996604611497334,0.018510884640066505,0.8340787417840532,True
2022-10-25,0.03715691999233872,0.05927702768341847,0.018726663523513487,0.7809636791266347,False
2022-10-26,0.03668915194021616,0.031009569102662393,0.01844139162805472,1.0344128846527665,False
2022-10-27,0.03987320624710011,0.047382767555072425,0.01775441822888311,0.8273670497432286,True
2022-10-28,0.03935440724765349,0.08914271085014369,0.017837512177071076,1.0404228368362711,False
2022-10-31,0.019373197818692622,0.05346275088322727,0.017231916200604703,0.9987857727397582,False
2022-11-01,-0.0010394595643232751,0.017329330226692807,0.015948341630341943,0.8911569051497451,False
2022-11-02,-0.018716177642879583,-0.00588722144744358,0.0169763496699013,1.2986662098833925,False
2022-11-03,-0.023606550626679046,-0.005868001496253661,0.016975747636431532,0.8885627315386767,True
2022-11-04,-0.03256911848942767,0.03737681354491795,0.015941288842062678,1.0582340453800103,True
2022-11-07,-0.016208614862901594,0.05535802548298241,0.01586035802664841,0.7009423067191383,True
2022-11-08,-0.006553516535507398,0.06781466588071217,0.015720449556485723,0.8723235004287614,False
2022-11-09,-0.0019741997528871513,0.049276240686895845,0.01656231498438901,0.8083596803325731,True
2022-11-10,0.06382578618591506,0.07847623736830611,0.01966776638475895,1.4610978380512016,True
2022-11-11,0.05888157625704715,0.1143081838677289,0.01865714498568347,0.9844735431895214,False
2022-11-14,0.039926357777423815,0.07714944037356974,0.018280819976190188,0.7628480729395789,True
2022-11-15,0.043167637818492866,0.07372084699510917,0.018221938610005546,0.9908171241802618,False
2022-11-16,0.05698582469544289,0.07313441952216415,0.018239257796749696,0.7327401868982951,False
2022-11-17,-0.0011400494817542794,0.07889792692249098,0.018091945295074095,0.8027016075786985,True
2022-11-18,-0.006223120112542002,0.058083371246071325,0.017450649996356878,1.0222365674721239,False
2022-11-21,-0.0013415934962780485,0.041491605483581884,0.01736775226827143,0.5745301807678166,True
2022-11-22,0.0035383965142727902,0.03891713618936077,0.01727159417094898,0.684587918380997,True
2022-11-23,0.017625291102902896,0.05340036018990113,0.01714411119896813,0.7893400197862298,False
2022-11-25,0.02052032058014519,0.05881875948110582,0.01705511136934732,0.3640343535715867,False
2022-11-28,-0.0003031140352404149,0.01771122915318779,0.016818856703342412,0.8249371604832574,False
2022-11-29,0.0016219393522578507,0.023355179374751067,0.016721773992777692,0.6532957716364728,True
2022-11-30,0.01945465892610998,0.06023098196100696,0.01796087602966016,1.7411615246910759,False
2022-12-01,0.012325710245538968,0.08672357936219721,0.01673365283600721,0.9490545101182588,False
2022-12-02,0.011383716088466445,0.09676283911521444,0.01643620477289152,1.0613258156601044,False
2022-12-05,0.009294914181947611,0.06175106389649199,0.01702133057632323,0.9771072002140059,False
2022-12-06,-0.0035421101267454347,0.036531075628928766,0.017385260432800937,0.9797361057185471,False
2022-12-07,-0.03561621362130929,0.029214543347968913,0.017383374133076567,0.8382522196018677,True
2022-12-08,-0.027345658272300066,0.05909727730765191,0.016619559903927758,0.781080732127113,False
2022-12-09,-0.03349617421502793,-0.0035723012655085595,0.011387802373656856,1.0894416744676416,True
2022-12-12,-0.0016015640765647543,0.001104018903970383,0.011648647206568658,1.0212156813618773,True
2022-12-13,0.020668768729896314,0.017336361176152115,0.011576546424687228,1.6194860348644307,False
2022-12-14,0.015871529833258347,0.002283539838360271,0.011541369867747,1.4007857573766143,False
2022-12-15,-0.016681616091488105,-0.014717322794617016,0.012696492290697263,1.4779948645705974,False
2022-12-16,-0.020977551229547475,-0.023361498144349513,0.01293178622323874,1.463342660782513,False
2022-12-19,-0.04307539659099191,-0.03601997022778969,0.012960481561128863,0.983057303401554,True
2022-12-20,-0.048965035469274776,-0.031177784249320162,0.012970517937667063,0.9030895548964845,True
2022-12-21,-0.02853384295215855,-0.029748595468682804,0.013065235203443049,0.9383740714910687,False
2022-12-22,-0.018381067163433573,-0.04957931117014458,0.013233191094252363,1.1793656219660644,True
2022-12-23,-0.00093940179732932,-0.043898464131524095,0.013353178325028883,0.6931180841750333,False
2022-12-27,0.0036314311159366675,-0.032225997269364925,0.012964305353699386,0.6036217280302935,False
2022-12-28,-0.01019636470868357,-0.042609078909400355,0.013190530224752894,0.820000749329073,True
2022-12-29,-0.007223597769159706,-0.055139245069812826,0.011634639778026269,0.8108095674001063,False
2022-12-30,0.0044914797857422695,-0.05693446834406035,0.011624930236553418,1.0125746621696128,False
